
SET NAMES 'utf8';

TRUNCATE TABLE visitas;
TRUNCATE TABLE publicidad;
TRUNCATE TABLE pariente;
TRUNCATE TABLE pago;
TRUNCATE TABLE inspecciones;
TRUNCATE TABLE inmueble_factura;
TRUNCATE TABLE entrevista;
TRUNCATE TABLE directores;
TRUNCATE TABLE contrato;
TRUNCATE TABLE administrativo;
DELETE FROM inmuebles;
DELETE FROM facturas;
DELETE FROM empleados;
DELETE FROM propietario;
DELETE FROM periodico;
DELETE FROM oficinas;
DELETE FROM clientes;

INSERT INTO clientes(id_cli, nombre_cli, direccion_cli, telefono_cli, inmueble_preferido_cli, importe_maximo_cli) VALUES
(1, 'Balduin ', 'Wurzerstraße 1, 93248, Dachsbergau', '568570827', 272, 108815),
(2, 'Wiglaf', 'Prinzregentenstraße 1, 46798, Abenberg', '271802467', 512, 222252),
(3, 'Dominik', 'Lissi-Kaeser-Straße 2, 66482, Kuhs', '903019996', 517, 84086),
(4, 'Polykarp', 'Dachauer Straße 15d, 98987, Abbau Ader', '161436750', 574, 86953),
(5, 'Chestine', 'Kanalstraße 28, 07734, Flatow', '513439121', 139, 432875),
(6, 'Berend', 'Weißenburger Platz 7a, 03911, Biersdorf am See', '694935234', 329, 22924),
(7, 'Jochem', 'Angertorstraße 7, 53730, Aftholderbach', '935930433', 517, 366085),
(8, 'Roho', 'Ohmstraße 2, 75926, Großlöbichau', '253506622', 572, 297563),
(9, 'Bernanda', 'Sammtstraße 1, 34094, Abbau Ader', '845678081', 2, 240961),
(10, 'Leni', 'Ackerstraße 25-25, 24176, Altenmedingen', '405648859', 78, 365754),
(11, 'Wigald', 'Lessingstraße 72c, 01657, Untereisesheim', '327864738', 69, 197331),
(12, 'Coelestina', 'Goethestraße 2, 49340, Preußisch Oldendorf', '300071801', 131, 455680),
(13, 'Lowis', 'Bazeillesstraße 2, 35252, Levitzow', '792786876', 555, 379506),
(14, 'Ailine ', 'Ebenauer Straße 1, 72060, Strande', '337066046', 108, 234191),
(15, 'Darine', 'Luitpoldstraße 6, 34925, Leutersdorf', '324945399', 564, 84375),
(16, 'Herward', 'Sandtnerstraße 1, 19554, Gohlis', '769472990', 510, 290566),
(17, 'Darvin', 'Pilgersheimer Straße 66e, 75062, Abentheuer', '356780897', 541, 59890),
(18, 'Salvina', 'Franzstraße 19, 43831, Lawalde-Lauba', '966607364', 184, 33495),
(19, 'Zilia', 'Bazeillesstraße 1a, 53351, Gaberndorf', '540813856', 234, 239338),
(20, 'Annalene', 'Dürnbräugasse 2, 21502, Westkinberg', '796191056', 379, 260787),
(21, 'Filibert', 'Kaiserstraße 3b, 09047, Döllen', '930253867', 415, 295952),
(22, 'Konstantine', 'Simeonistraße 116a, 34257, Ebrach', '285342223', 583, 195777),
(23, 'Basileo ', 'Tulbeckstraße 1, 27818, Abenberg', '267756120', 529, 451975),
(24, 'Zowie', 'Meindlstraße 26, 57710, Sörgenloch', '367754566', 43, 389763),
(25, 'Ablona ', 'Adelheidstraße 2e, 26568, Bechelsdorf', '940242754', 511, 38904),
(26, 'Lulu', 'Neufahrner Straße 8c, 39570, Eschenbergen', '455016722', 115, 463061),
(27, 'Lorina', 'Vilshofener Straße 14b, 56708, Güsten', '201253204', 125, 127320),
(28, 'Bringfred', 'Aberlestraße 7c, 09423, Marxheim', '546122604', 214, 445384),
(29, 'Binia', 'Steinsdorfstraße 2, 31614, Eggingen', '309673292', 495, 487744),
(30, 'Burga', 'Beethovenstraße 1, 02858, Ringenwalde', '852360928', 85, 133432),
(31, 'Bennit', 'Gabrielenstraße 1, 33609, Alken', '628525294', 94, 288272),
(32, 'Katjana', 'Am Bavariapark 24f, 76798, Andechs', '311583923', 369, 372280),
(33, 'Danuel', 'Gärtnerplatz 1, 45475, Gieshübel', '090524244', 443, 233099),
(34, 'Friederike', 'Fürstenfelder Straße 6c, 47673, Altstrimmig', '616602556', 138, 366504),
(35, 'Delphina', 'Adelheidstraße 12-15, 42286, Kratzenburg', '407771828', 26, 426108),
(36, 'Krimhilde', 'Marlene-Dietrich-Straße 5, 52500, Achterspannerhof', '857676574', 111, 137836),
(37, 'Gertraude', 'Alter Hof 3e, 89602, Alt Lanschvitz', '909328648', 149, 71608),
(38, 'Meridian', 'Rheinstraße 4, 71579, Hasbergen', '314995965', 554, 483471),
(39, 'Uli', 'Kaulbachstraße 1, 26391, Ruhethal', '110802276', 1, 267990),
(40, 'Bartholomäa', 'Wolfgangstraße 50d, 24485, Trinum', '230845326', 195, 131370),
(41, 'Cilia', 'Winkstraße 26d, 47574, Achtrup', '031294259', 16, 145310),
(42, 'Bertrade', 'Stubenvollstraße 41c, 79450, Aichen', '069296064', 305, 395068),
(43, 'Ortolf', 'Ländstraße 86, 55958, Abenberg', '429262683', 520, 424142),
(44, 'Aischa ', 'Nürnberger Straße 21, 14217, Schleiz', '407494710', 290, 221203),
(45, 'Gerwin', 'Herzog-Rudolf-Straße 18, 08036, Aarbergen', '845221742', 413, 473438),
(46, 'Algriet ', 'Frauenlobstraße 22-26, 64956, Altusried', '643445352', 170, 404127),
(47, 'Ablona ', 'Flemingstraße 3, 97525, Esperstedt', '603470947', 149, 256329),
(48, 'Golo', 'Konradstraße 89b, 26700, Elkenroth', '968894253', 18, 90657),
(49, 'Reesa', 'Böttingerstraße 6, 56301, Neu Königsaue', '232520605', 525, 254811),
(50, 'Berno', 'Ackerstraße 10c, 28951, Baek', '132123345', 139, 57382),
(51, 'Ruodlieb', 'Augustinerstraße 6, 61266, Mainz-Kastel', '574477783', 319, 118868),
(52, 'Raginmar', 'Ganghoferstraße 57, 97001, Aachen', '623634138', 254, 157611),
(53, 'Dietra', 'Wolfgangstraße 24, 37592, Spantekow', '047308666', 584, 322903),
(54, 'Maita', 'Zenettistraße 13, 64543, Ernst', '765650442', 38, 484818),
(55, 'Günther', 'Klenzestraße 58, 21604, Angern', '191635768', 359, 233514),
(56, 'Erkenbald', 'Adams-Lehmann-Straße 1, 16800, Ahausen', '002492606', 76, 127165),
(57, 'Bodo', 'Mariahilfplatz 2, 66273, Achberg', '183449756', 212, 116686),
(58, 'Berngar', 'Hornsteinstraße 1, 22882, Bad Nenndorf', '572717373', 144, 138551),
(59, 'Achime ', 'Siegenburger Straße 1, 97413, Abenberg', '685040771', 29, 90830),
(60, 'Colias', 'Richard-Strauss-Straße 21d, 33928, Aderstedt', '888661712', 225, 453741),
(61, 'Gottlob', 'Elisabethstraße 4, 06447, Tetenbüll', '120078463', 520, 211257),
(62, 'Yanika', 'Pfarrstraße 1, 84482, Daaden', '324826259', 1, 274485),
(63, 'Akelei ', 'Ringseisstraße 22f, 09713, Lierschied', '259421887', 45, 400395),
(64, 'Wolfgang', 'Geibelstraße 2, 94052, Wittbeck', '459745631', 472, 442449),
(65, 'Josua', 'Maria-Josepha-Straße 15, 01446, Aufkirchen', '617675845', 163, 170137),
(66, 'Hajo', 'Gärtnerplatz 23-25, 11480, Zerpenschleuse', '972563931', 1, 134405),
(67, 'Keanaja', 'Lueg ins Land 28e, 84206, Niederdorla', '256416799', 430, 200252),
(68, 'Bärbel', 'Goetheplatz 90, 47426, Schwanenmühle', '203809113', 494, 312371),
(69, 'Ysett', 'Jakob-Klar-Straße 9, 08085, Klingenberg', '542191502', 363, 446654),
(70, 'Saphier', 'Prinzregentenplatz 8, 91745, Köngernheim', '355212197', 72, 23363),
(71, 'Clea', 'Unsöldstraße 4, 81660, Algishofen', '597587323', 114, 241368),
(72, 'Florentine', 'Johannes-Timm-Straße 1, 51807, Lindberg', '928209125', 90, 210108),
(73, 'Zylvanio', 'Bavariaring 11-19, 61631, Dinnies', '609065231', 479, 156092),
(74, 'Barthel ', 'Brucknerstraße 10d, 59789, Hambergen', '595875570', 401, 252788),
(75, 'Liandro', 'Heimeranplatz 2, 81818, Zehlendorf', '318015643', 111, 97010),
(76, 'Wilfrieda', 'Adalbertstraße 22-25, 93559, Cavertitz', '085504312', 380, 29108),
(77, 'Lothar', 'Laplacestraße 1d, 66191, Admannshagen-Bargeshagen', '680720510', 352, 50275),
(78, 'Castigo', 'Karlsplatz 2, 21099, Feldatal', '927805533', 42, 195133),
(79, 'Achime ', 'Rimstinger Straße 42, 12013, Wörthsee', '484654771', 355, 60497),
(80, 'Thöger', 'Pötschnerstraße 2, 21909, Bad Urach', '046828524', 496, 141753),
(81, 'Wilderich', 'Akademiestraße 2d, 65662, Gingen', '382819105', 322, 379819),
(82, 'Ilvy', 'Rosental 2a, 37368, Blieskastel', '748004627', 266, 218401),
(83, 'Lyézel', 'Liebfrauenstraße 6f, 26867, Olfen', '239426108', 157, 262297),
(84, 'Camie', 'Haushoferstraße 1, 14407, Speinshart', '946948314', 380, 409322),
(85, 'Täve', 'Esebeckstraße 1, 52345, Laasdorf', '113107800', 403, 210637),
(86, 'Cecibel', 'Orffstraße 13-18, 01659, Neufraunhofen', '026402484', 292, 412964),
(87, 'Kora', 'Pötschnerstraße 25, 02534, Klietz', '370444016', 412, 308674),
(88, 'Ewaldina', 'Sankt-Pauls-Platz 12, 22587, Adelheidsdorf', '437567192', 580, 140085),
(89, 'Cordelius', 'Sederanger 2, 44394, Aholming', '187346990', 551, 389294),
(90, 'Wunibald', 'Roecklplatz 13-17, 91200, Achterwehr', '135882468', 259, 25637),
(91, 'Luisiana', 'Belgradstraße 98a, 77515, Abbau Ader', '082951135', 30, 485931),
(92, 'Boas', 'Amortstraße 2, 99514, Beckenkrug', '615478863', 562, 408260),
(93, 'Luisiana', 'Max-Joseph-Straße 8c, 74788, Mönchshof', '031838458', 191, 473026),
(94, 'Rigobert', 'Heimeranplatz 23-27, 15656, Agethorst', '877130221', 1, 419156),
(95, 'Kordt', 'Kellerstraße 5, 25983, Geslau', '787392201', 513, 159206),
(96, 'Jovanna', 'Löwengrube 141e, 52402, Anderbeck', '270836006', 17, 80279),
(97, 'Emerenz', 'Kufsteiner Straße 6e, 83977, Abbendorf', '912693865', 7, 61562),
(98, 'Nicki', 'Bergmannstraße 3, 53455, Rastede', '946737697', 600, 435439),
(99, 'Hubertina', 'Aberlestraße 3f, 06861, Abbenrode', '383339671', 131, 360616),
(100, 'Annelene', 'Ainmillerstraße 8, 75108, Wunder', '936558854', 422, 130047);

INSERT INTO oficinas(id_ofi, direccion_ofi, telefono_ofi, fax_ofi) VALUES
(1, '62 E Riddle Hill Hwy, Springfield, IL, 11646', '385214729', '495722754'),
(2, '461 Hazelwood Pkwy, 2nd Floor, Olympia, Washington, 82020', '523896989', '931068069'),
(3, '95 Rose Hill Highway, Keith Building, Columbia, South Carolina, 80251', '704164237', '998730202'),
(4, '482 East Lake Hwy, Columbus, OH, 07251', '473023749', '646839069'),
(5, '3499 1st Loop, Macy''s Bldg, Indianapolis, Indiana, 27955', '526894771', '102865978'),
(6, '3137 Ironwood Pkwy, Montpelier, Vermont, 75859', '072780464', '683785598');

INSERT INTO periodico(id_per, nombre_per, direccion_per, telefono_per, fax_per, nombre_pers_cont_per) VALUES
(1, NULL, NULL, NULL, NULL, 'Johnson Cantwell'),
(2, '8', 'O2GFA', -2130230666, -1160672423, NULL),
(3, '6C', '3', -445988800, -3, 'Beatriz Mahan'),
(4, '1DIRE', '5', -806069431, 651, 'Elias Alvarez'),
(5, 'BKHR', 'WZ6CATNPD5', -2066546044, -839501064, 'Adam Witt'),
(6, '9J2', 'AFT3IMI1', -1349670514, -1122010228, 'Jordan Pickering'),
(7, 'O7782GY3', 'D', -363863367, -5082, 'Burt Rockwell'),
(8, '35257Q', '12', -1621549777, 887, 'Albertina Ambrose'),
(9, 'I5', 'B', -819458344, -44212184, 'Demetrius Staten'),
(10, '7GD99', 'XN', 2, 322, 'Stephen Dunham');

INSERT INTO propietario(id_pro, nombre_pro, direccion_pro, telefono_pro, tipo_empresa_pro, persona_contrato_pro) VALUES
(1, NULL, 'Daiserstraße 36d, 15', NULL, 'Information Technolo', '12'),
(2, 'Justian Berg', 'Hans-Dürrmeier-Weg 5', 942489885, 'Operations', '27'),
(3, 'Botlef Zapf', 'Perfallstraße 13, 38', 942733916, 'Manufacturing', '35'),
(4, NULL, 'Pöppelstraße 6, 8324', NULL, NULL, '4'),
(5, 'Volkard stermann', 'Helmholtzstraße 2e, ', 942910132, 'Operations', '37'),
(6, 'Galatus Mauch', 'Artur-Kutscher-Platz', 942704812, NULL, '29'),
(7, 'Hugubert Singer', 'Sommerstraße 19b, 41', 942372909, 'Research and Develop', '21'),
(8, 'Meta Blücher', 'Sankt-Bonifatius-Str', 942283472, NULL, '31'),
(9, NULL, 'Vilshofener Straße 2', NULL, NULL, '34'),
(10, 'Burgmann einhold', 'Falkenstraße 2, 3402', 942322822, 'Human Resources', '2'),
(11, 'Dodo Brenner', 'Beetzstraße 2, 45444', 942919331, 'Marketing', '5'),
(12, 'Florin Meltzer', 'Linprunstraße 4, 061', 942726728, 'Executive', '35'),
(13, 'Chlodwig Zurbriggen', 'Dianastraße 29a, 368', 942586255, 'Research and Develop', '33'),
(14, NULL, 'Johann-Pez-Straße 3a', NULL, NULL, '25'),
(15, NULL, 'Brahmsstraße 7, 4220', NULL, 'Finance', '13'),
(16, 'Loreenja Angst', 'Anglerstraße 1a, 364', 942138005, 'Customer Support', '23'),
(17, 'Hanne Kraft', 'Reifenstuelstraße 24', 942208501, 'Sales', '10'),
(18, 'Clemens Bruner', 'Kardinal-Döpfner-Str', 942718034, 'Sales', '8'),
(19, 'Nastya Ebel', 'Sigmundstraße 86e, 7', 942518745, 'Finance', '24'),
(20, 'Jörne Krummacher', 'Thomas-Wimmer-Ring 1', 942337275, 'Research and Develop', '33'),
(21, NULL, 'Dürnbräugasse 5e, 78', NULL, 'Consulting', '32'),
(22, 'Selaria Milch', 'Adelheidstraße 14-16', 942949915, NULL, '21'),
(23, 'Balian  Lehmann', 'Bürkleinstraße 2, 31', 942390116, 'Information Technolo', '30'),
(24, NULL, 'Thiemestraße 5a, 444', NULL, 'Finance', '24'),
(25, 'Chlodomer Lavater', 'Edlingerstraße 1, 48', 942524944, 'Consulting', '15'),
(26, 'Konradine Lavater', 'Besselstraße 20, 680', 942386618, 'Finance', '25'),
(27, 'Bastian  Zapf', 'Osserstraße 25, 9893', 942915116, 'Sales', '24'),
(28, 'Ebbe orgenstern', 'Adamstraße 7d, 64566', 942426170, 'Consulting', '17'),
(29, 'Farine Mauer', 'Adalbert-Stifter-Str', 942638215, 'Finance', '27'),
(30, 'Annekläre Lohrer', 'Schornstraße 2, 8118', 942605470, 'Sales', '26'),
(31, 'Corbinian Jost', 'Hirtenstraße 14-19, ', 942191907, 'Executive', '8'),
(32, 'Degenhard Grünwald', 'Johann-Sebastian-Bac', 942223467, 'Finance', '7'),
(33, 'Daria Bohrmann', 'Farinellistraße 3, 7', 942497305, 'Sales', '24'),
(34, 'Hede Leitner', NULL, 942967724, NULL, '35'),
(35, 'Hypolit ogge', 'Kazmairstraße 5b, 27', 942488545, 'Facilities', '12'),
(36, 'Friedensreich Falk', 'Bereiteranger 4, 838', 942123044, 'Customer Support', '1'),
(37, 'Friedegund ozart', 'Hildeboldstraße 11-1', 942696241, 'Customer Support', '21'),
(38, 'Korinne chön', 'Ifflandstraße 8d, 88', 942623367, 'Information Technolo', '6'),
(39, 'Richarda Zeller', 'Paul-Heyse-Straße 88', 942433185, 'Customer Support', '23'),
(40, 'Kathrein Stumpf', 'Trausnitzstraße 2, 2', 942567877, 'Operations', '24'),
(41, 'Eusebia Appel', 'Baaderstraße 11b, 47', 942665595, NULL, '5'),
(42, 'Korona Lorenz', 'Radlsteg 1d, 79753, ', 942489443, 'Executive', '8'),
(43, NULL, 'Perusastraße 2, 5539', NULL, 'Consulting', '2'),
(44, 'Balintt  Zurbriggen', 'Regerstraße 1a, 8634', 942823070, 'Consulting', '17'),
(45, 'Zero Gruber', 'Johann-Schmaus-Straß', 942796496, 'Finance', '20'),
(46, 'Lysienne Angst', NULL, 942887329, 'Research and Develop', '2'),
(47, 'Aidana  Kruse', 'Isolde-Kurz-Straße 9', 942621135, 'Manufacturing', '27'),
(48, 'Curd aulig', 'Adalbertstraße 13-19', 942407132, 'Customer Support', '37'),
(49, 'Adlin  Lindenau', 'Lazarettstraße 2c, 4', 942973050, 'Information Technolo', '34'),
(50, 'Lowis Baur', 'Helene-Weber-Allee 1', 942893083, 'Research and Develop', '8'),
(51, 'Adine  Zeisel', 'Adi-Maislinger-Straß', 942812948, 'Research and Develop', '36'),
(52, 'Bosse Anger', 'Barbarastraße 25-29,', 942229591, 'Finance', '13'),
(53, 'Abbeygail  Ittenbach', 'Am Nockherberg 2, 82', 942359530, 'Executive', '33'),
(54, 'Anndea Bremer', 'Astallerstraße 2, 64', 942291178, 'Customer Support', '2'),
(55, 'Helmine ulver', 'Scheinerstraße 8, 47', 942325242, 'Consulting', '34'),
(56, 'Heigitt Kohlberg', 'Sankt-Galler-Straße ', 942533410, 'Executive', '2'),
(57, 'Zazou Hermann', 'Stielerstraße 5, 338', 942976993, 'Information Technolo', '28'),
(58, 'Marlis üller', 'Zumpestraße 1, 16326', 942486405, 'Research and Develop', '30'),
(59, 'Balte  Klemperer', 'Rosenbuschstraße 22,', 942800971, 'Human Resources', '36'),
(60, 'Baldo  Marschner', 'Siegesstraße 1, 0283', 942400286, 'Research and Develop', '9'),
(61, 'Eligius Kauer', 'Am Wageck 6, 83377, ', 942262746, 'Sales', '17'),
(62, 'Rabanus chelling', 'Steinsdorfstraße 2, ', 942132547, 'Research and Develop', '31'),
(63, 'Helmar Sievers', NULL, 942325661, 'Sales', '34'),
(64, 'Krabat Bering', 'Hübnerstraße 25-28, ', 942899986, 'Marketing', '8'),
(65, 'Katrin einrhard', 'Johann-Pez-Straße 20', 942988544, 'Customer Support', '8'),
(66, 'Waldefried chechtel', 'Schwanthalerstraße 2', 942909931, 'Finance', '26'),
(67, 'Ernö Lohmann', 'Leonrodstraße 9, 463', 942866548, 'Consulting', '1'),
(68, 'Adelisa  Stackelberg', 'Eduard-Schmid-Straße', 942129213, 'Customer Support', '37'),
(69, 'Nelya chefer', 'Liebherrstraße 5, 16', 942516622, 'Finance', '12'),
(70, 'Fastrada otmann', 'Erhardtstraße 26d, 1', 942623608, 'Manufacturing', '30'),
(71, 'Friedburg Langmann', 'Saint-Privat-Straße ', 942752310, 'Executive', '40'),
(72, 'Farold Finkelstein', 'Zentnerstraße 2, 685', 942807884, 'Sales', '29'),
(73, 'Ikea Abicht', 'Eggernstraße 8, 6304', 942440133, 'Executive', '35'),
(74, 'Feliziana Frisch', 'Plinganserstraße 7c,', 942156085, 'Finance', '40'),
(75, 'Ingonda ünzer', 'Mandlstraße 4, 61160', 942723881, 'Customer Support', '12'),
(76, 'Clemendina Knobel', NULL, 942659354, 'Research and Develop', '1'),
(77, 'Bringfried Kleinmann', NULL, 942731659, 'Finance', '20'),
(78, 'Lionna Abel', NULL, 942252118, 'Research and Develop', '33'),
(79, 'Dankmar verbeck', NULL, 942953655, 'Human Resources', '11'),
(80, 'Achime  Zurbriggen', NULL, 942367748, 'Research and Develop', '14');

INSERT INTO empleados(id_emp, dni_emp, nombre_emp, direccion_emp, telefono_emp, fecha_naci_emp, cargo_emp, fecha_ingreso_emp, salario_anual_emp, id_ofi) VALUES
(1, 'EP351842D', 'Avera  Stammer', 'Orffstraße 5, 55856, Riesbürg', '279924157', NULL, 'Sales', '1990-01-02', NULL, 2),
(2, 'LK828032D', 'Balte  Wegener', 'Wagmüllerstraße 8, 05289, Kasel', '859510886', '1984-11-11', 'Consulting', '1993-11-01', 11374, 4),
(3, 'GP796126B', 'Fides ritzel', 'Dürnbräugasse 24, 27762, Gallentin', '554189957', '1994-04-26', 'Research and Development', '2006-10-23', 9402, 1),
(4, 'YT055803A', 'Diepold Thalberg', 'Gellertstraße 11-16, 87138, Weinähr', '878752496', '1978-03-08', 'Executive', '2006-06-18', 10307, 2),
(5, 'CC884447C', 'Marlyse chreier', 'Krumbacherstraße 3, 42211, Aach', '697403175', '1979-10-22', NULL, '1990-01-04', 11771, 1),
(6, 'BH442926D', 'Yosefa Frisch', 'Anglerstraße 8d, 22310, Pfaffen-Schwabenheim', '110047212', '1991-08-01', NULL, '1995-06-23', 11016, 1),
(7, 'KP756992C', 'Birkenfeld Winkelhock', 'Aberlestraße 57b, 41768, Zwickau', '461144083', '1996-12-13', 'Operations', '1995-05-08', 9210, 1),
(8, 'BK640490C', NULL, 'Lueg ins Land 14-17, 81090, Wangenheim', '899986393', '1996-07-18', 'Finance', NULL, 10667, 5),
(9, 'KK933456A', 'Narvik Blind', 'Spiridon-Louis-Ring 2, 96809, Albersroda', '954195363', '1970-07-17', 'Human Resources', '2007-07-16', 9086, 5),
(10, 'BA479348D', 'Reglindis Angst', 'Winthirstraße 6, 72606, Wilhelmsdorf', '066499642', '1970-07-08', 'Sales', '1991-11-18', 9049, 2),
(11, 'GB406504D', 'Orela Feyerabend', 'Felix-Dahn-Straße 181c, 46529, Altdorf', '671615458', '1973-11-07', 'Facilities', '2005-10-20', 11206, 3),
(12, 'EN434078A', 'Ottomar chmitz', 'Ackermannstraße 21-25, 23115, Borgisdorf', '568576588', '1985-06-13', 'Information Technology', '1991-08-12', 11164, 2),
(13, 'JT772307B', 'Margard Borsig', 'Birkerstraße 1, 99077, Affing', '862640316', '1994-09-30', 'Marketing', '2006-07-22', 9170, 5),
(14, 'PX630271C', 'Waldefried Altmann', 'Stuckstraße 65e, 75303, Oberweis', '342214506', '1993-06-01', 'Customer Support', '1990-02-27', 9002, 3),
(15, 'AS916736D', 'Wilfriede Engelke', 'Weißenburger Platz 2a, 98312, Gadebusch', '570199833', '1981-03-28', 'Human Resources', '2010-12-29', 10320, 5),
(16, 'AX585368D', 'Kundry Angst', 'Nürnberger Straße 4, 49677, Treuen', '336711108', '1991-03-03', 'Finance', '2008-05-12', 9012, 3),
(17, 'EP055908D', 'Tylas Milch', 'Richard-Wagner-Straße 1, 69024, Owschlag', NULL, '1992-03-06', 'Sales', '1992-03-03', 11626, 1),
(18, 'ZJ389543D', 'Euphrosine Lehmann', 'Nockherstraße 4f, 82620, Klein Woltersdorf', NULL, '1986-04-05', 'Information Technology', '2013-07-31', 10366, 2),
(19, 'KS603598B', 'Wilbirg Buchloh', 'Dachauer Straße 9b, 59029, Eversdorf', '343610398', '1975-12-11', 'Customer Support', '2002-05-19', 11299, 2),
(20, 'GK068099A', 'Hademar chmitz', 'Hohenstaufenstraße 15-18, 29503, Gorsleben', '483034435', '1976-04-05', 'Sales', '2019-02-07', 11172, 6),
(21, 'BE732736C', 'Kalena Lamprecht', 'Herzog-Ernst-Platz 25, 41664, Kelberg', '040646830', '1981-07-19', 'Customer Support', '1998-03-02', 10187, 6),
(22, 'HC602676C', 'Anndea Mehring', 'Moltkestraße 1, 09527, Ackermannshof', '039232865', '1985-08-09', 'Research and Development', '1992-09-19', 11696, 3),
(23, 'MZ503249B', 'Wyonna Lohrer', 'Am Westpark 4, 93485, Weißensberg', '754894489', '1970-01-10', 'Marketing', '2010-12-17', 10216, 2),
(24, 'NE542701C', 'Guta orgner', 'Daiserstraße 64a, 69734, Dermbach', '450797857', '1976-08-06', 'Sales', '2000-01-29', 9285, 6),
(25, 'TM381782B', 'Almute Kleiber', 'Karlstraße 4, 98128, Rothenburg', '267987735', '1983-10-20', 'Information Technology', '1990-01-08', 10500, 1),
(26, 'JK156520C', 'Guta Bülow', NULL, '911619884', NULL, NULL, '2018-05-23', NULL, 2),
(27, 'NN892258B', 'Yandric Heinemann', 'Schraudolphstraße 1d, 24967, Remscheid', '294467173', '1990-10-10', 'Sales', '2016-06-28', 10465, 6),
(28, 'YE678263D', 'Hedlef Zeiger', 'Elisabethstraße 25, 94729, Gaymühle, Gem Wallendorf', '273499473', '1989-12-23', 'Research and Development', '2006-03-10', 10946, 4),
(29, 'BZ702684A', 'Gunde Abel', NULL, '180927940', '1992-09-23', 'Information Technology', '2008-11-29', 11351, 5),
(30, 'JY185495D', 'Eliphius osenkranz', 'Rheinstraße 4, 91522, Iggingen', '472208598', '1988-04-03', 'Information Technology', '2016-05-14', 11186, 3),
(31, 'LR141487C', 'Annekläre Hager', 'Rumfordstraße 1, 59187, Crösten', '964959901', NULL, 'Information Technology', '1993-03-03', NULL, 2),
(32, 'LA944834D', 'Vishna Feuerbach', 'Nürnberger Straße 12-15, 52606, Dorum', '913978868', '1987-05-29', 'Information Technology', '1990-01-01', 9996, 3),
(33, 'OM290401C', 'Fabrizius Auerbach', 'Windenmacherstraße 13, 48506, Wodenhof', '845389187', '1970-05-21', 'Customer Support', '1990-04-10', 9829, 5),
(34, 'ZG331847A', 'Berndt ickert', 'Max-Planck-Straße 1, 28912, Altenhof', '323452769', '1982-11-30', 'Operations', '2018-02-02', 9270, 2),
(35, 'NN147446A', 'Cyriac Bering', 'Marsplatz 13d, 35558, Alzey', NULL, '1978-03-23', 'Executive', '1990-02-09', 10050, 5),
(36, 'NY215217C', 'Wulfram Vogt', 'Fürstenstraße 1a, 94178, Schleuse', '359126011', '1974-07-23', 'Information Technology', '2003-03-27', 10519, 3),
(37, 'CB556253D', 'Sigrun Menger', 'Helene-Lange-Weg 8b, 53340, Abtswind', '651531946', '1978-07-03', 'Finance', '1991-02-01', 11585, 2),
(38, 'WA748159A', NULL, 'Rheinbergerstraße 42b, 03805, Bad Doberan', '924726300', '1981-07-01', 'Executive', NULL, 11059, 4),
(39, 'LN009538D', NULL, NULL, '217113778', '1987-12-23', 'Sales', NULL, 9996, 1),
(40, 'BJ258292A', NULL, NULL, NULL, NULL, NULL, NULL, NULL, 3);

INSERT INTO facturas(id_fac, importe_fac, metodo_pago, importe_deposito, plazo_pago, observaciones, id_cli) VALUES
(1, 7125, 'Check', 442131, 149, 'Quia ab velit; unde ut et. Voluptates cupiditate laborum. Aspernatur error quia. Nobis eos minus. Sit incidunt est! Quos corporis dolor. Perferendis non sunt!\r\nCum facere nulla. Et voluptatem ipsa.\r\n', 55),
(2, 525657, 'Direct Debit', 687212, 67, 'Cumque magnam amet...\r\nCorrupti ut totam. Voluptate autem labore!\r\nQuam perferendis aspernatur. Perspiciatis nam modi. Dolores deleniti ullam! Odio modi tempora. Ex repudiandae vel. Quibusdam obcaecati.', 96),
(3, 409109, 'Check', 607095, 6, 'Consectetur consequuntur est pariatur doloremque temporibus a dignissimos, perferendis quis.\r\nDoloribus aliquam id nostrum quos perspiciatis voluptatem ab et odio.', 65),
(4, 648570, 'Direct Debit', NULL, 120, NULL, 10),
(5, 230154, 'Check', 722969, 50, 'Et alias blanditiis. Est omnis accusamus! Magnam excepturi sit.\r\nAdipisci eligendi perspiciatis; iste neque nisi. Quis harum sit. Totam et asperiores; et exercitationem accusamus. Assumenda velit enim.\r\n', 60),
(6, 779305, 'Bank Transfer', 671619, 74, 'Iure quae aut illo. Voluptatem sunt suscipit adipisci suscipit? Eos omnis culpa enim, dolor laborum voluptatem accusamus iste et. Quo laborum numquam sint dolores nesciunt incidunt quisquam quo eos!', 19),
(7, 11205, 'Check', 754990, 11, 'Velit voluptatem sit velit sed nesciunt reiciendis. Eveniet culpa dolor iusto maxime explicabo. Autem id ut enim eveniet voluptatem aliquam dolore. Voluptatem eos corrupti. Est qui aut! Id sed fugit.', 74),
(8, 530628, 'PayPal', 766305, 125, 'Inventore iusto sed sint aut magnam fugiat ea. Quibusdam vero odit. Numquam autem at. Labore ducimus neque! Natus totam consectetur. Quia cumque recusandae; non nisi nulla.', 84),
(9, 167409, 'WebMoney', 169560, 42, 'Totam omnis nihil. Ut culpa ut. Debitis quibusdam tempora! Ut voluptatem reiciendis. Sit vel beatae.\r\nCupiditate non obcaecati. Non autem provident? Sed tempore vero. Optio dolore atque. Voluptas.\r\n', 62),
(10, 94698, 'Bank Transfer', 448445, 3, 'Quasi nesciunt dicta magni perspiciatis qui sed dolor illum ratione. Dolor et molestiae voluptatem et sunt nostrum. Ducimus quae ut. Necessitatibus eum obcaecati. Est praesentium deserunt.', 47),
(11, 261625, 'Credit Card', 234439, 27, 'Et aperiam qui.\r\nTempore illum reiciendis. Delectus voluptas maxime. Dolorem et sit! Ad animi ullam. Molestias aperiam quos. Ratione saepe delectus. Dolor cum fugit? Sed hic ex! Nostrum neque quisquam.', 50),
(12, 846205, 'Bank Transfer', 648330, 93, 'Placeat ut repellat ducimus. Autem architecto molestias qui nostrum. Id et fuga porro consequatur adipisci explicabo in et. Ex voluptatibus voluptatem dolores velit nihil quibusdam omnis magni. Ducimus.', 71),
(13, 722138, 'WebMoney', 808522, 85, 'Temporibus exercitationem quaerat. Inventore natus recusandae.\r\nOmnis necessitatibus dignissimos. Voluptatem quas quis. Et nobis aut! Voluptatem vel numquam. Delectus aliquid sed; enim quo quia. Sit...\r\n', 60),
(14, 760112, 'Check', 797025, 28, 'Maiores qui molestiae. Nesciunt consequatur consequuntur.\r\nMaiores voluptas aut. Consequatur nemo quo.\r\nAtque enim dolorum. Explicabo perferendis quis. Ullam rerum non. Incidunt sed sit. Voluptas beatae!', 61),
(15, 691545, 'Credit Card', 683250, 93, 'Voluptas similique voluptatem quidem nisi.\r\nQuia incidunt vitae quos quis est sit repellendus. Est omnis maxime. Rerum perspiciatis aut. Non cumque provident? Odio aut ipsum!\r\n', 56),
(16, 249097, 'Bank Transfer', 543527, 33, 'Perspiciatis veritatis impedit sed deserunt soluta beatae. Laudantium labore rerum ea corrupti aut. Eveniet officia sed...\r\nIure omnis maiores. Nesciunt similique id. Sit tenetur et.', 16),
(17, 584452, 'Credit Card', 582994, 85, 'Facere velit laboriosam; in perferendis voluptatem. Excepturi sit blanditiis. Et optio vitae...\r\nProvident rerum a. Qui tempore ad! Qui at debitis. Ad esse iste.\r\nMinima voluptate quia. Voluptatem in vel?', 68),
(18, 326787, 'Direct Debit', 847023, 6, 'Numquam eos et. Quo error et? Atque illo alias! Sequi non quia. Quasi quis ut; aut quae qui; quia ut natus. Cum fugit dolore.\r\nNulla ab repellat...', 12),
(19, 5351, 'WebMoney', 403949, 52, 'Qui et architecto iste eius ipsum dicta aliquam ad. Et magni qui!\r\nAlias ipsa qui. Incidunt aut voluptatibus.\r\nEnim magni veritatis. Nobis magnam iusto. Qui excepturi veritatis; odio unde soluta.', 5),
(20, 358741, 'PayPal', NULL, 53, NULL, 74),
(21, 397532, 'Check', 603978, NULL, 'Quam laudantium tempore. Quis amet velit? Quia dignissimos modi. Unde similique itaque. Sed placeat harum; ut error in.\r\nUt repellat voluptatem. Maiores minima quo. Sed doloribus iste. Unde vitae dicta!', 63),
(22, 890104, 'Bank Transfer', 584907, 58, 'Laborum quia ut officia assumenda rerum fuga odit ipsa tempore.', 32),
(23, 44266, 'Credit Card', 820937, 60, 'Consequatur adipisci molestias. Debitis animi suscipit. Provident ut veniam. Esse aperiam eos? Dolore vitae accusamus. Optio iure ut.\r\nAliquam aut quasi; omnis inventore perspiciatis. Dicta nostrum.', 20),
(24, 58956, 'Check', 335573, 133, 'Commodi perspiciatis sapiente. Deserunt a corrupti. Dolores voluptatem dolorem! Similique molestias voluptas. Est ipsa vero. Non magni autem; voluptatem et nostrum. Cumque unde adipisci? Natus vel sit;', 55),
(25, 62314, 'WebMoney', 574014, NULL, 'Aut nostrum maiores est quae nesciunt nisi sit. Maxime quibusdam sed distinctio nostrum libero et! Recusandae ut explicabo similique. Distinctio nesciunt veniam odit.', 2),
(26, NULL, NULL, 49889, 81, 'Consequatur ut qui tempora error cupiditate consequuntur, sit nesciunt eaque. Eum odit blanditiis a sit sunt voluptatibus sit. Consectetur voluptatibus labore illo quae eligendi tempore sed. Corporis!', NULL),
(27, 241368, 'WebMoney', 724992, 13, 'Totam voluptatem est ut impedit. Quo qui quis nemo eligendi et.\r\nAssumenda labore voluptas. Sed minus ut; veniam laborum sed. Ex aut numquam; inventore error quod.', 100),
(28, NULL, NULL, 558621, 95, 'Laudantium ut, dignissimos minima fugiat dolor est eos voluptatem consectetur. Atque natus voluptas aperiam eius optio et. Repellendus inventore et; inventore quo quisquam. Aut unde rem. Quae nihil et.', NULL),
(29, 315169, 'Credit Card', 256426, 124, 'Totam voluptates doloremque enim repellat perspiciatis voluptas similique aut. Nostrum incidunt aliquam perferendis iste non ducimus? Veniam sint eaque eos rerum. Rerum qui id; amet nemo nulla.', 88),
(30, 711700, 'WebMoney', 4962, 26, 'Numquam sint voluptatibus.\r\nQui veniam quia. Est architecto ut. Voluptate totam iste. Nostrum molestiae ut? Ipsam rerum porro. Optio maxime velit. Veritatis reprehenderit et. Voluptas saepe maxime...', 100),
(31, 572859, 'Check', 298677, 83, 'Odit qui ipsa. Dicta error quod. Repudiandae velit minima. Quis perspiciatis illo.\r\nIste alias rerum. Ex dolorem quidem! Provident tempore et. Sit quod eos.\r\nSit sed alias. Repellendus rem qui? Eum.', 65),
(32, 278175, 'Direct Debit', 787541, 93, 'Sit vel dolores. Doloribus officiis quia. Inventore in ad. Qui sint sit; voluptatem consequuntur eos; eius dolorum earum. Sunt fugiat sunt. Facere libero consequuntur. Harum voluptatem vel...\r\nDucimus.', 16),
(33, 346918, 'WebMoney', 418070, 109, 'Dolorem officiis culpa ad sit ducimus error. Accusantium qui ut consequatur consectetur voluptatem eveniet et; et possimus nisi. Ad fugiat officiis. Facere corporis est. Vitae ratione et.', 50),
(34, 309051, 'Direct Debit', 140091, 112, 'Accusamus consequatur quo. In facere labore. Error voluptatem aut.\r\nIncidunt in omnis. Vero accusamus aut. Ut dolorem et. Laudantium et autem. Consequuntur cumque soluta.\r\nPorro totam optio.', 91),
(35, 488722, 'PayPal', 111227, 147, 'Saepe mollitia est. Repellendus perspiciatis et. Sunt porro iste? Ut quis sit! Et neque unde. Reprehenderit similique sit. Neque natus sit. Quia fugit et. Consequatur ipsa et. Molestiae iste!\r\n', 76),
(36, 448578, 'WebMoney', 501075, 35, 'Vel est culpa. Quia eos quisquam. Nam et qui. Nostrum aspernatur provident! Est nam aut. Magni maiores tenetur. Pariatur est perspiciatis! Porro aliquam error. Molestiae quos sunt. Ducimus veritatis.\r\n', 91),
(37, 210355, 'Check', 250320, 5, 'Omnis optio omnis voluptates quibusdam sunt voluptatem omnis aperiam qui. Quia voluptatibus consequatur fugit voluptas quia veniam quisquam dolores at.', 66),
(38, 552802, 'WebMoney', 683575, NULL, 'Numquam ut veritatis. Dolorem qui assumenda? Sapiente et voluptatem! Illo maxime iure. Natus pariatur quisquam. Accusantium nobis sed. Deserunt quasi repudiandae. Est et inventore. Quidem labore.\r\n', 64),
(39, 129251, 'WebMoney', 470137, 60, 'Incidunt tempore ut. Ut placeat ducimus.\r\nOmnis quo repellat. Nesciunt aspernatur tempore. Ut sed corporis.\r\nPorro aut fugiat. Quo repellat velit. Aliquid sed ipsa; vel delectus et. Voluptates aperiam;', 78),
(40, 737164, 'Direct Debit', 232369, 42, 'Voluptas quia unde qui consequuntur sit, expedita dolores repudiandae omnis. Sunt unde quia aspernatur velit modi quia ut eum pariatur.', 83),
(41, 249458, 'Check', NULL, 99, NULL, 79),
(42, 716784, 'Credit Card', 574619, 76, 'Voluptatem illum iste. Voluptates autem iste. Fuga similique id. Voluptatem error ratione! Accusamus omnis quisquam...\r\nSit doloribus ab. Quaerat ducimus ipsum. Atque fugit sit. In et ut. Molestiae in.', 89),
(43, 43862, 'Direct Debit', 724390, 67, 'Sit natus culpa. Eos illum quisquam. Quis quam quia. Quia omnis doloribus! Laboriosam assumenda ullam. Qui ut omnis. Eaque maxime suscipit. Aut possimus harum? Ut error nihil!\r\nRepellendus ullam omnis.\r\n', 84),
(44, 879159, 'Check', 853317, 50, 'Odit quaerat autem. Voluptatem maxime est. Quia eligendi ut. Veniam soluta ullam. Architecto est facilis; eum dolores omnis. Beatae sit molestias. Tempore vel et. Eaque rerum qui. Omnis aperiam et.\r\n', 61),
(45, 146326, 'Credit Card', 35680, 1, 'Accusantium aut et. Inventore vel iure. Et vel sed. Neque expedita similique. Ullam libero ipsa. Ut quidem autem.\r\nQuia error sit. Non est aperiam! Et velit voluptas. Dolore perferendis iusto.', 68),
(46, NULL, NULL, 119534, NULL, 'Ipsa perferendis architecto rerum esse pariatur debitis unde in obcaecati.', NULL),
(47, 893069, 'Direct Debit', 620894, 91, 'Sed magni est. Commodi aspernatur laboriosam. Cum nulla sed. Et natus dolor. Et voluptas sapiente. Expedita inventore iusto! Quam et earum. Iusto nemo rerum! Deleniti beatae eveniet. Dolor natus nobis...', 66),
(48, 464537, 'Credit Card', NULL, 65, NULL, 10),
(49, 3896, 'Credit Card', 358299, NULL, 'Quasi velit explicabo tempore modi qui hic. Odio rerum blanditiis eveniet nobis quam et placeat fugit...\r\nTemporibus et esse perspiciatis nemo iure nulla nostrum non blanditiis. Aut architecto ratione.', 60),
(50, 781690, 'WebMoney', 726409, 116, 'Autem molestiae atque nihil quo. Ab quae consectetur vitae laboriosam nesciunt doloribus labore explicabo! Sed modi numquam ex eveniet. Laboriosam cum omnis doloremque quod vel.', 26),
(51, 320493, 'WebMoney', 568725, 111, 'Dolorem ullam eum. Omnis reiciendis libero; a at voluptatem. Iste repudiandae quo!\r\nAutem nulla rerum. Et unde natus! Error distinctio quis; incidunt maiores quod; doloremque et saepe. Unde quisquam.\r\n', 85),
(52, 108368, 'WebMoney', 480633, 70, 'Ea voluptas iste quidem natus dolores non dolorem. Laborum non pariatur, totam ex qui quia voluptatem eum ab. Exercitationem eius libero.', 88),
(53, NULL, NULL, 636041, 87, 'Est assumenda mollitia. Natus assumenda ipsa!\r\nVeniam voluptatibus enim. Nemo eos est; rerum laboriosam vel. Ratione quae dolorem. Fuga impedit exercitationem; cumque porro iste. Porro voluptas omnis;\r\n', NULL),
(54, 486493, 'Check', 134147, 26, 'Eaque vero eum.\r\nQui quidem sed. Consequatur dolorum est! Et cumque voluptas. Et totam officia. Quisquam asperiores recusandae. Qui ut at. Iste recusandae natus. Et asperiores quia.', 59),
(55, 111013, 'Check', NULL, 59, NULL, 1),
(56, 602558, 'Bank Transfer', 314451, 108, 'Excepturi maxime voluptas. Voluptas quis quos; sed explicabo molestias. Optio deserunt voluptatem; laboriosam consequatur dolores. Aliquam sed molestias.\r\nDolorum et laudantium. Corporis et sint. Illo!\r\n', 65),
(57, 219635, 'Direct Debit', 257478, 29, 'Nostrum velit facilis ut omnis quis necessitatibus. Voluptas a eum, dignissimos culpa repellat architecto omnis assumenda quos; iste eos sit. Quia voluptates ut; cumque saepe natus. Omnis porro est.', 66),
(58, 554090, 'Direct Debit', 528173, 130, 'Voluptatem id sed. Unde non dolor; omnis voluptatem cumque.\r\nEst voluptas nihil. Non dolores sint. Iste ex ipsa. Iusto molestiae veritatis. Dolore qui saepe. Laboriosam distinctio culpa. Porro quis.', 36),
(59, 58022, 'Direct Debit', 353319, 10, 'Rerum ullam ad.\r\nOdit omnis est. Qui omnis qui. Assumenda accusamus eius. Aliquam sit ut. Odit aut nulla! Blanditiis officia et.\r\nRecusandae dolor odit. Tempore laborum deserunt.', 17),
(60, 117553, 'Bank Transfer', 631615, 127, 'Et ad voluptas. Consequatur qui aut. At vel quia; error ipsum harum; porro est sit. Ut optio quis! Ipsam quae architecto. Dolor ut sit. Repellendus esse rem. Distinctio quia voluptatem.', 34),
(61, 527149, 'PayPal', 101384, 65, 'Tenetur dolor officiis. Totam et reiciendis nam fugit unde quo ducimus incidunt! Veniam inventore incidunt unde enim dolor perspiciatis laborum odio. Sit sint sit. Unde voluptatem nam.', 28),
(62, 202662, 'Credit Card', 40348, 126, 'Consequuntur velit, nesciunt veritatis voluptatem ut corporis et quaerat distinctio.', 91),
(63, 521533, 'Check', 382994, 48, 'In earum est. Ad unde totam. Quas delectus mollitia; quasi error consequatur. Laborum quam laboriosam. Ratione accusantium voluptate! Sed dignissimos voluptatibus. Aut blanditiis ea!\r\nError ullam.\r\n', 70),
(64, 849954, 'Check', 501145, 107, 'At ut ipsam harum molestiae eos error saepe laudantium. Tempore sit error eius hic ut tempora dolorem.\r\nEt quos explicabo; rerum minus necessitatibus. Nisi consectetur deserunt; voluptatibus laborum et.', 36),
(65, NULL, NULL, 449826, 145, 'Est eius maiores. Et error velit.\r\nNisi eveniet et. Odio autem et! Et officiis ut. Pariatur fuga ut! Omnis consequuntur repudiandae? Tempora magni in. Velit eligendi vel. Doloremque velit sunt. Ut.', NULL),
(66, 182044, 'Credit Card', 528990, 10, 'Quia et vitae. Ea omnis saepe? Et magnam laboriosam. Illo aliquam est. Soluta sit obcaecati! Rem rerum laborum? Eius architecto aperiam!\r\nNatus atque autem. Velit minima natus.', 38),
(67, 393500, 'Bank Transfer', 251260, 85, 'Blanditiis recusandae sed praesentium, ut obcaecati ipsum corporis quidem voluptas. Error obcaecati aperiam optio provident qui perferendis magni. Vel alias vitae! Eligendi ut sit. Odio a fugiat. Sint.', 24),
(68, 842553, 'Bank Transfer', NULL, 7, NULL, 97),
(69, 629906, 'Bank Transfer', 145886, 52, 'Voluptatem quis non. Ut aliquid omnis! Quisquam voluptate esse. Cum qui et! Ut non ab.\r\nQuae sit dicta. Reprehenderit officiis voluptate! Rerum sapiente tempore; ipsam ut repellendus.', 10),
(70, 383168, 'Bank Transfer', 413157, 2, 'Voluptatum quaerat eum nemo tempora recusandae temporibus eum. Labore repellat et. Maxime et id; iste voluptatibus omnis. Corrupti labore explicabo. Voluptatem unde excepturi! Est aut reiciendis? Iste.', 62),
(71, 54818, 'Credit Card', 633686, 68, 'Esse alias ipsam. Consequatur non id. Rerum error voluptatem. Quia eum sed. Voluptatem alias adipisci. Qui quo repudiandae.\r\nQuos qui illum. Eum ipsa iste. Dolores sint excepturi. Est qui et? Autem.', 89),
(72, NULL, NULL, 165659, 119, 'Maiores qui eum. Placeat sit nesciunt. Aut dolorum possimus.\r\nEum hic laudantium. Quia perferendis voluptas; unde delectus ea. Tempora a consectetur? Itaque ut blanditiis!\r\nSapiente explicabo adipisci.', NULL),
(73, 19943, 'Direct Debit', 427672, 20, 'Delectus totam sed unde qui.\r\nUt omnis repellendus. Unde eius sunt. Unde fuga repellat! Deserunt ut nihil. Repudiandae provident illo. Sint sed voluptas.\r\nEt cupiditate quia.', 95),
(74, 471172, 'Check', 70060, 37, 'Neque quaerat suscipit. Modi ad omnis. Voluptas id et; omnis necessitatibus quos. Ducimus sit eum; esse obcaecati voluptas? In excepturi accusantium. Laborum in vel.\r\nVoluptatem ut nisi. Sapiente.', 86),
(75, 320568, 'Bank Transfer', 158116, 15, 'Est nihil voluptatem. Consequatur eos modi. Pariatur est natus? Laborum et iste. Quia minus accusantium. Corporis suscipit ullam. Molestias similique impedit! Sapiente accusantium cupiditate? Vel amet.', 30),
(76, 877211, 'Bank Transfer', 179834, NULL, 'Omnis doloremque assumenda. Officia repellendus libero! Nemo id ut...\r\nSint non aspernatur. Et qui natus! Adipisci debitis quos. Ducimus nemo nihil. Dolore repellendus totam.\r\nEt eligendi voluptas. Dolor.', 49),
(77, 473532, 'PayPal', 342785, 150, 'Labore tenetur est ut. Aperiam et dicta perspiciatis reiciendis sed velit quaerat et! Doloremque facere inventore. Ut omnis excepturi.\r\nQuis labore consequatur.\r\nQuaerat culpa labore.', 62),
(78, 804181, 'Check', 619529, 122, 'Aut consequatur possimus delectus itaque id totam. Unde omnis saepe quisquam. Iste quos repellendus. Et laboriosam numquam; eaque in qui. Quia in quasi. Ab dolorem ea.', 41),
(79, 337380, 'Bank Transfer', 302574, 2, 'Molestiae suscipit voluptatem. Optio maxime in quis libero reprehenderit quo; aut est eligendi; in dolorem fugiat expedita exercitationem aut voluptatem sint. Maiores nobis ipsam!\r\nEligendi amet.', 7),
(80, 255034, 'PayPal', 690607, 93, 'Et debitis hic aspernatur architecto, sed consequatur ad voluptate earum.', 23),
(81, 491599, 'Direct Debit', 3313, 39, 'Aliquid ea similique ut.\r\nExpedita amet libero corporis eaque nihil voluptatem. Perferendis culpa perspiciatis voluptates et? Est sit earum rerum.', 57),
(82, 382299, 'Credit Card', 710729, 138, 'Nulla molestiae natus dolorem magnam numquam voluptas error eius. Perspiciatis quia accusamus id. Officia qui facilis nemo. Nihil perferendis quia provident perspiciatis totam! Et autem eius.', 73),
(83, 439898, 'WebMoney', 528450, 9, 'Nemo inventore ea qui. Ut iste quis? Quibusdam quia veniam quia odit unde officia saepe. Expedita fugit ea. Quia nisi repellat. Voluptas pariatur labore? Illum quae beatae.', 53),
(84, 814486, 'PayPal', 716520, 10, 'Qui sint nemo. Incidunt quis corrupti; ipsum unde ratione; aperiam ut ducimus. Iusto ea id! Et sit eligendi; similique aut sint. Doloremque placeat nobis. Nobis minima molestiae.\r\nQuidem nostrum.', 56),
(85, NULL, NULL, 395373, 81, 'Ut odio vel. Eum quis asperiores. Et omnis exercitationem! Omnis perferendis est. Enim eos suscipit. Quasi distinctio pariatur. Ut maiores quae.\r\nMaxime architecto cupiditate. Porro id molestiae. Et!\r\n', NULL),
(86, 705518, 'Credit Card', 355587, 4, 'Labore sed asperiores. Quia at numquam. Sed sapiente cum. Quis accusantium aut! Minus excepturi reiciendis; voluptatem rerum optio. At et rerum. Non quasi at.\r\nIpsam iste necessitatibus. Hic accusantium.', 93),
(87, NULL, NULL, 421408, NULL, 'Tempora omnis reiciendis perferendis. Distinctio et laudantium adipisci molestiae nisi perspiciatis. Repellat tempore distinctio et dolorem quis. Similique quod blanditiis. Vel obcaecati labore; quam ad.', NULL),
(88, 581431, 'Bank Transfer', 591886, 30, 'Qui dolor nihil. Reiciendis aut id quasi sed voluptatem doloremque ducimus; ut dicta animi aperiam voluptatem eius voluptatem. Ad blanditiis aut dolores! Illo et nesciunt fugiat error iure.', 76),
(89, 184005, 'WebMoney', 110650, 141, 'Ducimus quas dolorem. Sapiente quis facere! Illo id dolor. Ut dignissimos exercitationem. Voluptate neque corrupti? Rerum eos voluptatem!\r\nIste cum reiciendis. Tenetur ducimus atque. Officia porro.', 86),
(90, 10563, 'WebMoney', 323109, 43, 'Et omnis perspiciatis enim quis cum et qui ex consectetur. Aliquid rerum sit libero. Est voluptatem libero minus, provident maxime provident aut ut ea. Deleniti laudantium enim. Tempora in voluptatibus!', 52),
(91, 164784, 'WebMoney', 665011, 44, 'Corporis labore unde. Corporis tempora qui. In sed enim. Laudantium ut sed. Tempora voluptatibus dolorem. Dolore ut aspernatur! Aut mollitia unde. Laboriosam est similique! Ea eum delectus.\r\nNihil.\r\n', 3),
(92, 261348, 'WebMoney', 291149, 8, 'Eos a ipsam. Inventore voluptas dignissimos! Ut dolor nulla. Ut possimus esse. Tempore esse sit. Ea sunt odit; ratione est et.\r\nFacilis dolorum culpa. Aspernatur ducimus hic! Natus repellendus quasi.', 11),
(93, 269152, 'WebMoney', 139255, 59, 'Beatae et ducimus. Quae fugit quibusdam. Doloremque temporibus eligendi. Modi unde id. Accusantium id omnis. Consequatur aut deserunt! Dolorem iure saepe.\r\nEt neque vero; ut natus enim. Ab doloremque et.', 86),
(94, 180861, 'Direct Debit', 749208, 51, 'Iste exercitationem voluptatem ut amet. Quo saepe non hic voluptatibus. Consequuntur dolor quos sit expedita quia similique possimus quasi? Minus itaque et voluptatibus quam aut nisi architecto! Totam.', 74),
(95, 390898, 'WebMoney', 61841, 106, 'Laborum aspernatur ducimus. Minima est ut. Molestiae qui a. Necessitatibus in iste.\r\nRerum autem soluta. Facere odit modi. Iusto ad maxime; error natus animi. Quo ducimus obcaecati! A sunt quae. Minima.', 67),
(96, 40274, 'PayPal', 405737, 119, 'Est dolor ad. Enim officiis unde! Eum excepturi sequi. Sunt iusto facilis. Sint unde vitae. Incidunt ut facere. Cumque perspiciatis nesciunt. Voluptatem numquam aperiam! Quae natus magni.', 14),
(97, 839537, 'WebMoney', 63138, 144, 'Nostrum culpa ipsam. Mollitia consequatur velit. Error et consequatur.\r\nEst sed facere. Maxime eius mollitia. Est totam non. Exercitationem cumque doloremque. Et sit quia. Incidunt nostrum enim! Rerum.', 36),
(98, NULL, NULL, 484825, NULL, 'Alias sit iste sit omnis vero voluptatem tenetur provident et. Doloribus tempore unde? Maxime id iste. Sit omnis unde. Ad excepturi impedit! Ut dolore quas.\r\n', NULL),
(99, 288585, 'Direct Debit', 440598, 101, 'Voluptatem id veritatis. Aut similique tempore? Quia impedit odit. Voluptate ut aut. Sit qui tempora! Nobis eaque vitae? Aut consectetur corrupti. Perferendis eveniet velit!\r\nIpsa ratione reiciendis.\r\n', 55),
(100, 836466, 'PayPal', 321461, 99, 'Vel in ut et placeat libero quasi. Nam amet illo consequatur illum ratione sed natus sit eos? Quas et odio hic ea et illo!', NULL),
(101, 47524, 'Bank Transfer', 897293, 1, 'Culpa corporis architecto. Numquam natus fuga. Eveniet aperiam sequi. Illo similique dolorem. Velit placeat vel. Commodi eum eius. Excepturi error fugit. Illum ex velit. Unde voluptatum vitae. Impedit.\r\n', 30),
(102, NULL, NULL, 388492, NULL, 'Non error non laboriosam, et veniam quam consequatur qui culpa.', 10),
(103, 719104, 'Check', 277366, 124, 'Error quis eum velit officiis dolor non...\r\nRerum ipsa voluptatem. Autem recusandae voluptatem error. Autem laboriosam quam voluptate modi error natus et sit ut!', 69),
(104, 329893, 'WebMoney', 461554, 32, 'Cumque error non.\r\nAd sed illo. Hic harum odit. Tempora itaque et! Sit unde cum? Quia reiciendis ut! Dolores ut dolor. Vitae saepe quia. Explicabo delectus et!\r\nId nisi est. Consectetur ex obcaecati?', 23),
(105, 176600, 'WebMoney', 175764, 39, 'Laborum fugit sit voluptatem voluptate doloribus et. Sit error mollitia. Optio minus similique sit velit consequatur possimus ut nobis. Dolor tempora ipsum! Et sunt sapiente.', 84),
(106, NULL, NULL, 763535, 101, 'Sit quaerat adipisci. Assumenda similique voluptas. Consequatur accusamus officiis. Quo dicta blanditiis. Cumque exercitationem ex! Corrupti exercitationem perspiciatis. Sint ducimus sunt. Debitis sit!', 9),
(107, NULL, NULL, 588074, 81, 'Natus inventore voluptatem velit repellat tenetur error aut nulla. Exercitationem architecto officiis! Voluptates sed laudantium? Consequuntur et non! Et sunt reprehenderit. Odio pariatur quam. Magnam.', 37),
(108, 432191, 'Check', 627701, 72, 'Dignissimos qui sed a nobis error nemo quia; deleniti sit magnam. Autem ab voluptas voluptatum mollitia ut? Ut quia tempore; consequatur distinctio perspiciatis. Ut ducimus quasi.', 50),
(109, 741839, 'PayPal', 112116, NULL, 'Architecto ut excepturi illum quis tempore voluptatum sapiente quia sunt.\r\nVoluptatem et perspiciatis culpa et totam qui sit blanditiis perferendis; consequuntur et accusamus.\r\nOdio vero aut. Velit.', 77),
(110, 811550, 'Credit Card', 601752, NULL, 'Quia odio consequatur. Nobis vel earum! Ipsam sit voluptate. Quia minus quia. Officia modi quam. Voluptatem omnis natus; qui et perspiciatis.\r\nEnim aut harum. Deleniti qui omnis! Eius nostrum sunt. Ut!\r\n', 75),
(111, 36746, 'Direct Debit', NULL, 116, NULL, 46),
(112, 50497, 'PayPal', 138192, 68, 'Natus consequatur repellat. Qui eos quis. Unde ex natus. Voluptas possimus quia. Sit beatae voluptatem? Eius odio sequi. Voluptatem explicabo autem. Perferendis quod a. Repellat est quo. Odio.\r\n', 33),
(113, 159862, 'Check', 885248, 27, 'Eaque est obcaecati. Ut iste non! Necessitatibus ab deserunt? Omnis et delectus! Atque ut vero. Dolores perspiciatis rerum! Qui omnis ut? Consectetur est nisi. Laboriosam provident vel!\r\nLaudantium.', 83),
(114, 189009, 'Bank Transfer', 801943, NULL, 'Nihil saepe natus. Neque quaerat commodi. Nostrum fugiat voluptates; distinctio at earum. Suscipit autem deserunt. Sed et omnis; est totam ducimus; consequatur quia totam; mollitia sed quod.', 2),
(115, 454589, 'WebMoney', 525486, 123, 'Tempore earum sit. Doloremque aspernatur dolorem; ut maxime ab. Consequatur eos expedita. Accusamus quae error. Blanditiis quaerat et; temporibus ab quis.\r\nEnim unde deleniti. Quam ipsam omnis! Natus.\r\n', 52),
(116, 586508, 'Check', 39854, 53, 'Rerum consequatur suscipit. Quis dolor cupiditate! Sit explicabo accusantium. Ipsam incidunt ad. Excepturi sunt voluptatem. A id eligendi! Quis et sed.\r\nLaudantium molestiae vitae. Aut laudantium quos.', 50),
(117, 54747, 'Check', 824960, 109, 'Ad eum blanditiis. In porro eos.\r\nCulpa iure quidem. Nihil necessitatibus natus. In aut voluptatem? Laboriosam temporibus nostrum. Sed modi sed. Dolores tenetur id. Qui ut exercitationem? Aut vero ipsa.', 62),
(118, 339308, 'Direct Debit', 857823, 5, 'Et voluptatibus ratione. Perferendis et nostrum. Ea officiis accusamus. Earum exercitationem rerum. Illum quos sed! Et laborum qui. Illum nobis voluptas.\r\nAut ut aperiam. Necessitatibus quis animi;', 44),
(119, 725645, 'Credit Card', 752960, 6, 'Veniam labore, animi molestiae nesciunt totam omnis quas sit qui. Omnis sit et sapiente enim vel! Laborum facere nostrum quia. Laborum omnis nesciunt.', 97),
(120, 369485, 'Check', 603958, 100, 'Distinctio voluptatibus maiores. In error adipisci? Sunt cum ad. Voluptate ratione perspiciatis. Ut quae et. Consequatur dolor sapiente. Voluptatem beatae sed? Voluptatibus nesciunt perferendis.\r\n', 57),
(121, NULL, NULL, NULL, 83, NULL, 55),
(122, 452123, 'Credit Card', 332201, 100, 'Non velit tempore.\r\nNostrum sit sed. Cum id perspiciatis. Ipsam eius officiis. Obcaecati tenetur eum. Ratione voluptatem ipsam. Beatae amet ut.\r\nMinima sunt rerum. Quibusdam delectus quia. Asperiores.', 21),
(123, NULL, NULL, 423675, 5, 'Blanditiis unde ratione sed sunt eveniet illum expedita error accusantium. Sit error sunt sed non eaque. Et nihil nemo! Quod modi omnis. Iste sunt autem.', 4),
(124, 819213, 'Direct Debit', 372348, 136, 'Beatae veritatis soluta accusamus sed omnis dolor voluptatem; facere a ut. Quia tenetur est. Autem deleniti corporis; perspiciatis natus consectetur. Veniam autem qui. Aut blanditiis et.', 2),
(125, 846055, 'WebMoney', 502454, NULL, 'Eveniet quam dolor. Consectetur sit adipisci. Velit eos ratione.\r\nSit repudiandae explicabo. Unde aut quod. Odit sint et. Aut minus ut. Iste quo pariatur. Autem iste dolor; iste aspernatur delectus.\r\n', 96),
(126, NULL, NULL, 187782, 54, 'Qui est perferendis. Natus inventore possimus!\r\nNecessitatibus maxime et. Voluptatem ratione error. Ut alias rerum. Modi voluptates sunt. Non eos qui! Suscipit quaerat qui.\r\nEt explicabo cupiditate. Non.', 99),
(127, 435959, 'Credit Card', 698850, 121, 'Et sit illo. Sapiente incidunt repellat? Distinctio voluptatum et. Recusandae ut animi.\r\nExplicabo aut beatae. Cumque aperiam voluptatem. Eos impedit autem. Sint inventore et. Quis dolor voluptatem?\r\n', 29),
(128, 612925, 'Direct Debit', 840088, 149, 'Dolorem ut iste voluptates voluptatem omnis. Est quis sit, fugit quisquam qui architecto atque voluptatem vel! Saepe aut consequatur.\r\nError natus beatae. Est nesciunt natus?', 45),
(129, 120125, 'Direct Debit', 765051, 7, 'Placeat veritatis, repudiandae eos qui animi et esse itaque sunt. Sapiente alias nihil animi rem tenetur aliquid, rerum et fugit.', 25),
(130, 665319, 'PayPal', 721693, 8, 'Omnis iste quia voluptatibus est expedita. Voluptatem et eligendi mollitia voluptate ut sit quia corrupti. Quae consequatur cupiditate omnis sit neque est fugiat pariatur? Delectus dolor mollitia!', 17),
(131, 481082, 'Credit Card', 758724, 95, 'Explicabo est doloribus esse facilis accusantium velit et dolorum. Error unde sint quis error voluptatibus in. Aut ullam voluptatem numquam dolore magnam et. Praesentium dolorem quaerat. Deleniti aut!', 10),
(132, 194403, 'WebMoney', 311039, 37, 'Quae id perferendis. Consequatur excepturi magni. Quasi natus porro.\r\nOmnis vel tenetur. Animi debitis non! Aliquam omnis adipisci. Mollitia dolore et; esse totam quia. Obcaecati repudiandae officiis.\r\n', 94),
(133, 804801, 'WebMoney', 435318, 146, 'Laudantium cum optio iste laboriosam, qui aliquam accusamus similique sit.', 30),
(134, NULL, NULL, 470654, 98, 'Dolorem omnis facere. Porro ullam quae. Quo qui consectetur. Incidunt a iste.\r\nQuis provident officiis. Corrupti id consectetur. Sequi quia quis. Doloribus omnis qui? Ipsa quo praesentium. Molestias.\r\n', 20),
(135, 606719, 'Credit Card', 194671, 52, 'Sit similique sed dolores.\r\nQuisquam quis ex quia tenetur omnis cumque recusandae id. Error autem dolorem. Unde consequatur et. Et voluptatem deserunt. Esse quod molestiae;', 15),
(136, NULL, NULL, 366944, 137, 'Quia quos exercitationem quia adipisci et voluptatem molestiae aliquam. Aut amet aperiam accusantium.\r\nNatus iusto, error et eligendi est consequatur sit odio et.', 49),
(137, 897044, 'Credit Card', 540460, 130, 'Omnis id voluptatem. Necessitatibus nisi maxime. Dolorum et aliquid! Nobis quam nam. Quia iusto iure? Omnis qui maxime! Et voluptas nemo; est necessitatibus et. Fuga assumenda cumque. Debitis id.', 78),
(138, 98083, 'PayPal', 686404, 125, 'Nam beatae sunt deserunt quaerat repudiandae omnis aut esse voluptas. Ullam autem architecto, natus enim voluptatem ut aut tempora quis.', 94),
(139, 872682, 'Check', 630627, 44, 'Sint assumenda inventore. Nesciunt sit totam. Rerum iste quos. Odit animi omnis. At error quos. Id et facilis. Aut pariatur consequatur. Animi ut quam.\r\nError ea temporibus. Quo quia et. Itaque nihil.\r\n', 100),
(140, 120872, 'Check', 572436, 46, 'Nihil aspernatur quod. Quam sed in? Culpa est aut! Voluptatem dicta quam. Velit rem aliquam. Incidunt maxime sit! Dolores labore dignissimos.\r\nNesciunt aperiam molestiae; numquam adipisci unde. Et?\r\n', 17),
(141, 155943, 'PayPal', 314748, 115, 'Error quia cumque. Ducimus sed ut. Aut similique natus. Modi sed et. Nihil sequi quia! Beatae voluptatem voluptatibus. Assumenda eius quae! Eaque quaerat expedita.\r\nQuasi maiores autem. Nobis aliquid.', 2),
(142, 26593, 'WebMoney', 475739, 90, 'Perspiciatis fugiat laudantium. Aut deleniti natus. Totam quia quaerat; facilis ea ullam. Ut velit minima. Rem aperiam in. Ad culpa et...\r\nSit necessitatibus voluptas. Modi suscipit laborum!\r\nQuia ipsa.', 95),
(143, 492307, 'WebMoney', 533444, 101, 'Tempore unde consequatur. Ad quo et.\r\nEt quam ipsam. Consequatur qui ut. Beatae ut laboriosam.\r\nOdit voluptas magni; aut quia dicta; totam consequatur et? Unde nostrum laudantium! Et ut consectetur. Sit.', 80),
(144, 308308, 'Check', 223223, 7, 'Dolores iure sit.\r\nEt voluptas suscipit. Dicta optio quia. Ex nemo asperiores! Ducimus natus veritatis. Hic eius sed. Fugiat adipisci non.\r\nConsequatur voluptas corporis. Fuga laudantium dolores. Aut?', 100),
(145, 581195, 'Credit Card', 216724, 14, 'Omnis ducimus voluptatibus. Pariatur fugiat quis. Aut rem qui. Sit nesciunt unde. Sit quae exercitationem! Dolores non beatae. Ut et earum! Vitae et quidem.\r\nDolor error sed. Quas sit expedita. Ea.', 41),
(146, 10341, 'PayPal', 8733, 89, 'Consectetur quia sint. Error rem quis quos temporibus. Distinctio iste quidem in expedita. Sit repellat et dolores sed corporis et placeat rerum voluptate.', 88),
(147, 413461, 'Direct Debit', 153431, 58, 'Est laboriosam porro. Labore eos consequatur! Totam ea a. Maxime quis non. Expedita minus sed. Tempora aut consequatur!\r\nCumque id eum. Officia quis consectetur. Ullam sed consectetur.', 35),
(148, 768050, 'Credit Card', 503018, 126, 'Maxime qui est necessitatibus. Qui aut ut!\r\nQui a ut voluptatum sed iste est voluptatem accusantium. Qui exercitationem ipsam. Veniam ut voluptas. Obcaecati aut facilis.', 35),
(149, 567078, 'Check', 764794, 1, 'Iusto tenetur est. Quod tenetur recusandae; enim rem non? Reprehenderit hic consequatur. Non debitis consectetur? Quas aut error. Qui est eveniet!\r\nNon sed sit. Officiis omnis dolorem! Praesentium.\r\n', 79),
(150, 894845, 'PayPal', 773097, 107, 'Dolores quo eaque. Quod et animi.\r\nOmnis ad officiis. Et ut voluptas! Laboriosam dolor mollitia. Nisi ipsum sed. Sed molestiae assumenda. Perspiciatis voluptatum laboriosam! Iste quis accusantium.', 46),
(151, 696904, 'PayPal', 15588, 76, 'Aliquid reiciendis cumque. Non dolores labore. Exercitationem sit qui; vel fugiat sit. Consequatur et blanditiis; sapiente aut aliquid. Dolore iste molestiae; enim eligendi dignissimos.\r\nSimilique.\r\n', 38),
(152, 187299, 'Direct Debit', 139316, 2, 'Quis odit, tempore illo error provident dolores adipisci sit quas. Qui fugit cum quia earum in ea quia quo vero...', 51),
(153, 258640, 'PayPal', NULL, 95, NULL, 42),
(154, 88361, 'Check', NULL, 55, NULL, 94),
(155, 377347, 'WebMoney', 98965, NULL, 'Corrupti aliquid ut. Dolor dolore sapiente! Aut voluptatem rerum. Perspiciatis culpa error. Provident quis est. Nesciunt exercitationem voluptatem? Quaerat temporibus ea. Harum vitae delectus. Rerum?\r\n', 33),
(156, 608095, 'Check', 85188, 55, 'Aliquam rerum aut; qui sit delectus. Itaque veniam nesciunt; blanditiis aut natus. Ipsum recusandae porro; explicabo beatae qui. Provident voluptatem ut. Alias enim qui! Iste quia dolores. Ad iure ut...\r\n', 75),
(157, 450154, 'PayPal', 365699, 51, 'A et ab. Ut porro magnam! Laboriosam praesentium maxime. Voluptatum ex quia? Sunt sed fuga.\r\nConsequuntur totam maxime. Aut omnis enim! Repellat voluptatem veniam. Ab ut natus. Alias delectus sunt?\r\n', 25),
(158, 696146, 'WebMoney', 871428, 51, 'Voluptatem quia dolor. Sed minima aut voluptatem neque! Culpa adipisci, ut libero doloremque aut aspernatur omnis laboriosam perspiciatis. Ad minus porro alias fugiat sunt omnis;', 96),
(159, 595524, 'PayPal', 792488, 135, 'Rerum aliquid veniam perferendis et eos. Molestiae unde iste qui perspiciatis adipisci. Dolor eaque quasi. Corporis soluta minima! Unde quae voluptatum. Deserunt perferendis dolore! Nostrum minus.', 10),
(160, 239993, 'Bank Transfer', 95753, 67, 'Non error quia. Harum suscipit est. Sed veritatis natus. Facilis unde rerum. Autem facere amet. Atque error impedit. Quae corporis quis! Voluptas omnis error. Ut sed atque. Dolore deleniti.\r\n', 82),
(161, 646476, 'Direct Debit', NULL, 2, NULL, 58),
(162, 151102, 'Credit Card', 809335, 148, 'Sit cupiditate consequuntur exercitationem sapiente eaque autem repellendus unde est. Pariatur est quae. Quaerat maiores sunt. Deleniti necessitatibus nostrum; blanditiis unde expedita; ut perspiciatis.', 75),
(163, NULL, NULL, 474671, 68, 'Aut maxime dolorem. Qui ipsam omnis? Sit est quia! Error consequatur pariatur. Provident eaque et. Et ut sit; recusandae et sequi.\r\nLabore animi in.\r\nVoluptatum et voluptatum. Iste adipisci placeat.', 30),
(164, 821889, 'WebMoney', NULL, 106, NULL, 95),
(165, 644613, 'Direct Debit', 512045, 10, 'Beatae eveniet similique. Omnis repellendus molestias. Eos provident ratione! Corrupti ipsum explicabo. Labore omnis aliquid; voluptas sit deleniti.\r\nEa perspiciatis iste. Deserunt molestiae sit! Quia.', 10),
(166, 524638, 'PayPal', NULL, 92, NULL, 30),
(167, 727014, 'Bank Transfer', 621759, 100, 'Qui dolores quia fuga sit quo veniam. Error assumenda, voluptatem non quod animi corporis dolor animi dicta. Saepe qui facilis! Provident et impedit. Sequi totam eum! Distinctio iure error; consectetur.', 23),
(168, NULL, NULL, 16167, 150, 'Facere molestiae et; tempore amet nobis quas sit voluptatem. Omnis nihil in. Temporibus est quia dicta maxime culpa atque dolores unde reprehenderit.', 64),
(169, 695845, 'PayPal', 834490, 136, 'Maxime consequatur nobis. Et sit qui! Perspiciatis deserunt nisi. Ut omnis sit. Delectus optio voluptatem? Nulla inventore voluptatem.\r\nRepellendus ipsa exercitationem. Cumque voluptas facilis.\r\nNatus.', 93),
(170, 567309, 'Check', 170986, 99, 'Corporis deserunt et hic laboriosam temporibus dicta et cum. Ea ab et dolore. Minima atque reprehenderit. Facere enim est cumque quasi! Rerum ullam praesentium labore consequatur est sint ut in.', 85),
(171, 127089, 'Check', 78468, 119, 'Et aut ipsa.\r\nSunt eligendi ex. Aut cum error? Ullam saepe vel. Ut reprehenderit accusamus. Omnis perspiciatis natus! Quam dignissimos qui.\r\nAsperiores sed atque. Ullam odit vel. Inventore harum qui.', 84),
(172, 282308, 'Bank Transfer', 792584, 86, 'Unde dolorem eligendi; officia dicta quae. Similique accusamus explicabo. Quia et qui. Ut incidunt ipsam. Ut voluptatum consectetur; accusantium architecto similique. Et nam doloremque! Exercitationem.', 38),
(173, 796342, 'WebMoney', 115320, 70, 'Ipsam aperiam voluptatum. Sed deserunt eligendi! Quo perspiciatis ipsa.\r\nIusto eius voluptate; quia et ratione. Quaerat quia nostrum.\r\nDucimus rem sint. Voluptas animi repudiandae. Maiores vel autem!', 42),
(174, 529295, 'WebMoney', 276696, 130, 'Vero quam cupiditate saepe consequuntur dolorem sit error beatae. Est quia ea minima cupiditate et voluptatem. Et eos unde praesentium.\r\nSit sint ut. Aut nihil nesciunt!', 47),
(175, 478045, 'Credit Card', 152159, 1, 'Et ut nihil est corporis quas adipisci. Ut suscipit id. Dolor voluptatem aperiam et reprehenderit qui quae ipsam qui! Facere ad ut est quas consequatur debitis exercitationem quia magnam.', 52),
(176, 704682, 'WebMoney', 573104, 20, 'Similique sint corrupti quisquam et quia, quam omnis quis consequuntur.', 56),
(177, 716270, 'WebMoney', 537570, 80, 'Commodi inventore quis est. Consectetur sunt quasi enim; architecto et dicta nostrum quia quis in aut deserunt velit.', 8),
(178, 527869, 'WebMoney', 779273, 3, 'Sapiente rerum quam nostrum sed quam porro aut nam. Numquam aut perferendis sit aut repellat qui dolor? Rerum tenetur nostrum eum laudantium et nemo ratione!', 66),
(179, 522199, 'Credit Card', 761649, 1, 'Eligendi quisquam error voluptatibus facere. Rerum est perspiciatis non repellat omnis pariatur cumque? Exercitationem dicta omnis. Harum non molestiae; voluptatem est amet; sunt rem nihil.', 3),
(180, 887496, 'Bank Transfer', 268213, 18, 'Inventore voluptatem harum. Aliquam sunt ut! Vel suscipit tempore. Dolorem voluptatem ipsum? Totam et facilis. Nobis et beatae. Ea quo voluptatum!\r\nQuos iste sint. Dicta voluptatem rerum. Earum eaque.\r\n', 86),
(181, 537463, 'PayPal', 756541, 115, 'Quod natus corrupti nostrum id. Accusamus vel deserunt? Ut ex nisi. Et nisi atque! Natus voluptatem placeat. Maiores unde sapiente!\r\nQuia at nihil. Sed eum exercitationem!', 2),
(182, NULL, NULL, 842949, 26, 'Ut qui repellat; dignissimos voluptatem unde.\r\nMolestiae iste aut. Voluptatem voluptatum eos.\r\nTempore tenetur non. Deserunt voluptatum ad. Ut ipsum eveniet! Magnam inventore quo. Labore possimus cum.', 63),
(183, 316946, 'Check', 555278, 93, 'Non quod error, qui animi non dolores aliquam voluptas dolor.\r\nCumque accusantium eius iste. Dolor et recusandae. Porro eos culpa? Recusandae harum sequi...\r\nLabore mollitia modi.', 88),
(184, 387958, 'PayPal', 779456, NULL, 'Aliquam soluta iusto. Asperiores qui aut! Ut debitis distinctio. Itaque quis non. Et quia et. Voluptas sunt et. Natus perspiciatis dignissimos! Tenetur odit et. Et nam ipsum.', 36),
(185, 334487, 'Bank Transfer', 537047, 139, 'Omnis id rerum consequatur incidunt rerum incidunt est mollitia; tempora sed quam natus repellendus qui aliquam sit est. Eos sit maxime; porro voluptatem ullam? Numquam a error. Reprehenderit ut.', 16),
(186, 127496, 'Check', 610033, 127, 'Necessitatibus unde vel. Culpa et quisquam. Sit dolores blanditiis. Aut et ut! Voluptates beatae et. Architecto dolores ducimus? Iusto similique est! Dolorum dolor aut. Nulla veniam et.\r\nSit esse quo.\r\n', 38),
(187, 609663, 'Credit Card', 559789, 24, 'Quis maiores iusto voluptate veritatis veniam illum in sunt a. Qui inventore aliquid accusantium laboriosam placeat fugiat necessitatibus? Provident aut obcaecati. Repellat ut quasi. Quia voluptatum.', 91),
(188, 69127, 'Check', 580682, 42, 'Dolores omnis illo. Quia quod quos.\r\nOdio repudiandae nam. Mollitia voluptas sit. Officiis quidem optio! Sed et dicta. Fugit suscipit dignissimos. Amet ipsam temporibus. Impedit labore autem; ab rerum.\r\n', 23),
(189, 326610, 'Credit Card', 840770, 145, 'Sapiente unde soluta. Ut et non? Porro maxime dolor. Neque unde ducimus. Fuga cum reprehenderit. Cupiditate iste doloremque! Qui explicabo ex. Beatae voluptates omnis? Non quis sequi. Necessitatibus.', 26),
(190, 409575, 'Bank Transfer', 268290, 16, 'Nam aliquam sit. Quo perspiciatis autem. Cumque iure ab. Ex quo harum! Ducimus tempora officiis? Natus ut nisi. Tempora animi ipsum. Ipsa ut odit. Aliquam reprehenderit quia. In consectetur assumenda...\r\n', 50),
(191, 43511, 'WebMoney', 545681, 24, 'Et vel quae; ut dolores repudiandae. Quae est unde! Fuga iure aliquid. Cupiditate saepe ut! Quaerat incidunt sit. Unde rerum natus. Alias vitae natus? Et totam error. Beatae laborum fugiat!', 68),
(192, NULL, NULL, 186725, 150, 'Sunt velit iste. Impedit omnis sit. Enim omnis autem. Ut perspiciatis minima? Perspiciatis quis consequatur.\r\nVel natus consequuntur. Voluptatibus laudantium dolorem. Sunt enim cumque.\r\nAut quos rerum;', 21),
(193, NULL, NULL, 362427, 139, 'Qui voluptate vel. Unde voluptas libero. Ipsam perferendis non. Illum in tempora. Magnam est dolores. Temporibus perspiciatis illo. Omnis repudiandae quia. Error ut suscipit; ea dolore eos? Dolor.\r\n', 77),
(194, 545560, 'Bank Transfer', 697478, 42, 'Ex omnis dolore.\r\nIste error accusamus repellat. Sint sunt maiores et non voluptatem.\r\nPerspiciatis esse fugiat. Repellendus iste autem. Iste nisi eum! Dolores fugit laudantium.', 19),
(195, 404373, 'Bank Transfer', 645735, 57, 'Accusamus eum rerum. Repellat nobis ut. Pariatur ipsum ut! Ut iusto modi; voluptatem odit ea. Sit odit qui. Quis enim laudantium. Iure dolores aut? Optio impedit aut; quia cum velit.\r\nAsperiores dicta.\r\n', 43),
(196, NULL, NULL, 829806, 68, 'Sed ut at. Unde et quo. Nulla inventore odit! Deleniti aut consequatur. Facere quae consequuntur; ea molestiae qui. Optio dolores illo.\r\nQuam corrupti quo. Fugit quo neque! Autem dolores maxime?\r\n', 92),
(197, 520119, 'Bank Transfer', 515409, 86, 'Velit voluptas perferendis. Neque perspiciatis qui? Error quia vel! Iste nemo est. Quasi perspiciatis recusandae. Recusandae quod sed. Omnis error rem!\r\nVoluptas error qui.\r\nReprehenderit sapiente.', 15),
(198, 778996, 'WebMoney', 525365, 62, 'Recusandae ut et; et qui quia.\r\nEx totam aut. Voluptas voluptatem omnis! Est ipsam optio. Debitis et ut! Qui eaque eum; dignissimos quia et; praesentium velit dolorem; ipsam quasi eveniet...', 2),
(199, 210704, 'PayPal', 482947, 6, 'Dolores et consequatur. Dolorem ratione praesentium.\r\nNeque quo voluptas. Optio quaerat ut. Cumque corrupti rem? Omnis reprehenderit quia. Sed enim ad. Ut velit ea. Facere ratione quia. Qui iste sequi.', 70),
(200, 578046, 'Direct Debit', 250926, 111, 'Ipsam tempore officia; fugiat quia velit veniam; quia voluptatem sed? Et accusamus velit quas et labore maiores, et rerum sunt!\r\nDolores enim rem. Dolorum iste perspiciatis. Nihil veniam similique.', 6),
(201, 59146, 'Credit Card', 686128, 122, 'Aperiam voluptatem eligendi. Non qui sit! Maxime nostrum iste? Nisi sint corrupti. Et qui quis. Sequi nulla ea! Tempora voluptatem optio? Dolorem et perferendis! Est dicta nulla.\r\nVoluptatem esse eum.\r\n', 71),
(202, NULL, NULL, 611854, 27, 'Maiores vitae laboriosam. Perspiciatis saepe perferendis! Repellat sed sit. Quaerat ipsam omnis.\r\nNecessitatibus omnis placeat. Unde natus aut. Ut ratione voluptatem. Necessitatibus est incidunt? Quis.\r\n', 71),
(203, NULL, NULL, 430322, 136, 'Autem nemo perspiciatis. Cumque odit iusto. Minus aliquam iste? Exercitationem similique aperiam; exercitationem explicabo deserunt.\r\nError ut laborum. Ut unde sit. Ut et quia. Dolore vel aspernatur;', 28),
(204, 463579, 'Credit Card', 325606, 31, 'Ut molestiae obcaecati. Aut et temporibus. Commodi eveniet natus? Voluptas quis ratione. Quas adipisci deserunt. Aut quisquam corporis. Id corrupti similique. Quas nostrum magnam.\r\nInventore aut quasi.', 75),
(205, 348846, 'Direct Debit', 511950, NULL, 'Et repellat omnis. Qui quia quisquam quia rerum; non voluptas sit. Ipsum veniam alias. Quaerat libero aut? Et veritatis necessitatibus; doloremque repellendus voluptatem.\r\nDolor unde amet.', 15),
(206, NULL, NULL, 81273, 22, 'Consectetur placeat similique.\r\nAsperiores aut illo.\r\nLaboriosam dolor tempore. Quia obcaecati eos! Quasi magni voluptatem. Delectus consequatur numquam. Consequatur voluptatum quia! Doloribus error.', 73),
(207, 726313, 'Direct Debit', 544858, 66, 'Iusto numquam debitis ullam dolorem quia et qui. Illo vitae perspiciatis nemo reiciendis nisi fugit quasi omnis quia. Ipsum sint vitae ut et fugit repudiandae laboriosam.', 61),
(208, 766114, 'WebMoney', 128491, 36, 'Repellendus ex aut. Ullam qui cum. Voluptates omnis alias. Minus omnis in. Debitis error similique. Error iste obcaecati; architecto et odio. Nobis incidunt vel!\r\nFacilis sed dignissimos. Temporibus;', 28),
(209, 585081, 'Check', 540315, 3, 'Voluptatibus fuga architecto. Id est rem. Natus qui explicabo! Dolor voluptatem adipisci.\r\nAliquam et itaque. Iure ut consequuntur; iure rem ipsa? Aut dolores quo. Quas distinctio ut.\r\nRepudiandae autem.', 40),
(210, 887979, 'PayPal', 330447, 13, 'Praesentium sequi magnam. Dolores blanditiis porro.\r\nItaque ipsam aliquam et aperiam nihil; et voluptas dolores; quod et fugiat.', 80),
(211, 500703, 'Bank Transfer', 630987, 120, 'Neque ea officia sit quis tempora asperiores, temporibus nihil tempore; minus incidunt voluptates explicabo quia rerum sit, labore pariatur accusantium.', 59),
(212, 674957, 'Direct Debit', 379544, 118, 'Ratione iure velit. Quis eos aspernatur. Consequuntur minima perspiciatis! Voluptatem velit enim. Est nihil omnis! Qui et impedit...\r\nDolores sed a. Iste aliquid ipsum! Non ea voluptas. Voluptatem aut;\r\n', 100),
(213, 210138, 'PayPal', NULL, 136, NULL, 96),
(214, 359553, 'PayPal', 54097, 123, 'Eum quia neque officiis sed illum porro labore natus harum; expedita neque error, sint aut nihil mollitia tenetur amet odit.', 80),
(215, 584333, 'Check', 424449, NULL, 'Cupiditate ducimus consectetur. Voluptates illo recusandae; aut dicta voluptas. Iusto voluptatem officia! Architecto veniam voluptas. Laudantium adipisci voluptates. Sunt ullam a; iure veniam fugiat.\r\n', 69),
(216, 688807, 'WebMoney', 558109, 39, 'Voluptates illo itaque beatae aut quo neque sequi quo possimus. Voluptas dignissimos ipsum voluptatem. Atque est numquam. Aut qui illo!\r\nCulpa sed omnis.\r\nAccusantium adipisci pariatur.', 66),
(217, 647693, 'PayPal', 720022, 63, 'Rerum vitae voluptatem. Voluptatem eaque et! Ut voluptas consequatur.\r\nSunt vel iste. Perspiciatis quo est! Doloribus rem asperiores. Iste nihil accusamus! Ut sed incidunt. Praesentium ad in!', 100),
(218, 46979, 'Check', 778890, 92, 'Ut veritatis ut magni vel sit modi ducimus dolore eum; rem quia autem; adipisci nesciunt aut. Suscipit aliquid ut. Iusto tempore a. Repellendus eius sed;', 4),
(219, 792654, 'WebMoney', 767136, 5, 'Necessitatibus doloremque placeat; obcaecati ex aliquam. Recusandae est magni. Unde eligendi exercitationem; quaerat modi ut; vitae quis veritatis.\r\nMinima porro ad. Voluptatem harum deserunt.\r\n', 90),
(220, 801945, 'Direct Debit', NULL, NULL, NULL, 41),
(221, 770723, 'WebMoney', NULL, 6, NULL, 46),
(222, 184681, 'WebMoney', 704549, NULL, 'Ducimus iure ut. Eum tempora et. Et eveniet ab. Quia doloribus blanditiis. Mollitia eius perferendis. Nemo autem ipsum. Illum error distinctio! Ut omnis aut. Doloremque rerum a. Voluptas unde error.\r\n', 33),
(223, 318512, 'Direct Debit', 66381, 109, 'Molestias expedita vero. Obcaecati ratione voluptates. Quos eius repellat! Ex ab sed? Perspiciatis quo dolorum. Maxime soluta repellendus.\r\nConsequuntur beatae laudantium. Obcaecati placeat debitis.\r\n', 50),
(224, 130233, 'Bank Transfer', 782748, 138, 'Itaque alias aliquid. Et vitae blanditiis? Sit quasi molestiae. Dolor est iure. Autem et sit. Tempore et voluptatibus. Accusantium at officia? Non neque asperiores! Adipisci ea aut; eligendi sunt.\r\n', 58),
(225, 347265, 'WebMoney', 225158, 60, 'Sed dicta ut quasi cupiditate ratione. Rerum similique earum? Soluta maiores sit. Perspiciatis autem distinctio. Sunt omnis itaque. Numquam sunt officiis. Maiores architecto obcaecati.\r\nFugit explicabo...', 8),
(226, 247959, 'PayPal', 273657, 108, 'Minima omnis sint; ad perspiciatis ipsam. Nemo hic rem. Magnam voluptates rerum. Qui dolor quas! Ullam ratione aut; aut qui quasi. Beatae aut repellendus; natus alias doloribus. Perspiciatis sed.\r\n', 7),
(227, 736883, 'Direct Debit', 226063, 67, 'Voluptates dolore non corporis ducimus dolorem. Explicabo illo aut omnis optio. Eos hic ut nemo eius reiciendis nemo necessitatibus omnis voluptas! Perspiciatis ipsam est; sequi natus autem. Dolore.', 68),
(228, 658083, 'WebMoney', 768304, 89, 'Atque fugit quia explicabo nisi sunt molestias ex. Nihil vel sed fugiat iure sint minus recusandae unde culpa. Enim sunt non.\r\nSed accusantium ut. Magni natus molestias.', 81),
(229, NULL, NULL, 330054, 9, 'Hic error impedit. Ex voluptate illum. Quidem natus adipisci! Ut dolor eum? Quo excepturi et! Voluptatum quis facilis. Quaerat soluta inventore! Temporibus quis earum. Voluptatem suscipit nam.\r\n', 1),
(230, 287256, 'Direct Debit', 498106, 120, 'Explicabo voluptas ut; porro nulla debitis. Quia aut perspiciatis! Et error minima. Dignissimos dolores eos! Cumque non laborum. Voluptates enim velit. Enim rerum enim. Unde ut quam. Dolorum dicta.\r\n', 55),
(231, 490589, 'WebMoney', 627529, 70, 'Omnis et porro; suscipit rem dolorem...\r\nLaudantium dicta velit. Et velit aut. Eum consequuntur quam! Natus nostrum vitae. Omnis eveniet provident. Quisquam accusamus molestiae. Molestiae quia debitis;', 32),
(232, NULL, NULL, 681717, NULL, 'Accusamus aut suscipit voluptas; explicabo blanditiis est iste quia dolores deserunt pariatur doloremque. Repudiandae molestias cumque error ut quo aut. Quasi est animi autem est error amet odio...', 33),
(233, NULL, NULL, NULL, 100, NULL, 36),
(234, 273167, 'Bank Transfer', 470331, 17, 'In dolor odit. Magnam at atque recusandae qui.\r\nRepellat unde et eum molestiae ut eius laboriosam illo. Totam ut iure qui recusandae autem ratione placeat.', 73),
(235, 772040, 'Check', 819409, 101, 'Excepturi ab quasi quo et voluptatem; voluptas sit non dolor rerum dolorum voluptas. Atque impedit possimus error vel consequuntur incidunt! Dolor tempora totam. Quisquam officiis ea!', 75),
(236, NULL, NULL, 749265, 146, 'Repellendus blanditiis nobis. Modi laboriosam autem! Natus quidem sunt.\r\nDeleniti earum sed. Odit et eos. Sapiente repudiandae aperiam! Est quos fuga. Et voluptas perferendis. Aut voluptas et. Ipsa est.', 82),
(237, 643439, 'Bank Transfer', 794365, 139, 'A unde commodi. Voluptatem a eum. Fugiat vitae consectetur. Ut nobis quod. Saepe fugiat iusto? Doloremque aperiam est; molestiae maxime omnis. Inventore accusantium voluptatem. Ipsa ut quas. Omnis nisi!', 55),
(238, 628069, 'Bank Transfer', 43452, 40, 'Laudantium ipsam et; est voluptatem maxime. Commodi rerum non. Ut sit blanditiis. Cumque laudantium et!\r\nMolestiae corporis et. Consectetur sint dolores! Quos voluptatem quam. Sit consequatur nesciunt.', 21),
(239, 520868, 'WebMoney', 310239, 143, 'Nihil aut repudiandae. Alias asperiores voluptatem! Vitae sed impedit.\r\nSed error ad. Qui aperiam et? Minus itaque labore. Perspiciatis minima neque? Nisi eum iure.\r\nConsectetur eligendi ut. Adipisci!', 75),
(240, 276843, 'Check', 209312, 104, 'Amet vel consequatur nam earum. Sit ea sit.\r\nRem laudantium numquam. Dicta dignissimos placeat! Ea porro tenetur. Totam consequatur perspiciatis. Delectus deleniti assumenda! Sed blanditiis sequi.', 78),
(241, NULL, NULL, NULL, 56, NULL, 100),
(242, 595709, 'Credit Card', 664432, 89, 'Nemo odit sed. Eveniet est deleniti. Quo repellendus dolores? Quibusdam sit earum. Est accusamus quas. Et delectus ut.\r\nEt quasi voluptatum. Ut dolorem aut. Omnis illo voluptas! Minus eligendi ut?', 42),
(243, 182975, 'Direct Debit', 851419, 18, 'Dignissimos et nihil. Voluptatem incidunt id. Debitis quam placeat? Culpa ut dignissimos; aut sit deserunt? Qui incidunt temporibus. Est expedita consequatur. Perspiciatis dignissimos voluptates!\r\n', 44),
(244, NULL, NULL, 368574, 35, 'Sit vitae natus sit unde modi, sit minima rem culpa.', 17),
(245, 407518, 'PayPal', 301290, 148, 'Voluptas error doloribus. Provident et ea. Molestias quo earum. Ratione iste dignissimos. Maiores possimus qui. Ut error atque. Nulla nobis est. Officiis ut eaque. Consequuntur tempore id.', 19),
(246, 192239, 'Credit Card', 348161, 51, 'Beatae necessitatibus repellendus. Ipsum aut velit. Dolore ut voluptas. Omnis illo debitis. Qui et nisi. Et molestiae praesentium! Neque culpa ad. Adipisci facilis ut. Aut ut sequi; voluptatem quia.', 56),
(247, 360079, 'PayPal', 549667, 141, 'Omnis necessitatibus debitis ut. Beatae ad veniam a quaerat excepturi qui neque. Ex omnis hic in rerum aut quis sed non voluptas? Consequatur repellendus voluptatem ex voluptatem nostrum debitis et.', 77),
(248, 61784, 'WebMoney', 450771, 7, 'Eum velit ipsam. Atque quas dolor. Dolorem earum sequi.\r\nEt saepe magnam. Tempore ratione fugit. Rerum id vel! Quidem ut soluta; quia vero et. Corporis aut sed. Iste culpa numquam.', 92),
(249, 853232, 'Bank Transfer', 10932, 134, 'Qui nihil iste. Ut nihil totam. Commodi id culpa.\r\nId dolores sit; ratione eum ea. Qui laboriosam aut. Exercitationem dolor omnis? Ut recusandae ut!\r\nSed quos repellat. Molestiae aliquam molestiae.', 12),
(250, 898140, 'Credit Card', NULL, 106, NULL, 54),
(251, 291829, 'Bank Transfer', 157407, 24, 'Eius architecto obcaecati iusto dolorum id. Suscipit quia facere nostrum exercitationem iste enim ex quasi. Nisi voluptatem ipsam officiis et rerum. Molestias tempore sit. Perferendis dolorum ut...', 64),
(252, NULL, NULL, 725450, 55, 'Hic architecto est; maiores quam omnis. Ad quidem nisi? Quam aut natus. Sint unde quasi? Labore enim consequatur. Velit aut voluptatem. Consequatur et voluptas. Qui beatae dignissimos. Corporis ut!\r\n', 85),
(253, 294262, 'WebMoney', 460481, 26, 'Deleniti assumenda ad sint voluptatem pariatur saepe. Laudantium magnam corporis ducimus adipisci perferendis...\r\nAut odio distinctio ut quia tempora. Voluptatem consequatur voluptatem. Unde ratione qui.', 77),
(254, 612583, 'Direct Debit', 803593, 8, 'Et dolorem voluptate eum ex voluptatibus ut consequatur impedit commodi.', 73),
(255, 479893, 'Bank Transfer', 57907, 88, 'Et ullam recusandae illum necessitatibus iste magni provident eius. Omnis neque rerum quis sint corporis minima! Minima voluptas totam error veniam sit sint rerum. Velit nulla beatae; dolore repellendus.', 31),
(256, 302165, 'WebMoney', 150938, NULL, 'Sed corporis tempora. Ullam est aut! Voluptatem illo voluptas.\r\nAd sequi tempora. Repellendus saepe neque? Deserunt voluptatum quae.\r\nAd autem tenetur; qui rerum voluptatum? Sed laudantium sapiente!', 76),
(257, 298844, 'Bank Transfer', 230439, 129, 'Repudiandae voluptates aut. Voluptatem iusto fugiat. Sequi consequatur quidem! Sit ut voluptatem. Sunt commodi et. Accusantium voluptatum repellat.\r\nIste qui officiis; corporis voluptatem maxime. Natus?', 22),
(258, 334349, 'WebMoney', 380109, NULL, 'Quisquam possimus et. Quos iste ad? Consequatur harum iusto. Perferendis exercitationem est. Aut numquam ut!\r\nSit dignissimos quos. Tempora consequatur nostrum! Voluptatem ea voluptatem. Soluta sit.\r\n', 88),
(259, 476723, 'WebMoney', 830030, 32, 'Nisi quia cumque. Excepturi quaerat quasi! Dolore ut dolore. In officiis et! Id quasi qui. Vel ducimus voluptatem. Dolore eos repudiandae.\r\nAut perspiciatis eum. Et provident ipsa. Pariatur soluta;', 25),
(260, 666706, 'Credit Card', 124739, 13, 'Omnis aut sed et iste alias sed ut saepe accusamus. Autem sunt natus minus architecto repudiandae itaque, cum et consequatur.', 2),
(261, 588577, 'Check', 248072, 9, 'Nesciunt similique eveniet. Temporibus porro quaerat. Ut error qui. Error culpa sed; laboriosam voluptatibus quia. Omnis iste nemo? Quia amet sint. Tempore et consequatur! Quos nemo vero.', 88),
(262, 325044, 'Bank Transfer', NULL, 9, NULL, 97),
(263, 109403, 'Check', 785918, 83, 'Dicta ratione nobis.\r\nSapiente error sint. Omnis optio sit? Enim voluptas iure! Doloribus voluptatem alias...\r\nAut porro qui. Vel quis aperiam. Aliquam praesentium sint. Libero aspernatur alias.', 72),
(264, 314748, 'Check', 239826, 2, 'Consequatur eius et; nihil veniam necessitatibus. Eos est nam! Dolorum quibusdam esse. Eligendi necessitatibus ex; molestias sit rerum. Eum error omnis. Beatae non assumenda. Sit minima iste.', 56),
(265, 268190, 'PayPal', 716271, 69, 'Reprehenderit saepe odit. Ipsa blanditiis consequatur. Dicta sed similique. Iste fugiat sed. Ab sit et? Dolorum similique placeat. Ratione iste est. Totam quam enim! Ab blanditiis ut. Aut deleniti!\r\n', 9),
(266, 754014, 'WebMoney', 835627, 57, 'Sunt necessitatibus aliquam. Labore qui debitis. Dolore omnis error. Aspernatur consectetur repudiandae! Excepturi nostrum natus; asperiores consequatur aliquid. Nemo aut tempore. Cum ut modi? Dicta.', 17),
(267, 12471, 'Direct Debit', 239488, 101, 'Voluptate odit ab. Rerum sed ex? Harum adipisci excepturi. Id reiciendis ab. Molestiae laborum aut? Ea aliquam earum! Accusantium qui voluptatem. Corporis ab nemo. Quis totam quis.\r\nExplicabo voluptas.', 91),
(268, 848262, 'Check', 455774, 28, 'Ullam omnis repellat; ea rem eveniet. Unde voluptatem rem. Voluptatem quia molestiae. Nemo eveniet sed! Eos sit illum...\r\nOdit in debitis. Iste ullam sit; impedit animi maiores; repellendus pariatur.', 74),
(269, 731884, 'Check', 285294, 66, 'Voluptatem explicabo magnam. Ut suscipit tempore. Rem illum ea. Ullam et voluptatem? Unde aut et. Unde sit consequatur...\r\nRepudiandae perferendis et. Odit nemo praesentium. At rerum totam; aut.\r\n', 66),
(270, 709802, 'Direct Debit', 867576, 102, 'Consequatur quia eveniet aliquid omnis repudiandae aliquid.\r\nLabore error et. Consequatur dolores sit accusantium ut corrupti delectus incidunt ex! A molestias veniam reprehenderit. Beatae reiciendis.', 62),
(271, 657430, 'Credit Card', 278460, 148, 'Voluptate quasi eum culpa exercitationem rem quo dolor aliquam vel. Labore perspiciatis voluptatem aspernatur veniam voluptate incidunt quisquam esse rerum...', 10),
(272, 864193, 'PayPal', 194662, 119, 'Similique qui dolorem pariatur porro maxime enim error. Nam quibusdam perspiciatis et iusto corrupti quidem omnis. Dolore fugit placeat. Nostrum inventore laborum.\r\nQuia non id.', 36),
(273, 153657, 'Check', 310637, NULL, 'Modi error deserunt esse iste eum commodi. Repellat distinctio inventore. Aut rerum sed! Ut molestiae enim. Eum non sint. Temporibus enim omnis. Accusamus cupiditate sed.', 20),
(274, NULL, NULL, 863222, 89, 'Sit voluptatem rem.\r\nVoluptatem delectus quo. Ut voluptatem corrupti? Sit quam iusto. Quam nulla sunt! Ut assumenda unde; in voluptas porro. Quam ut doloremque? Omnis suscipit exercitationem!\r\nQuo.', 52),
(275, 198398, 'WebMoney', 735077, 23, 'Magni dolorem quaerat. Veniam sequi vel. Molestias sint modi? Perspiciatis atque sit. Corrupti maiores ut. Accusantium esse aut.\r\nDolores aut vitae. Eaque maxime consequatur. Nam enim hic. Tenetur!', 45),
(276, 90534, 'Check', 260290, NULL, 'Non qui quidem in quis ducimus quasi molestias quia.\r\nSit ut assumenda libero suscipit dolor. Eligendi facilis veniam quia natus aut exercitationem. Totam quam eius.\r\n', 33),
(277, 76164, 'Check', 40954, 17, 'Voluptas et in. Natus nobis et. Aut id veniam. Consectetur itaque eum. Eos quae dolorem. Vitae non harum. Et eum tempore. Voluptatem est praesentium. Et amet error.\r\nEst doloribus quibusdam. Eum dolor.\r\n', 89),
(278, 333898, 'Check', 107411, 27, 'Omnis iste qui rerum quia sunt nulla quasi qui.\r\nVel natus sit. In quia sed et beatae. Quia aspernatur consequatur! Atque sed soluta. Debitis velit nisi.', 53),
(279, 186343, 'Bank Transfer', 681011, 99, 'Et natus sapiente eos sed similique aspernatur.\r\nIste magni voluptatem.\r\nEnim natus harum; placeat distinctio quod. Cupiditate et omnis. Iure totam iure. Dolores nam minima.', 8),
(280, 891217, 'PayPal', NULL, 3, NULL, 70),
(281, 29545, 'Direct Debit', 156492, 98, 'Ipsam eveniet eos.\r\nIllum et autem; nostrum fugit qui. Dignissimos nobis velit. Unde odio alias.\r\nAmet aliquid perspiciatis. Doloribus eos aliquam. Sit et officia. Perspiciatis tempora perspiciatis!', 42),
(282, 445744, 'Direct Debit', 20105, 44, 'Eaque esse dolores. Unde dolore voluptatibus error in ea officiis sapiente nihil? Eum enim cum! Consequuntur explicabo quod. Distinctio velit sit; quo eos delectus. Quam ipsa eligendi. Incidunt.', 23),
(283, NULL, NULL, 95726, 23, 'Sapiente facere doloribus; quod error unde. Debitis est qui! Ut velit ut. Excepturi dolore sequi. Accusamus rerum blanditiis! Aut quia illum? Expedita esse unde. Nulla ut est.\r\nAperiam iste quia. Odit.\r\n', 84),
(284, 76502, 'Credit Card', 459438, 4, 'Sit in aspernatur aut. Doloremque sint dolores temporibus natus fugit! Iusto soluta adipisci tempora et labore voluptas iure. Omnis quis libero sit rerum.', 43),
(285, 362257, 'WebMoney', NULL, 136, NULL, 75),
(286, 588751, 'Credit Card', 330148, 143, 'Consequatur dicta rerum. Molestias est illo. Quis fugit deserunt.\r\nEst qui delectus. Et quia repellendus. Eum impedit eum. Nihil error est. Quasi distinctio at. Sit voluptatum praesentium. Id rerum.', 59),
(287, 141965, 'Check', 884504, 92, 'Esse dolorum impedit laborum et velit natus accusamus. Dolorum ut natus sit rerum quidem error aliquid saepe minus. Ullam et ut. Consectetur quas voluptatibus. Earum tempore ipsam. Obcaecati aliquid.', 82),
(288, 888899, 'WebMoney', 591438, 65, 'Non impedit est.\r\nMinus ea dolor. Eveniet distinctio alias? Porro vel ut! Libero qui est. Iste quos libero. Assumenda iste ipsa. Culpa quasi est! A molestiae dolores. Non voluptate possimus.\r\nInventore.', 14),
(289, 417372, 'Credit Card', 538815, 8, 'Tempore sit expedita. Odit omnis beatae; ut voluptatem commodi. Iste et voluptate; eaque ea modi; officia obcaecati iusto. Dolorem expedita rem; repellendus architecto ex. Impedit omnis ad!\r\n', 57),
(290, 569702, 'PayPal', 223181, 93, 'Incidunt sit tempora.\r\nHic et ut. Dicta veniam eum! Aut dolore rerum. Hic temporibus facilis; dicta et odio. A culpa est. Perspiciatis iure qui. Dolor architecto nihil.\r\nQuia ut laborum; nihil voluptas.', 10),
(291, 192164, 'Direct Debit', 377010, 3, 'Esse beatae vel; nihil rerum in. Consequatur voluptatem rerum. Est autem ipsa!\r\nHic quia culpa. Eum molestiae quia. Est sed unde.\r\nSed rem voluptas. Quod error ipsum? Velit quam suscipit; dolor cumque.', 95),
(292, 290275, 'Check', 664568, 140, 'A ducimus quibusdam. Et assumenda in! Distinctio reiciendis qui.\r\nVitae reprehenderit eum. Est aut doloremque. Quo aperiam tempora. Dolorem quia voluptatem.\r\nEum corrupti enim; dicta sit unde.', 34),
(293, 377474, 'Check', 846024, 37, 'Repudiandae aspernatur molestiae; error veniam non; accusamus recusandae molestias. Error sunt natus. Molestiae et perspiciatis? Et earum nostrum; laudantium aut eos...\r\nAccusamus excepturi animi.\r\n', 28),
(294, 818293, 'WebMoney', 322352, 44, 'Expedita quo dolor et ipsa. Eaque reiciendis maxime sunt! Maxime ut saepe sit. Magni veniam eos in! Ullam ad vitae omnis aut pariatur harum.', 66),
(295, 337610, 'WebMoney', NULL, 86, NULL, 48),
(296, 768566, 'WebMoney', 623737, 51, 'Aut accusantium reiciendis ut vitae est sit fuga cum. Aliquid dolorem molestiae sapiente! Beatae consequatur minus accusantium eum aliquid voluptas, nam est incidunt. Dolorem aut repudiandae.\r\nIste...\r\n', 84),
(297, 267655, 'Check', 258052, 15, 'Dolorem laudantium voluptatem esse laborum totam saepe ut labore ut. Et deleniti deserunt; ut eos illo. Sed corrupti minus. Fugiat corrupti mollitia. Sit sapiente aut!', 69),
(298, 75158, 'PayPal', 674011, 147, 'Sit qui modi. Dolor eos eius; neque unde perferendis; minima dolorem consectetur? Quaerat consequuntur sint! Ut voluptas repellat. Repellat facere totam! Et ipsum quae.\r\nEst aut dolores. Omnis voluptas?', 36),
(299, 798098, 'Check', NULL, 78, NULL, 45),
(300, 75490, 'PayPal', 380938, 91, 'Similique illum at aliquam perspiciatis. Et excepturi consectetur fuga aut voluptas sint cum! Saepe dolores aperiam omnis et dignissimos ullam maiores veniam sed.', 85),
(301, 393876, 'PayPal', 607975, 60, 'Pariatur commodi tempore dolorum quo voluptas qui voluptas. Qui molestiae est nisi et optio reprehenderit aut dolorem!\r\nIure ad quam. Veritatis itaque ut! Ut illum commodi. Asperiores et earum!', 41),
(302, 88803, 'Direct Debit', 489619, 40, 'Rem fugiat tempora; omnis sed voluptas. Ipsum voluptatem iste. Aperiam assumenda rem; non eligendi molestias. Quia expedita corporis.\r\nHic facilis sed; sit dolores earum. Error veniam accusamus. Alias!', 54),
(303, 161724, 'Bank Transfer', 129919, 93, 'Distinctio eius quam. Quia qui eaque; minus a consequuntur. Consectetur ipsa perspiciatis. Hic est error. Perferendis aut natus; nulla reprehenderit iste.\r\nVel perspiciatis dolores. Eligendi.\r\n', 100),
(304, 470517, 'Credit Card', 114472, 9, 'Animi consectetur odit; sit minus adipisci. Asperiores sit doloribus. Dolore at error. Eos distinctio voluptatem! Corporis necessitatibus aut.\r\nQui illum quasi. Consequatur fugit vero. Laboriosam et.', 46),
(305, 362807, 'Bank Transfer', 832148, 94, 'Quo enim sapiente unde iusto repudiandae voluptatem exercitationem. Et fuga delectus.\r\nNon unde ut. Quo cumque corporis; qui et rem.\r\nEarum ut magni. Sequi magni reprehenderit. Ut hic minima.', 14),
(306, 693091, 'Bank Transfer', 296176, 108, 'Voluptates sed natus perspiciatis. Non modi voluptatem atque voluptatem. Et dolorem officia ex hic earum debitis. Voluptatem dolore nam...', 60),
(307, 367213, 'WebMoney', 664140, 52, 'Magni consequatur saepe.\r\nExplicabo omnis quas. Dolor sequi corporis. Sed eius error! Debitis omnis enim. Qui non ab. Nam dolor aliquid; enim totam ducimus. Maxime non eos? Voluptatibus atque aut.\r\n', 64),
(308, 843205, 'WebMoney', 410305, 81, 'Et quod natus repellendus ut nesciunt. Laudantium autem natus ullam laudantium ad earum molestiae! Ipsam at sed voluptas hic aspernatur culpa ut unde mollitia.', 92),
(309, 220765, 'Direct Debit', 214076, 62, 'Ullam voluptatum eius dicta nulla nisi voluptatem et eos est...', 32),
(310, 747861, 'WebMoney', 625730, 108, 'Odit in laboriosam ullam itaque. Iure ea non voluptatem qui maiores non impedit obcaecati? Non culpa molestias omnis ut dolor et aspernatur. Ipsa inventore omnis temporibus natus error laboriosam quia.', 60),
(311, 720546, 'WebMoney', 383918, 103, 'Quos consequuntur eum quo provident et minus suscipit quos; rem qui et vel blanditiis voluptas non. Veniam ab nihil.', 31),
(312, 319850, 'Check', 775623, 1, 'Quia reiciendis consequatur...\r\nEt inventore quia; id ut adipisci. Omnis ut dolorem. Voluptatem nesciunt expedita. Debitis at ut. Soluta placeat eveniet; impedit assumenda ea.\r\nSimilique veritatis ut.', 50),
(313, 605488, 'WebMoney', NULL, 144, NULL, 63),
(314, NULL, NULL, 735896, NULL, 'Pariatur assumenda magni. Ex quia error! Velit quia magnam; id a natus? Exercitationem amet architecto!\r\nObcaecati enim sed; cumque quasi voluptatem. Sit consequatur eveniet. Dolor est eligendi. Magnam.', 96),
(315, 855564, 'PayPal', 32725, 43, 'Omnis reiciendis autem architecto exercitationem eos et. Eligendi odio impedit. Est animi autem. Placeat autem repudiandae. Vitae officia natus. Aut fugit eligendi.\r\nVoluptatem non placeat;', 6),
(316, 879115, 'PayPal', 898020, 137, 'Exercitationem temporibus ipsum qui expedita corporis odit quia quaerat distinctio. Ullam accusantium natus quis, voluptas et unde repellat totam fugiat!', 2),
(317, 886422, 'PayPal', 741673, 32, 'Voluptas voluptatibus possimus. Dolores omnis ducimus. Dolores esse ex! Culpa quo iste. Possimus itaque odit; perferendis quod eligendi. Sint quod voluptatem. Consectetur ipsam iste...\r\nTenetur rerum.\r\n', 22),
(318, 802658, 'WebMoney', 97150, NULL, 'Et quis quia dolor deserunt commodi. Est quia praesentium vel et numquam at et. Quisquam nulla rerum. Qui provident libero. Recusandae doloremque voluptatem. Rerum sit unde! Est velit perspiciatis.', 50),
(319, 329568, 'Check', 542790, 44, 'Accusamus culpa natus. Voluptas aut suscipit. Sed soluta inventore! Ut similique quia. Deleniti quibusdam enim! Sit necessitatibus aspernatur. Id fugiat voluptatem.\r\nAccusantium perspiciatis cum. Alias!', 8),
(320, 236482, 'Bank Transfer', 119529, 113, 'Deleniti corrupti et. Et velit aut. Iste ut omnis. Consequatur non aut! Odio et rerum. Dolorum assumenda ratione. Consequatur quisquam iste? Iste perspiciatis iste.\r\nVoluptatibus nesciunt asperiores.', 87),
(321, 199874, 'PayPal', NULL, 39, NULL, 73),
(322, 642909, 'Check', 71575, 123, 'Error blanditiis voluptatem tempore dicta vitae corrupti necessitatibus vitae facilis.', 56),
(323, 823512, 'PayPal', 15501, 9, 'Quis illo quos sit molestias dolores corporis. Vel quasi quia explicabo. Beatae odio ut. Voluptatem accusamus quia. Voluptatem officiis recusandae! Beatae est vero? Aut maiores id.', 97),
(324, 79210, 'WebMoney', 107688, 35, 'Accusamus aliquam illo; tempore suscipit deserunt. Eum temporibus deserunt? Sit rem molestiae; ipsam ducimus odit. Ut ipsam saepe. Nemo ipsa sit. Dolor eos sunt. Ab sed adipisci!\r\nQuo omnis voluptatibus.', 39),
(325, 842131, 'Bank Transfer', 511391, 24, 'Inventore aut et. Rem corporis nemo. Esse amet harum! Perspiciatis et facilis? Dignissimos excepturi repellat; nisi rerum error. Voluptatem id nihil.\r\nNon ut itaque.\r\nFugit veritatis eaque.', 89),
(326, 803677, 'Check', 728380, 71, 'Expedita sed expedita magnam dolorem animi. Adipisci officiis laudantium; voluptas totam ab. Voluptas quia quo; et omnis numquam. Impedit expedita quia. Sunt qui numquam. Reiciendis ut rerum.', 42),
(327, 416579, 'Direct Debit', 488611, 127, 'Reiciendis et natus.\r\nConsequuntur nihil pariatur. Saepe aliquam consequatur! Nihil quis et. Illum nihil et! Dolorum iste quam. Rerum omnis ex. Magnam in deserunt. Est ad repellendus.\r\nExpedita sit.', 9),
(328, 73765, 'PayPal', 755005, 2, 'Praesentium est optio. Voluptates non sunt; ut pariatur iure? Aperiam et quasi.\r\nA rerum cum. Inventore beatae temporibus. Sint quidem sed. Corrupti ex totam. Sed odio et. Omnis architecto dolor.\r\n', 16),
(329, 319857, 'PayPal', 743963, 17, 'Voluptas quaerat deleniti saepe provident totam amet; totam harum qui. Enim commodi voluptas eveniet magni quasi et illum, fuga beatae. Cum nostrum aut. Dicta debitis soluta!\r\nAut repudiandae velit.', 83),
(330, 284222, 'WebMoney', 16193, 100, 'Minus ut molestias impedit modi.\r\nAb magnam autem. Sit natus nulla provident distinctio omnis consectetur consequatur rerum fugit. Modi temporibus quidem voluptatem consequuntur similique et autem!', 16),
(331, 405823, 'WebMoney', 38954, 10, 'Est dignissimos voluptate. Rerum commodi quo. Unde omnis minima! Ad quas consequatur? Et quia eaque. Veritatis qui culpa. Id sunt non. Enim perspiciatis veniam. Et exercitationem aliquid. Eum odit.\r\n', 2),
(332, 370180, 'Direct Debit', NULL, 50, NULL, 77),
(333, 731399, 'PayPal', 557516, 91, 'Voluptas enim aliquam. Sequi illo explicabo. Cupiditate ullam magni! Dicta quibusdam et. Eos reprehenderit obcaecati. Et explicabo ut. Accusamus omnis sequi? Harum in et. Dicta esse voluptatem. Eos.\r\n', 27),
(334, 113418, 'WebMoney', 313706, 44, 'Culpa unde adipisci. Beatae odit eos. Cupiditate eveniet doloremque!\r\nQuasi doloremque aliquam. Omnis alias sed. Quasi natus reprehenderit. Distinctio blanditiis nobis. Neque placeat voluptatem. Ad ut.\r\n', 5),
(335, 370867, 'PayPal', 818303, 107, 'Nihil quo consequuntur. Aut et natus. Pariatur fuga vel omnis id quasi sed. Mollitia et quod! Deserunt inventore dolorem. Voluptas doloribus accusantium; illum vel in.', 12),
(336, 734062, 'WebMoney', 111202, 8, 'Numquam placeat repudiandae. Perferendis harum error sequi similique voluptatum exercitationem. Corrupti quo temporibus. Magnam aspernatur quidem? Totam nobis neque. Rem eos ea! Omnis facilis quos.', 74),
(337, 62157, 'PayPal', 227529, 65, 'Qui aut quasi. Alias repudiandae voluptatem. Quasi voluptatem velit. Modi magni fugiat; velit labore ipsam. Consectetur eos aperiam. Itaque voluptas ad. Fugiat fuga aspernatur. Maxime omnis voluptatem.', 77),
(338, NULL, NULL, 866232, 140, 'Rerum ducimus sit dicta earum sit enim quia expedita iure.', 6),
(339, 841178, 'Bank Transfer', 600926, 66, 'Eveniet et enim. Et vel qui.\r\nAb officiis culpa. Minima fugiat quis. Enim vitae ut. Sint architecto nesciunt. Recusandae cumque ut.\r\nRepellat impedit dolorem. Et cumque praesentium! Voluptatem sequi?', 84),
(340, 485451, 'Bank Transfer', 875984, 75, 'Voluptatem molestias natus. Commodi dicta quia error autem pariatur nam! Culpa ipsam aut. In nostrum dolores voluptas velit illo omnis. Vitae et provident! Consectetur similique dicta.\r\nAliquid sed est.', 91),
(341, 460470, 'PayPal', NULL, 16, NULL, 69),
(342, 314226, 'Credit Card', 321235, 29, 'Itaque aut eligendi. Eaque eum sint. Sint et dolores. Fugiat aut vel. Ut nobis aut. Blanditiis ut et. Aperiam ut et. Voluptatem excepturi sit.\r\nExplicabo qui et. Aut dolore similique! Et dolor unde.\r\n', 68),
(343, 467003, 'Direct Debit', 428883, 79, 'Sed error eos.\r\nIste fuga quae. Enim numquam dolorem facilis. Dolores nemo saepe eos eius dolores et consequatur eos! Similique et perferendis. Nihil ut omnis!', 87),
(344, 129416, 'Direct Debit', 303038, NULL, 'Aut quasi et. Autem omnis magni. Sed et facilis! Sed est ut. Nihil voluptatibus magni! Quia eveniet delectus. Error iste aliquam? Et ut culpa. Perferendis facilis expedita! Quidem optio omnis.\r\n', 71),
(345, 97061, 'PayPal', 119467, 41, 'Sequi et omnis. Iste laudantium rerum. Quis iste quia; rem eum sapiente. Error natus mollitia! Sit ipsum omnis; ipsam aliquid praesentium. Cum velit cumque? Fuga corporis id.\r\nMolestiae voluptatem.', 36),
(346, NULL, NULL, 548570, 29, 'Culpa pariatur enim. Facilis neque veniam. Enim minima unde. Omnis nihil deleniti! Nihil ut inventore. Aliquid tenetur error.\r\nVoluptate ut ex.\r\nRerum sed velit. Aut et quia; laboriosam reprehenderit.', 28),
(347, 865086, 'Bank Transfer', 150726, 75, 'Asperiores sequi fugit. Aut amet quod.\r\nQui doloremque veritatis; voluptatem ad natus. Quidem asperiores fugiat? Iusto quia corrupti. Libero voluptatem tempore. Distinctio quasi veritatis! Quibusdam at.', 93),
(348, 520415, 'Check', 190107, 6, 'Ex repudiandae voluptatem. Nesciunt consectetur ducimus? Veniam omnis et. Delectus sed consequatur. Commodi eos fuga. Autem dolores nemo. Magni est ut.\r\nAd in non. Iste quo in.\r\nUt nisi itaque. Quis!', 100),
(349, 824061, 'Direct Debit', NULL, 139, NULL, 64),
(350, 365199, 'Direct Debit', 125633, 119, 'Exercitationem ut enim. Rerum soluta aut! Explicabo temporibus neque. Assumenda est ducimus. Quo placeat voluptate. Aut officia velit. Eos iste maiores. Nihil non tempore? Sed eos aliquid.\r\nQuo ipsam.', 50),
(351, 108662, 'Direct Debit', 652945, 16, 'Eius doloribus dolores. Recusandae atque debitis!\r\nEos doloremque ipsa. Sunt dolorem doloremque. Est sed consectetur. Optio dignissimos nisi. Enim a perferendis? Aliquid odit laboriosam...\r\nEx aut hic.', 10),
(352, 405948, 'Direct Debit', 190406, 56, 'Quis ad consectetur. Labore quae temporibus. Molestiae debitis excepturi? Molestiae tempora vel. Consequatur magnam dolore; voluptas ut eos. Quas perspiciatis sed...\r\nUnde quos illo. Inventore voluptatem.', 21),
(353, 574475, 'Check', 861657, 88, 'Voluptatibus iure est.\r\nEt obcaecati quis. Quo rem voluptates? Vel ratione libero; iste qui iste? Ullam maxime quis. Error nihil reprehenderit.\r\nSed ut officiis. Vel aut perferendis. Sunt et dolores.', 94),
(354, 708617, 'PayPal', 235288, 17, 'Doloribus natus reiciendis; consectetur nobis explicabo? Dolores quae nihil!\r\nQui magnam in. Vel dolor vitae. Aspernatur omnis iusto. Sed sit iste. Alias repudiandae corrupti. Odit error architecto.', 81),
(355, 75346, 'Check', 266012, 91, 'Voluptas dolorem iste. Explicabo eveniet repellendus? Quo assumenda nostrum. Quas laudantium vel. Earum sunt vero! Ut tempora incidunt. Sequi tempora commodi. Et enim esse...\r\nQuia sapiente impedit. Aut.\r\n', 20),
(356, 591469, 'Direct Debit', 289814, 8, 'Commodi iure voluptatum. Corporis ex ut! Mollitia ullam neque. Fugit aut nemo! Voluptas aperiam aliquam. Explicabo est similique? Voluptas et eos.\r\nEt aut et. Laudantium sit omnis; qui ratione omnis.\r\n', 95),
(357, 661557, 'Check', 80984, 76, 'Dicta error cupiditate optio reiciendis quisquam. Saepe autem tempora. Aliquam officiis quo. Accusamus quaerat aut? Consequatur aliquam doloribus; voluptate vel error. Perspiciatis natus unde...\r\nFuga quo.', 23),
(358, 335716, 'PayPal', 492717, 91, 'Ea cumque non fugiat praesentium omnis sunt aut dolorem voluptatem. Pariatur voluptas eaque sapiente? Libero iste nulla. Doloremque ipsam quis! Atque error eum. Et expedita voluptas.', 75),
(359, 873262, 'PayPal', 315288, 77, 'Ut voluptatem error ipsa distinctio adipisci ut voluptate voluptas blanditiis. Itaque et ullam fuga sapiente sint voluptas placeat ut voluptatem.', 60),
(360, 317128, 'WebMoney', 728996, 105, 'Nihil voluptas atque. Ex provident magnam. Quo vitae et. Quaerat non nemo. Omnis sed molestiae! Fugit sit rem. A omnis est. Ut atque ducimus.\r\nDolor praesentium dolor. Et natus nihil. Quia sunt ab!', 79),
(361, 490685, 'PayPal', 796283, 63, 'Voluptatem accusantium veniam. Quia et sunt.\r\nSapiente rem nesciunt. Quasi rerum placeat.\r\nLaborum accusantium nam. Explicabo vitae cum! Consectetur voluptas iste. Nemo voluptas harum. Aliquid et aut.', 90),
(362, 83788, 'Bank Transfer', 347810, 150, 'Ipsum quae neque. Iste ea perspiciatis. Tenetur voluptatem aut. Iure quo quae. Nesciunt harum blanditiis. Consequatur dicta magni. Dicta aut error. Labore nobis non. Quia hic commodi.\r\nQuae suscipit.', 35),
(363, NULL, NULL, 323051, 15, 'Est in beatae. Odit autem enim. Molestias beatae perferendis! Blanditiis incidunt at? Sit error unde. Omnis enim maiores; earum aut sapiente. Perspiciatis error dolorum. Voluptatibus sunt hic! Ullam.\r\n', 1),
(364, 605614, 'Check', 606025, 4, 'Vel veniam hic repellendus et nihil similique molestiae. Nemo deserunt est? Quo nisi officiis. Ad qui blanditiis!\r\nNisi ea vitae; ut possimus non. Quis sit voluptatem...', 39),
(365, 394020, 'Bank Transfer', 440233, 124, 'Sequi dolores vero. Debitis fuga omnis. Aliquid tenetur quidem. Sit nihil blanditiis; ratione est non; id omnis laboriosam. Labore veniam est.\r\nQuas qui asperiores. Incidunt sit quam. Omnis soluta eos!', 35),
(366, 845728, 'Direct Debit', NULL, 137, NULL, 1),
(367, 601479, 'WebMoney', 295519, 10, 'Sit facilis ea expedita adipisci. Quos sapiente voluptatem tenetur corporis libero hic quo labore. Aut qui, cum hic pariatur et odit aut corrupti voluptatem.\r\nDolores saepe magni. Quae sunt dolor.', 37),
(368, 324825, 'Direct Debit', 166855, NULL, 'Animi quis autem doloremque. Nesciunt sit numquam ut exercitationem vel. Accusamus laborum mollitia aut alias quibusdam! Dolorum temporibus nostrum sed dicta excepturi. Ut voluptatem cumque.', 36),
(369, 224656, 'Credit Card', 764754, 4, 'Sed rem soluta; aperiam aut accusantium. Cum dolorum qui. Delectus voluptas quisquam. Perferendis et perspiciatis. Quasi enim autem! Et qui asperiores.\r\nOptio incidunt et. Et id et! Quo saepe aliquam.\r\n', 94),
(370, 822421, 'Credit Card', 264074, 15, 'Maiores quaerat doloremque qui molestias enim. Doloremque odio ut. Aliquam adipisci nobis. Amet eum aut repudiandae sequi odit aliquam eligendi autem deserunt!', 1),
(371, 464736, 'WebMoney', 328592, 84, 'Repellendus quos qui. Similique animi repudiandae. Unde ut aut. Impedit unde consequatur. Voluptatem atque veritatis! Consequatur omnis nemo.\r\nError qui velit. Ipsa explicabo ratione.\r\nNatus officia.', 5),
(372, 214513, 'WebMoney', 371563, 24, 'Cumque error itaque; amet molestias quaerat.\r\nEt magnam sed. Dolore minus quasi. Quibusdam quas alias. Voluptate suscipit voluptatem! Natus perspiciatis maiores. Esse qui ipsum. Tempora ut est. Veniam!', 83),
(373, 625923, 'Bank Transfer', 243775, 113, 'Nostrum quia nulla qui ullam explicabo alias; ducimus incidunt voluptatem. Et fuga dolores. Numquam accusantium non repellendus quos ut incidunt. Corporis omnis quae. Praesentium qui eum!', 32),
(374, 711934, 'Bank Transfer', 589382, 60, 'Omnis voluptatem quis. Error aut quia. Est sed harum. Temporibus odit vero? Itaque quo cum. Perspiciatis consequatur omnis. Sed beatae fuga! Facere quisquam minus? Consequatur et ratione.\r\nUllam.\r\n', 7),
(375, 726525, 'PayPal', 459295, 90, 'Harum ipsum temporibus tempore aut ut. Facere qui tempora et fugiat; ex exercitationem ipsam soluta ut incidunt delectus debitis ratione. Beatae totam in! Eos qui placeat...', 81),
(376, 663781, 'Bank Transfer', NULL, 48, NULL, 99),
(377, 820359, 'Credit Card', 866811, 18, 'Saepe sit vel. Accusantium dolore quisquam; aut ut earum. Quisquam unde nemo...\r\nLaborum perspiciatis qui. Dolore est accusamus.\r\nAdipisci consequuntur quia. At aut quod? Molestiae ipsum minima. Aliquid!', 72),
(378, 783692, 'Check', 554890, 13, 'Error aspernatur ipsa. Aut sit consequuntur. Quae aut est. Aperiam quidem unde. Alias ullam autem! Ab deleniti aliquam. Molestiae sed ex!\r\nIn perspiciatis assumenda. Dicta molestias iste. Sit?', 85),
(379, 837977, 'Bank Transfer', 342215, 146, 'Sunt possimus unde. Quia modi sequi. Hic cupiditate aut, dolorem adipisci repudiandae distinctio delectus inventore illo! Provident mollitia numquam nesciunt odit non itaque.', 30),
(380, 873129, 'WebMoney', 352245, 115, 'Nihil non qui consequuntur eligendi obcaecati eos repellat blanditiis. Libero odit et id cumque quam. Dignissimos enim nesciunt. Eum omnis sint; dolor tenetur eum. Dolores nemo sed.', 32),
(381, 71905, 'Credit Card', 764742, NULL, 'Ab omnis iste. Qui ut blanditiis...\r\nEius quo reiciendis enim illo velit. Deserunt et temporibus cum nam id architecto. Enim explicabo dignissimos omnis eos!\r\nEsse porro unde.', 83),
(382, 225654, 'Credit Card', 405935, 9, 'Laboriosam voluptatem ipsa. Nesciunt sit earum? Consequuntur veniam est. Quibusdam voluptas libero? Non necessitatibus dolorem. Cupiditate aut ut! Et velit odio? Expedita possimus earum. Beatae!\r\n', 29),
(383, 699400, 'Credit Card', 113684, 47, 'Sunt quasi eligendi ut sequi aspernatur ullam nihil omnis. Id quae ut! Dolor minima id...\r\nId pariatur laboriosam. Facilis sit nemo. Natus voluptate odit? Non velit a. Obcaecati praesentium sint.', 95),
(384, 152164, 'PayPal', 799210, NULL, 'Quaerat rerum ipsa. Natus fugiat illum. Voluptatem omnis ducimus! Esse commodi magni. Sit qui voluptatum. Aut cumque iure.\r\nEarum consequuntur itaque. Saepe consectetur non. Quasi eos pariatur! Dolore.', 73),
(385, 885872, 'PayPal', NULL, 88, NULL, 97),
(386, 142201, 'PayPal', 209638, 57, 'Rem aut omnis. Atque vero eligendi. Ut consequatur facilis. Et accusantium architecto. Adipisci omnis a! Non dolores dignissimos. Iste quam aperiam! Voluptatum quia veniam. Ab ipsam non! Non aut.\r\n', 75),
(387, 54497, 'Bank Transfer', 644807, 54, 'Amet corrupti nisi. Itaque voluptatem aut. Qui nobis debitis.\r\nQuo rem commodi. Numquam consequatur eius. Incidunt facilis minima. Tempora iste excepturi! Nam qui ut. Eos itaque non. Voluptatem ad.', 59),
(388, 95741, 'Check', 856038, 58, 'Sequi in aut. Sit error ab. Qui sapiente ex. Impedit qui nulla. Eos aut voluptatem. Voluptates veritatis quam.\r\nQuasi necessitatibus voluptatibus. Quas possimus ullam. Soluta aut nihil. Voluptas error?\r\n', 62),
(389, 118358, 'Bank Transfer', NULL, 88, NULL, 52),
(390, 235989, 'WebMoney', 163359, NULL, 'Ullam voluptatem voluptates. Placeat expedita itaque. Enim et blanditiis! Et exercitationem enim. Illo sequi rerum. Fuga voluptatem laudantium. Nisi laudantium dignissimos. Adipisci sit architecto? Ut.', 62),
(391, 431346, 'Bank Transfer', NULL, NULL, NULL, 94),
(392, 448506, 'Check', 730484, 1, 'Doloremque alias atque; sed eos et. Numquam asperiores voluptatibus. Odit doloribus eos; est omnis quasi. Architecto pariatur natus!\r\nQuis enim id. Iure voluptates atque. Accusantium veritatis iste.', 92),
(393, 627350, 'Bank Transfer', 85861, 139, 'Deserunt error unde. Consequatur ipsam fugit voluptatem consequatur maxime voluptas qui quia. Nam soluta molestiae. Est vel qui! Sit tempore ea.\r\nDoloremque dolorem ut. Expedita laboriosam culpa...', 17),
(394, NULL, NULL, 530112, 142, 'Ut tempore corporis quaerat laboriosam sed sint doloribus. Atque reprehenderit sit.\r\nSed qui saepe. Et laboriosam cupiditate. Exercitationem ut recusandae! Inventore quidem aliquid. Voluptate sed.\r\n', 33),
(395, 575996, 'WebMoney', 443679, 149, 'Incidunt et inventore. Ut sit ratione? Aliquid error quo. Neque placeat ut. Autem eum animi.\r\nAut eligendi voluptatem. Dolorum odit neque; quam possimus mollitia; nisi voluptas repellat. Facilis.', 36),
(396, 556801, 'PayPal', 820620, 69, 'Praesentium sit rerum; omnis perspiciatis quis. Natus voluptatem dolorem.\r\nObcaecati quia accusamus. Quis magni consequuntur! Veniam harum quaerat. Eum aliquam amet. Tempora voluptatem quis. Saepe unde!', 94),
(397, 662747, 'Credit Card', 537864, 81, 'Magni voluptatem nisi. Dolore nisi et! Rerum unde velit. Molestias dolorum qui. Vel culpa in. Sit placeat quia; id et distinctio. Aut distinctio officia. At totam voluptatem.\r\nVoluptatem ut sed. Vitae!\r\n', 87),
(398, 688029, 'Direct Debit', 821691, 77, 'Quasi quis quas quidem. Molestiae optio ea unde dolorem ut; cumque laudantium porro natus recusandae quia ad. Reprehenderit sed nobis aliquid veniam!', 13),
(399, 231511, 'Check', 826958, 91, 'Unde quo dolorem. Error nemo qui. Quo omnis perspiciatis? Dolorum nobis et.\r\nEt neque voluptas. Beatae dolores a. Voluptatem expedita natus! Illo molestiae et. Quia eos maiores. Cumque sunt maiores.', 69),
(400, 105010, 'Check', 38784, NULL, 'Fugiat voluptatem et. Nobis quia provident. Asperiores repellendus quasi! Odio quia pariatur. Nesciunt placeat quaerat. Deleniti odit accusamus. Error laudantium totam! Facilis atque illo? Beatae.\r\n', 78),
(401, 408503, 'Credit Card', 828037, 113, 'Debitis iste cumque; praesentium est autem. Laudantium vitae porro. Vitae sit illo. Placeat ipsa doloremque? Aut ut vitae. Vel repudiandae nihil; perspiciatis aspernatur sit.\r\nEos animi quia. Quod.\r\n', 72),
(402, 883534, 'PayPal', 348623, 6, 'Ut nihil quia perspiciatis sit maiores minus temporibus est maxime.', 87),
(403, 509218, 'Credit Card', 424652, 84, 'Dolor aut nihil laborum non error unde. Sit corporis quasi illo molestiae vero! Labore voluptatem facere sed dignissimos corporis est. Porro natus voluptas...\r\nAdipisci consequatur asperiores; quisquam.', 71),
(404, 890868, 'Check', 425351, 16, 'Vel quasi consequatur veritatis saepe sit ipsam aut eius. Omnis et quisquam. Quod et illum. Dolore laboriosam molestiae. Cum provident quibusdam. Dolorum ab voluptatem. Doloribus neque natus. Incidunt.', 15),
(405, 481286, 'Check', 304492, 44, 'Ut quis qui blanditiis itaque nesciunt explicabo dolores perspiciatis. Sunt necessitatibus recusandae? Ad dolores harum. Deleniti autem repellendus!\r\nConsequatur exercitationem ut. Ut voluptatem unde.', 46),
(406, 81052, 'Bank Transfer', NULL, 87, NULL, 68),
(407, 547192, 'Check', 751256, 75, 'Vel modi pariatur. Error in nam! Libero commodi eos; ratione quod nulla. Sequi aut ipsum. Ipsum saepe esse!\r\nUt eum ut. Nulla sed ipsam. Autem error et. Numquam quo ea; voluptatem sint dolore. Soluta!', 11),
(408, 342370, 'PayPal', 291143, 7, 'Id fuga, quisquam accusamus ex sed accusantium iste perspiciatis qui. Omnis sed eum obcaecati doloribus ipsum dignissimos facere minima illo.', 39),
(409, 898040, 'Direct Debit', 63318, 13, 'Dolores et molestiae. Ut voluptatem magni. Magnam nisi facere! Sequi eos distinctio. Accusantium recusandae aspernatur. Enim reprehenderit est.\r\nDoloremque aliquam expedita.\r\nQui impedit sapiente.', 6),
(410, 612425, 'Direct Debit', NULL, 66, NULL, 88),
(411, 853333, 'Direct Debit', 690483, 15, 'Praesentium aut facere non et ut aliquam nisi reiciendis. Error omnis similique qui voluptatibus amet quia. Dicta in sunt consequatur beatae natus ut...', 69),
(412, 93743, 'WebMoney', 95323, 121, 'Sequi et praesentium quidem omnis aut magni, dolores voluptas ipsum.', 54),
(413, 164059, 'Bank Transfer', 85775, 120, 'Dolor quo omnis. Non iste vero.\r\nOptio expedita et. Sunt error magni. Labore vero maiores. Ut est natus! Voluptatem quidem illo. Recusandae modi dolor. Magnam aperiam quo; minus quae tempore? Expedita!', 34),
(414, 234591, 'WebMoney', 153002, 74, 'Sed aliquid ratione; ullam ut aut. Possimus voluptatem est!\r\nVoluptas et accusamus. Nostrum iure consequatur.\r\nId est modi. Corporis deleniti sequi. Qui officiis libero. In temporibus alias. In eius.', 64),
(415, NULL, NULL, 574057, NULL, 'Officiis et consectetur. Eveniet dolor expedita. Qui similique corrupti. Eos voluptatum ullam. Est sunt vero! Quis facilis perferendis.\r\nUt dolores veniam. Delectus sit minima! Animi facilis animi.\r\n', 55),
(416, 718373, 'WebMoney', 887370, 132, 'Perspiciatis consequatur nihil. Mollitia ipsa voluptate! Non quam repellendus.\r\nRerum harum ut. Obcaecati et minima. Aut voluptatem unde; architecto aut atque. Omnis aliquam sint!\r\nReiciendis vero.', 94),
(417, 385232, 'Check', NULL, 29, NULL, 15),
(418, 894978, 'PayPal', 277042, NULL, 'Iste incidunt delectus. Optio sed laboriosam sit magnam molestiae.\r\nRem aspernatur nulla est dolores et aut. Necessitatibus iste est molestiae quod quam aliquam. Facilis rerum inventore...', 88),
(419, 431940, 'WebMoney', 109340, 94, 'Mollitia rem eum; sed quidem error. Dolor qui nisi. Voluptatem eum similique! Sequi enim qui. Quis et velit. Rerum et assumenda. Laboriosam ad nesciunt. Sit dolorem quia. Sit voluptatibus enim.\r\nSaepe.', 62),
(420, 738359, 'Credit Card', 472764, 59, 'Incidunt reiciendis officia. Veritatis reiciendis aut. Et pariatur illo; architecto eligendi sit. Quibusdam labore explicabo. Est recusandae qui. Ab perspiciatis rerum! Praesentium necessitatibus.\r\n', 96),
(421, 254935, 'PayPal', 710750, NULL, 'Et harum cum. Quod esse architecto? Distinctio et in. Provident dolore qui? Sed aliquid obcaecati. Nam voluptates cumque! Itaque magnam ab. Et harum delectus. Ratione sapiente error! Quidem est nostrum.', 33),
(422, 416845, 'Credit Card', 802004, 134, 'Sed quibusdam, sit ut veritatis debitis aut iusto sed et; excepturi eum dolore aut ut doloremque enim. Voluptatibus illum exercitationem quis dolorem soluta atque.', 63),
(423, NULL, NULL, 730166, 72, 'Ut necessitatibus sed. Culpa accusantium itaque. Qui alias quae!\r\nQuo mollitia molestias. Nam totam reiciendis. Incidunt totam quia. Et veritatis quo. Amet eos exercitationem! Error dicta eaque.\r\nIure.', 82),
(424, 388169, 'Check', 214910, 87, 'Sint iste sequi molestiae numquam. Velit natus repudiandae. Quos provident facilis; aut tempora non...\r\nSit reprehenderit quia. Est voluptatibus voluptatem. Dolorem voluptates id. Aut iste accusantium.', 39),
(425, 103135, 'Credit Card', 485370, NULL, 'Incidunt alias aut ratione quia eos voluptatum et. Mollitia eligendi rerum! Necessitatibus aliquid adipisci. Quasi sit provident. Saepe omnis unde? Placeat eligendi reiciendis. Vel blanditiis sit.', 7),
(426, 493527, 'PayPal', 804331, 38, 'Quod hic ut. Facere aspernatur distinctio. Aut illum suscipit. Magni sit ut? Dolorem veritatis a. Saepe eum iure.\r\nLibero omnis unde. Unde laborum quasi! Dolorem similique omnis.\r\nVero est ratione.', 22),
(427, NULL, NULL, 580620, 143, 'Rerum magnam accusantium. Possimus obcaecati eos voluptas non. Ipsa voluptatem illum odit. Eos voluptatem facere et, quidem repellendus provident reprehenderit dolorem consequatur. Labore repudiandae.', 72),
(428, 58367, 'PayPal', 454392, 28, 'Velit ab sed; illo eos vero. Omnis enim corporis. Aliquid voluptatem necessitatibus! Expedita et dolorem? Consectetur dolorum officia! Ea hic eum. Et voluptatem quo. Id non quia...\r\nUt odio voluptatem.', 37),
(429, NULL, NULL, 607102, 23, 'Ex sit nemo mollitia accusamus. Ut dolores cupiditate laboriosam dolorum dignissimos accusamus; ipsum quia molestiae minima accusantium et aliquid, et aspernatur sequi.', 99),
(430, 151086, 'Credit Card', 92507, 144, 'At in alias. Vel placeat deserunt. Voluptas tempore voluptatem. Similique aspernatur error! Cum aut alias. Consequatur sit dolores! Et in commodi; quaerat voluptatem vel.\r\nLabore error iste. Dolores!\r\n', 73),
(431, 569272, 'Credit Card', 515246, 57, 'Labore animi obcaecati quasi amet perspiciatis est facilis est amet. Ut vero pariatur sed ut rerum ipsa labore aliquid sequi.', 22),
(432, 832172, 'Direct Debit', 245994, 137, 'Aut cum nam quia architecto iusto porro est consequatur. Minus deleniti sit error totam sed dolor unde provident. Deleniti soluta omnis et est eum laborum.', 85),
(433, NULL, NULL, 551760, 72, 'Corrupti et deleniti; sit similique ad; aspernatur repudiandae molestiae. Qui sed velit.\r\nIste qui et. Eos omnis praesentium; est molestiae molestias. Aliquam quia ad. Earum rerum magni? Blanditiis.', 7),
(434, 577183, 'WebMoney', 705878, 51, 'Deleniti sit error. Error maiores consequatur. Odio laudantium enim. Dignissimos ab rem. Quidem labore voluptatem. Tenetur suscipit repudiandae. Ipsam qui quidem! Sed quos omnis; blanditiis sunt.\r\n', 84),
(435, 91914, 'Check', 284604, 111, 'Ratione dolores et. Architecto fuga inventore! Voluptas deleniti fugit.\r\nSed consectetur velit. Eaque ipsa odit. Vitae dolorem qui! Nesciunt rerum sed. Suscipit et nulla.\r\nAd ut unde. Eligendi sit est!', 39),
(436, 890737, 'PayPal', 147557, 20, 'Animi doloremque iste quia, minus nobis sunt id odio aliquam. Aut doloremque dolor facere numquam quas. Doloremque atque excepturi; consectetur quidem minima. Non harum ut!', 72),
(437, 889150, 'Bank Transfer', 182172, NULL, 'Soluta et ipsam. Ut velit qui! Velit nostrum delectus. Non odio atque!\r\nAliquam natus fugiat. Qui asperiores molestiae. Quia harum nihil! Officia sunt quidem. Tempora minima tempora. Ut tempore nihil.\r\n', 47),
(438, 587794, 'PayPal', 9150, NULL, 'Eius natus eligendi. Nihil fuga sit. Dolorem doloribus natus. Necessitatibus in est. Ea nostrum reprehenderit! Asperiores et error. Perspiciatis est deserunt? Qui dolore porro.\r\nMinus asperiores vel;\r\n', 79),
(439, NULL, NULL, NULL, 92, NULL, 52),
(440, 86080, 'WebMoney', 85534, 94, 'Sit explicabo ut quos, ut error et id qui consequatur.', 85),
(441, 632483, 'Bank Transfer', 156785, 33, 'Perspiciatis sed dignissimos. Ducimus nemo quod. Rerum expedita perspiciatis; sit dolore vero. Quisquam nihil eligendi. Natus provident natus. Ab perspiciatis voluptates. Aliquam eligendi enim. Ducimus.', 27),
(442, 469168, 'Check', 880743, NULL, 'Magnam minima culpa quidem.\r\nSunt aliquam ratione omnis est non. Omnis error ut. Sit quae non atque possimus laboriosam, sit expedita molestiae natus.', 70),
(443, 824818, 'PayPal', 89290, 31, 'Vel enim eligendi; consequatur voluptas praesentium; et perspiciatis voluptatem. Sunt labore alias. Sit neque tempora. Quo rem velit. Doloremque aut officiis. Voluptate maiores quia. Architecto!\r\n', 61),
(444, 694941, 'Credit Card', 269523, NULL, 'Omnis temporibus natus.\r\nAd tempora eveniet. Unde quo voluptatem! Quos aut architecto. Voluptatem molestias quia! Vel rerum magnam. Dolorum ut autem. Perspiciatis fugit aspernatur...\r\nUt doloremque.', 15),
(445, 630005, 'Credit Card', NULL, 48, NULL, 42),
(446, 69723, 'Bank Transfer', 81273, 64, 'Repudiandae numquam repellendus suscipit eum aspernatur tempore corporis. Qui minima et! Et deleniti provident cupiditate voluptatum iste veritatis ad repellendus totam. Placeat aliquam omnis et ex!', 7),
(447, 454860, 'Check', NULL, 127, NULL, 75),
(448, 865267, 'Direct Debit', 383094, 20, 'Nesciunt voluptate magnam. Itaque eos praesentium. Qui neque sint! Natus fuga iusto. Inventore illo hic. Incidunt et quia; sed quaerat incidunt. Dolor laborum cupiditate. Autem harum autem.\r\nPorro.\r\n', 20),
(449, 108388, 'PayPal', 228334, 23, 'Excepturi non esse voluptatem ullam aliquid non minus voluptatum recusandae.', 14),
(450, 68696, 'WebMoney', 434970, 62, 'Deserunt cum eaque. Rem error earum. Nostrum dolores eos. Obcaecati sed voluptatem! Et eum consequatur. Numquam est saepe. Rerum minima commodi.\r\nQuia maxime iure; fugit est accusantium. Rerum animi qui.', 74),
(451, 926, 'WebMoney', NULL, 31, NULL, 94),
(452, 549549, 'Check', 370496, 74, 'Vel magnam voluptatem. Consectetur voluptatem harum.\r\nQuo perspiciatis vel. Dolorem error exercitationem. Et voluptatem iste. Quidem fuga soluta! Amet odit quae.\r\nVoluptas tempore necessitatibus.', 99),
(453, 637863, 'Check', 122692, 109, 'Rerum laboriosam et perferendis voluptates consequatur et corporis iure et. Dolor est omnis; beatae suscipit velit. Sit sed nulla? Maxime omnis velit; qui deserunt odit?\r\n', 15),
(454, 10853, 'WebMoney', 308771, 148, 'Esse pariatur aut.\r\nQuia sed totam. Quisquam qui et! Nesciunt accusamus atque. Error deleniti omnis! Aut illo corrupti. Unde ut incidunt? Ad perferendis quaerat. Impedit maxime ut. Vitae facere?', 64),
(455, 22244, 'Direct Debit', 82553, 32, 'Rerum molestiae ducimus. Error nemo omnis. Atque suscipit et! Voluptatem id repellat. Libero corporis praesentium. Tempora natus nulla? Quod ut voluptate. Aut qui dolorum.\r\nAccusantium vel inventore.', 50),
(456, 124494, 'Check', NULL, NULL, NULL, 28),
(457, 204499, 'Check', NULL, NULL, NULL, 44),
(458, 778793, 'Bank Transfer', NULL, NULL, NULL, 13),
(459, 742072, 'PayPal', NULL, NULL, NULL, 14),
(460, 634386, 'Bank Transfer', NULL, NULL, NULL, 79);

INSERT INTO inmuebles(id_inm, direccion_inm, tipo_inm, nro_habi_inm, precio_alquiler_inm, precio_venta_inm, galeria, id_ofi, id_pro, id_emp) VALUES
(1, 'Soldnerweg 7e, 69011, Langscheid', 'Recular', 3, 826, 152296148, 'Ducimus est enim dolorem eos unde.', 3, 52, 16),
(2, 'Johann-Schmaus-Straße 26d, 52696, Porschdorf', 'Renierphone', 4, 701, 145878388, 'Et itaque aut.\r\nSed fugiat sit. Eum.', 3, 34, 1),
(3, 'Diepoldstraße 8, 31298, Ebnisee', 'Subcessimentor', 3, 892, 94684370, 'Iure et natus. Enim labore unde.\r\n', 4, 9, 30),
(4, 'Kellerstraße 3, 77553, Dernau', 'Subculfior', 1, 379, 173466039, 'Itaque sit aliquam. Voluptatem non.\r\n', 5, 68, 24),
(5, 'Baumstraße 23, 75863, Pampow', 'Tweetbandor', 1, 829, 122701623, 'Et vel quis. Molestiae quo iure.\r\n', 4, 66, 12),
(6, 'Adamstraße 7, 87683, Au', 'Montaedgator', 1, 807, 85550028, 'Fugit neque quaerat. Illum et sit;\r\n', 6, 70, 23),
(7, 'Steinheilstraße 7d, 79628, Abenberg', 'Micpicker', 1, 700, 16074509, 'Veniam iusto facere. Et ut iste;\r\n', 2, 53, 16),
(8, 'Güllstraße 1, 09026, Overath', 'Subplottentor', 4, 365, 29786959, 'Repellat ipsam quae. Odit sed.\r\n', 6, 55, 18),
(9, 'Zieblandstraße 1, 65781, Muttenhaus', 'Replottommer', 2, 583, 107391085, 'Natus qui inventore. Ratione!\r\n', 3, 32, 37),
(10, 'Maronstraße 13f, 67485, Fohrde', 'Supnion', 1, 858, 77629426, 'Optio mollitia id.\r\nNecessitatibus.', 1, 77, 20),
(11, 'Ludwigstraße 3, 77478, Klettbach', 'Tabtinscope', 2, 568, 116053803, 'Delectus officia ut. Rerum quia quam!', 4, 22, 11),
(12, 'Pappenheimstraße 17f, 59105, Wettin', 'Charceivar', 5, 873, 192264134, 'Perspiciatis natus at.\r\nSequi.', 5, 16, 27),
(13, 'Rosental 1, 24255, Blowatz', 'Readjectollra', 5, 484, 45600748, 'Harum distinctio voluptatem. Nulla...', 3, 31, 20),
(14, 'Tattenbachstraße 2, 36474, Friedenfels', 'Armpickor', 5, 384, 41648341, 'Magnam voluptatem id.\r\nSit in esse;\r\n', 1, 59, 8),
(15, 'Am Bergsteig 1, 29960, Aachen', 'Tabniinra', 5, 732, 65338360, 'Corrupti omnis fuga; quo suscipit nam.', 2, 17, 35),
(16, 'Veterinärstraße 21, 11316, Mehringen', 'Transcessra', 2, 679, 49228679, 'Error et quasi.\r\nMagnam ut aliquid.\r\n', 4, 56, 40),
(17, 'Josephstraße 21, 61565, Walchum', 'Speakfindor', 4, 540, 174550597, 'Provident assumenda aut. Omnis.\r\n', 2, 60, 12),
(18, 'Müllerstraße 1, 48653, Bensdorf', 'Playplotter', 2, 300, 91135872, 'Corrupti aut nobis. Enim quis.', 6, 44, 38),
(19, 'Adelheidstraße 14d, 33432, Dirlewang', 'Readtaer', 1, 493, 34130706, 'Quia labore impedit.\r\nDoloribus est.', 5, 64, 32),
(20, 'Keplerstraße 26, 66315, Alzenau', 'Stereolifiscope', 2, 451, 141216430, 'Quia sit omnis neque sit ipsum,.', 5, 2, 32),
(21, 'Wormser Straße 50, 55961, Gaugrehweiler', 'Stereotellplscope', 2, 604, 193767243, 'Qui ducimus quibusdam; sed dolores.', 4, 24, 38),
(22, 'Osserstraße 2f, 24606, Achtrup', 'Playpickefry', 1, 827, 72719339, 'Placeat iste sed. Nesciunt ab.\r\n', 5, 33, 18),
(23, 'Rotkreuzplatz 22a, 92837, Otterberg', 'Anputator', 1, 542, 90642235, 'Reiciendis et fuga. Fuga ipsa!\r\n', 5, 56, 6),
(24, 'Bazeillesstraße 21-26, 61381, Kurzen Trechow', 'Cabjectentor', 1, 312, 58167080, 'Quaerat error eos. Iste natus.\r\n', 6, 26, 17),
(25, 'Marsstraße 8, 47701, Treugeböhla', 'Bicordadon', 1, 728, 119099844, 'Est ut asperiores. Eligendi.\r\n', 2, 44, 31),
(26, 'Trivastraße 1, 31000, Fürstenwerder', 'Proleinon', 3, 650, 179755219, 'Nobis modi obcaecati. Dolores et id.', 1, 42, 36),
(27, 'Garmischer Straße 8c, 24840, Babenhausen', 'Amptellador', 4, 755, 138627332, 'Commodi officiis quod. Excepturi?\r\n', 2, 1, 38),
(28, 'Kaiser-Ludwig-Platz 78, 82097, Baldringen', 'Temutridge', 1, 314, 71449612, 'Suscipit eum est. Suscipit in debitis!', 2, 69, 37),
(29, 'Theresienstraße 23-27, 76604, Cunewalde', 'Ampbandor', 2, 768, 122175810, 'Pariatur quis voluptatem. Sunt omnis!\r\n', 4, 19, 38),
(30, 'Hansastraße 2d, 29474, Aachen', 'Cleantaerridge', 3, 482, 22798730, 'Beatae maxime sed. Sit harum a. Odit.\r\n', 4, 50, 31),
(31, 'Baldestraße 1, 24703, Eder', 'Armtinridge', 2, 555, 12791732, 'Itaque autem consectetur. Labore!\r\n', 2, NULL, 24),
(32, 'Mariannenplatz 1, 71055, Bütthard', 'Tablifier', 1, 404, 32765717, 'Reiciendis quasi natus. Et qui odit.\r\n', 1, 37, 1),
(33, 'Destouchesstraße 2, 94335, Egonmühle', 'Tabtinefry', 2, 525, 159723761, 'Vitae sit enim. Quo qui distinctio!', 2, 61, 26),
(34, 'Geyerstraße 2, 49348, Bruchertseifen', 'Ampplottimor', 1, 595, 111732628, 'Perspiciatis aperiam voluptatem;\r\n', 6, 31, 31),
(35, 'Adelheidstraße 1, 95023, Elsenfeld', 'Reculadra', 1, 532, 143730599, 'Culpa soluta sed. Voluptatem aut?\r\n', 5, 33, 30),
(36, 'Am Feuerbächl 2c, 35885, Wilthen', 'Speakcordon', 5, 767, 102322418, 'Expedita et quisquam. Sapiente.\r\n', 2, NULL, 24),
(37, 'Düsseldorfer Straße 250, 99479, Gangloffsömmern', 'Suptinator', 4, 302, 116111105, 'Dolorum expedita eligendi. Molestiae!\r\n', 1, 63, 26),
(38, 'Freibadstraße 23, 62173, Aebtissinwisch', 'Readholdlet', 1, 548, 60883948, 'Aliquid laborum culpa animi temporibus.', 2, 31, 27),
(39, 'Rudliebstraße 28b, 29564, Karwesee', 'Reculer', 5, 745, 77173170, 'Ab et dolores.\r\nEt dolor iure.\r\n', 4, NULL, 9),
(40, 'Ickstattstraße 5d, 26406, Rielasingen-Worblingen', 'Tweetmutridge', 4, 702, 100628654, 'Optio ut expedita. Alias sit odio!\r\n', 5, 57, 20),
(41, 'Kohlstraße 27, 46641, Löchgau', 'Miclifiadra', 2, 545, 19183420, 'Illum illo similique. Quia odit sed!\r\n', 6, NULL, 9),
(42, 'Adamstraße 4f, 72500, Sassen', 'Ampholdonlet', 3, 679, 41431580, 'Quis earum facilis. Unde omnis;\r\n', 6, 56, 27),
(43, 'Liebfrauenstraße 4, 83831, Aalen', 'Playputor', 3, 480, 12077373, 'Quasi eius ut consectetur saepe.', 3, 33, 30),
(44, 'Adalbertstraße 6, 66221, Langwieden', 'Tecessry', 3, 797, 830427, 'Sed ex fugiat. Ad nobis nemo.\r\n', 2, NULL, 20),
(45, 'Kapuzinerplatz 8a, 06268, Vorderweidenthal', 'Printniadar', 5, 327, 59168417, 'Sit ea eaque.\r\nDolorem quis.\r\n', 5, 27, 40),
(46, 'Mozartstraße 11-18, 05786, Niebüll', 'Comceivor', 1, 455, 108892720, 'Nihil quaerat sed. Veniam sint quo.', 6, 62, 29),
(47, 'Prinz-Ludwig-Straße 8, 43893, Wattenbek', 'Speaktelloner', 1, 797, 112770626, 'Quibusdam ex dolorem. Nesciunt et?\r\n', 2, 67, 35),
(48, 'Dürnbräugasse 2e, 01716, Thaining', 'Moncessry', 4, 649, 139344627, 'Alias est asperiores. Eos id;\r\n', 6, 26, 17),
(49, 'Schneckenburgerstraße 1, 61433, Aalen', 'Charcordar', 2, 554, 132629874, 'Tempora odio molestiae. Atque.\r\n', 6, 45, 35),
(50, 'Pilgersheimer Straße 1c, 74511, rackenheim', 'Ampfindor', 5, 660, 46363519, 'Culpa et fugit.\r\nDoloremque modi.\r\n', 2, 56, 9),
(51, 'Geroltstraße 2, 02503, Erkheim', 'Armcyclplor', 3, 560, 14196043, 'Repudiandae doloremque magni. Et.', 1, 64, 17),
(52, 'Adelheidstraße 57, 48502, Muchow', 'Printtinuper', 1, 560, 157000964, 'Maxime voluptas ullam. Praesentium.\r\n', 6, 45, 7),
(53, 'Hartliebstraße 1b, 93043, Höchst', 'Speakculonra', 5, 346, 11934101, 'Magni id quibusdam. Recusandae!\r\n', 3, 21, 15),
(54, 'Liebigstraße 9, 91835, Neumädewitz', 'Teculry', 5, 332, 44375061, 'Sapiente inventore qui. Perspiciatis.', 3, NULL, 35),
(55, 'Hermann-Schmid-Straße 7, 62773, Raddestorf', 'Recordeflet', 5, 747, 268328, 'Sed corrupti modi. Alias qui!\r\n', 4, 18, 31),
(56, 'Gaisbergstraße 6a, 27163, Blankenhagen', 'Tabtopicentor', 1, 674, 120164511, 'Veniam aspernatur rerum.\r\nSuscipit ad.', 5, NULL, 12),
(57, 'Siebertstraße 12f, 59864, Ottendorf', 'Printholderer', 3, 628, 150653616, 'Omnis similique qui. Vel ut voluptas!', 4, 25, 7),
(58, 'Sankt-Anna-Platz 51b, 74857, Matzlow-Garwitz', 'Mictectry', 1, 362, 113674914, 'Odit sed ipsam. Minima quam sit?\r\n', 2, 35, 40),
(59, 'Balanstraße 1, 14757, Guthmannshausen', 'Tabcordedgor', 5, 480, 127367138, 'Laudantium nobis nihil. A tempore;\r\n', 2, NULL, 1),
(60, 'Barbarastraße 7, 25059, Granzin', 'Printplottepra', 3, 898, 177133282, 'Sapiente nihil similique; recusandae.', 4, 39, 10),
(61, 'Franz-Prüller-Straße 19, 74712, Bleckenrode', 'Monotellar', 3, 473, 50493566, 'Debitis in dolores. Qui odio ut.\r\n', 3, 49, 15),
(62, 'Paul-Heyse-Straße 2, 72015, Waldesch', 'Tweetniicridge', 2, 634, 142638508, 'Laudantium sit modi. Aspernatur quia!\r\n', 1, 10, 7),
(63, 'Baumgartnerstraße 5, 72513, Bagemühl', 'Subniefridge', 4, 841, 44863842, 'Omnis numquam ut. A ea est; iste vel.', 5, 37, 17),
(64, 'Herzog-Heinrich-Straße 1, 34612, Hohenofen', 'Armcessupphone', 5, 684, 88063087, 'Omnis consequuntur quos.\r\n', 5, 69, 21),
(65, 'Cherubinistraße 29, 95877, Ahlden', 'Protopar', 4, 682, 23656202, 'Quas eligendi in.\r\nRecusandae.', 5, 25, 11),
(66, 'Max-Weber-Platz 20, 98089, Burglahr', 'Speakbandscope', 2, 357, 134115408, 'Nam ut distinctio. Recusandae!\r\n', 1, 16, 12),
(67, 'Bavariaring 1, 42127, Abtswind', 'Conmutator', 5, 338, 185322267, 'Et asperiores ut. Quo ex numquam! Ut.\r\n', 1, 26, 9),
(68, 'Schumannstraße 3, 87852, Lautzenbrücken', 'Protaollar', 3, 397, 177932314, 'Nihil voluptas possimus. Dolorem.', 2, 75, 4),
(69, 'Rundfunkplatz 1, 26550, Schweickershausen', 'Transplottlet', 3, 809, 179989910, 'Est ut voluptas. Amet inventore.\r\n', 1, 34, 34),
(70, 'Sachsenstraße 13-19, 04185, Dorf Gutow', 'Antinoner', 5, 465, 45531800, 'Illum accusamus cum.\r\nDolores dolore.', 4, 3, 10),
(71, 'Metzstraße 10d, 26901, Gelchsheim', 'Promutollator', 5, 476, 99450361, 'Dolor in incidunt. Est repellendus;\r\n', 6, 13, 7),
(72, 'Adams-Lehmann-Straße 7e, 55067, Stedtlingen', 'Speaklera', 3, 718, 108704808, 'Reiciendis nisi ullam.\r\nQuis.', 1, 53, 31),
(73, 'Zwieseler Straße 21-25, 82886, Moosen', 'Refinder', 4, 365, 133787534, 'Ut nulla voluptates. Natus itaque unde.', 5, 36, 9),
(74, 'Auerfeldstraße 1, 31858, Bahrendorf', 'Readtecter', 5, 555, 112548036, 'Sit aperiam incidunt...\r\nAut recusandae.', 6, 69, 39),
(75, 'Adelgundenstraße 14, 84834, Meldorf', 'Protellor', 2, 707, 4571279, 'Quis omnis eaque. Labore quos non.\r\n', 2, 60, 19),
(76, 'Sandtnerstraße 23-29, 67598, Faustermühle', 'Subtaar', 5, 706, 6623962, 'Accusantium quibusdam aut. Ut.\r\n', 6, 16, 10),
(77, 'Adamstraße 14, 42506, Hünxe', 'Comculopor', 2, 453, 184437311, 'Eligendi unde odio. Doloremque ipsam.\r\n', 3, 7, 30),
(78, 'Sankt-Paul-Straße 66, 64206, Brunsmark', 'Readleopar', 1, 885, 97025538, 'Voluptatum aut magni. Sunt blanditiis.', 1, 34, 31),
(79, 'Ackermannstraße 2, 01992, Niederschönenfeld', 'Charbandletry', 3, 631, 173885901, 'Animi et ad. Saepe sit quod;\r\n', 6, 8, 24),
(80, 'Habsburgerplatz 2c, 84519, Bad Breisig', 'Complottar', 3, 627, 155552887, 'Odit omnis delectus. Sed velit eaque.', 5, 18, 15),
(81, 'Wormser Straße 3, 37930, Neu-Isenburg', 'Bifindator', 5, 767, 86637812, 'Voluptatem mollitia ipsum.\r\n', 5, 3, 34),
(82, 'Enhuberstraße 2, 27442, Würschhausermühle', 'Subputphone', 4, 320, 133639157, 'Saepe dolores modi repudiandae velit.', 3, 80, 38),
(83, 'Zollstraße 1, 76960, Aach', 'Cleanlictlet', 2, 708, 120750414, 'Ut quasi et. Omnis et excepturi!', 1, 57, 22),
(84, 'Haidhauser Straße 75, 42459, Atterwasch', 'Printlifiefry', 2, 368, 59178257, 'Doloremque rem iste. Voluptatum.\r\n', 5, 76, 11),
(85, 'Bülowstraße 8, 26168, Gadsdorf', 'Transwoofer', 4, 302, 43156194, 'Autem voluptates rerum. Sed maiores!', 1, 33, 16),
(86, 'Corneliusstraße 26e, 37185, Wonsheim', 'Chartinscope', 3, 775, 100748812, 'Cum perspiciatis natus. Voluptatum!\r\n', 2, 17, 15),
(87, 'Düsseldorfer Straße 1d, 16018, Lühburg', 'Rewoofedlet', 5, 762, 83431774, 'Ipsa eaque fugiat. Dolores omnis?\r\n', 2, 20, 21),
(88, 'Grete-Mosheim-Straße 10, 54222, Denklingen', 'Charplottator', 2, 339, 27897323, 'Veniam impedit unde. Natus?\r\n', 2, 56, 31),
(89, 'Bräuhausstraße 8d, 02845, Glasow', 'Protelllet', 4, 301, 31296283, 'Harum accusamus adipisci; rerum.', 2, 64, 30),
(90, 'Adamstraße 2, 02157, Egglkofen', 'Speakcyclommar', 2, 591, 135171927, 'Aut eos et. Unde aliquam quos;\r\n', 5, 74, 35),
(91, 'Effnerstraße 5e, 41810, Rückeroth', 'Readholdommridge', 3, 504, 62608035, 'Quis reiciendis aut; omnis voluptate.', 2, 79, 36),
(92, 'Tattenbachstraße 5d, 78303, Gauersheim', 'Montopar', 4, 789, 135223157, 'Et excepturi architecto. Aperiam sunt.', 5, 74, 26),
(93, 'Am Feuerbächl 3d, 43020, Aalen', 'Moncorderon', 2, 799, 137625300, 'Qui et rerum. Reprehenderit quas.\r\n', 3, 15, 2),
(94, 'Amberger Straße 1a, 67243, Munderkingen', 'Subniedscope', 1, 543, 112449081, 'Et magnam et ad eum enim iure.', 2, 16, 14),
(95, 'Gabelsbergerstraße 2, 15785, Eberdingen', 'Tabputewor', 5, 878, 60990274, 'Quos rerum sint; accusamus qui fugit.\r\n', 6, 54, 28),
(96, 'Dreimühlenstraße 1, 11877, Gräfenthal', 'Retinommar', 5, 459, 17566021, 'Sit est vel. Quo architecto?\r\n', 5, 68, 26),
(97, 'Adelheidstraße 2e, 03994, Hornschänke', 'Ancordollentor', 2, 370, 82694299, 'Iure ut natus. Ab quos nihil? Et.', 5, 72, 20),
(98, 'Schlörstraße 6, 96805, Rödelwitz', 'Retellra', 5, 761, 38521215, 'Quam aperiam soluta. Soluta quasi.\r\n', 3, 33, 32),
(99, 'Haidhauser Straße 3, 47534, Cossengrün', 'Subholdleter', 4, 834, 120045253, 'Aut sit aut. A omnis rem. In omnis.', 3, 39, 5),
(100, 'Hofgraben 1, 43065, Wierenkamp', 'Conpickor', 4, 549, 52207926, 'Illo quia quo.', 1, 31, 9),
(101, 'Am Kosttor 26d, 35878, Ellingstedt', 'Comculator', 5, 309, 134670961, 'Adipisci expedita omnis; natus.\r\n', 2, 50, 16),
(102, 'Seidlstraße 28, 75846, Altfraunhofen', 'Tecessexer', 3, 636, 12784702, 'Est sunt sed. Cupiditate commodi.\r\n', 1, 64, 33),
(103, 'Edlingerstraße 1, 16765, Rosenthal-Bielatal', 'Chartectar', 3, 818, 65619211, 'Consequatur iure eius. Aliquam rerum;', 5, 73, 30),
(104, 'Adalbert-Stifter-Straße 89, 87497, Buckow', 'Protopscope', 4, 823, 13925519, 'Eum aut molestias. Illo minus vitae.', 4, 44, 15),
(105, 'Adelgundenstraße 1d, 02491, Dubro', 'Stereoputexentor', 2, 639, 185752339, 'Porro nostrum beatae. Iusto officia;\r\n', 6, 57, 7),
(106, 'Ackerstraße 98e, 53452, Elsoff', 'Transcyclplor', 4, 634, 48375339, 'Veniam voluptate sed. Officia ea!', 6, 4, 28),
(107, 'Balanstraße 11, 84251, Brück', 'Tabtaommar', 1, 460, 114737405, 'Voluptates molestiae et. Cum minima!', 5, 47, 24),
(108, 'Wagnerstraße 4, 69355, Malsburg-Marzell', 'Teholdewry', 1, 378, 32725225, 'Ipsa perspiciatis ut. Error!\r\n', 3, 47, 25),
(109, 'Beetzstraße 2, 63702, Belgern', 'Replottedgphone', 1, 400, 169641673, 'Voluptatem temporibus quibusdam. Est.\r\n', 4, 76, 5),
(110, 'Baaderstraße 6, 35702, Umkirch', 'Charcordimentor', 5, 442, 56734319, 'Sint vitae non. Et eos unde. Aut!\r\n', 1, 66, 30),
(111, 'Gunezrainerstraße 254, 66116, Bünde', 'Charceiverer', 5, 574, 65940917, 'Nostrum quia odit. Itaque nemo autem.', 1, 23, 27),
(112, 'Scheinerstraße 1, 46079, Apenburg', 'Speaklifientor', 5, 797, 34159761, 'Deserunt dicta architecto.\r\nCorporis.', 3, 16, 29),
(113, 'Gabelsbergerstraße 3a, 97223, Öpfingen', 'Tabtaicra', 3, 705, 167695975, 'Voluptatem quae ipsum. Qui libero?\r\n', 5, 36, 7),
(114, 'Adelheidstraße 4d, 19648, Bad Iburg', 'Cartculridge', 3, 626, 181009013, 'Rerum dolorum incidunt. Odit iste ut.\r\n', 5, 63, 21),
(115, 'Trappentreustraße 1, 25240, Abberode', 'Transwoofer', 3, 544, 181805302, 'Expedita magnam consequatur.\r\n', 1, 75, 4),
(116, 'Aberlestraße 14-18, 49384, Remlin', 'Comholdepra', 3, 712, 149876751, 'Quis rerum sint; et omnis voluptatem...', 3, 38, 4),
(117, 'Ackerstraße 7, 93338, Geisfeld', 'Procordar', 4, 684, 57432692, 'Fuga fugit et; et fugit porro. Autem.', 2, 49, 7),
(118, 'Erich-Kästner-Straße 2, 04067, Sternberger Burg', 'Cleanfindentor', 4, 307, 71195571, 'Quia voluptas perferendis.\r\n', 6, 14, 16),
(119, 'Balanstraße 26, 67426, Bad Homburg', 'Suplear', 3, 814, 80516772, 'Dolor nobis vel; et aliquid fuga.\r\n', 3, 63, 10),
(120, 'Hirschbergstraße 25-28, 97466, Abbendorf', 'Cabceivollry', 2, 458, 84468403, 'Unde doloremque qui. Sunt eaque quis.', 2, 28, 12),
(121, 'Lily-Braun-Weg 57b, 34620, Benkendorf', 'Speakjectator', 3, 696, 125674806, 'Rerum recusandae fugit beatae adipisci.', 3, 1, 30),
(122, 'Adamstraße 1, 71120, auroth', 'Bibandra', 5, 697, 181042707, 'Voluptates placeat tempore.\r\n', 1, 4, 29),
(123, 'Am Nockherberg 6, 59618, Klein Leppin', 'Speaklifier', 3, 531, 8476017, 'Velit at ut. Dolor alias nihil. Iste.\r\n', 6, 48, 38),
(124, 'Eduard-Schmid-Straße 7, 18584, Kaarz', 'Readlifiridge', 5, 499, 186507267, 'Unde porro amet; sapiente repudiandae;', 3, 12, 11),
(125, 'Lissi-Kaeser-Straße 28, 04787, Ralbitz-Rosenthal', 'Playtiner', 3, 464, 18019533, 'Laborum eligendi qui. Ut atque saepe.\r\n', 3, 28, 34),
(126, 'Siebertstraße 4, 42851, Dörpumfeld', 'Speakplottphone', 1, 501, 120234560, 'Reiciendis vel eius. Animi non est.', 1, 71, 34),
(127, 'Rottmannstraße 3, 82301, Haßleben', 'Comcyclon', 2, 694, 109148892, 'Veniam quasi numquam; quam magni;\r\n', 6, 23, 13),
(128, 'Gertrud-Bäumer-Straße 71, 78540, Olzheim', 'Montectscope', 5, 316, 90825669, 'Rerum sed omnis. Vel et repellendus.', 2, 19, 7),
(129, 'Moltkestraße 68d, 96701, Neunkirchen-Seelscheid', 'Translelet', 4, 419, 60639691, 'Iure voluptatem error. Tempore.\r\n', 5, 69, 16),
(130, 'Bergmannstraße 4, 22681, Krauthausen', 'Montectplridge', 5, 533, 94788169, 'Voluptas voluptatem quisquam. Tempora.', 1, 32, 4),
(131, 'Landshuter Allee 1, 99365, Groß Pinnow', 'Stereocullet', 2, 398, 67899007, 'Sit amet qui.\r\nExplicabo sit voluptas.', 3, 60, 13),
(132, 'Gaußstraße 3, 51356, Reher', 'Monniator', 1, 476, 39764546, 'Omnis non unde.\r\nConsequatur eaque.\r\n', 3, 7, 39),
(133, 'Jensenstraße 22-27, 98464, Musweiler', 'Armbandinlet', 1, 582, 155180949, 'Nihil perferendis quasi. Hic sed.', 2, 68, 7),
(134, 'Gumppenbergstraße 2f, 26539, Frensdorf', 'Monwoofommer', 1, 430, 17333325, 'Perspiciatis id perspiciatis; rerum.', 6, 8, 2),
(135, 'Veterinärstraße 2e, 76491, Abbenrode', 'Playbandon', 3, 836, 144278891, 'Sed dignissimos et. Sit ipsa beatae.', 6, 54, 22),
(136, 'Innstraße 2, 26972, Baunach', 'Cartceivaqulet', 5, 494, 6385956, 'Et nostrum maxime. Omnis sed?\r\n', 5, 31, 34),
(137, 'Richard-Wagner-Straße 6b, 07642, Bad Herrenalb', 'Conholdletor', 4, 783, 128702914, 'Veritatis ipsum animi. Eveniet.', 1, 17, 22),
(138, 'Trautenwolfstraße 1b, 61336, Welzow', 'Printcyclfilet', 2, 821, 184857396, 'Autem sint qui. Mollitia ut ab!\r\n', 2, 19, 14),
(139, 'Amberger Straße 14-17, 47506, Neupetershain', 'Printceiver', 5, 695, 131703929, 'Obcaecati est facere. Fugit blanditiis.', 6, 80, 11),
(140, 'Schrammerstraße 5, 45622, Aalen', 'Bitaar', 2, 856, 42826616, 'Fugiat numquam tempore. Minus.', 6, 60, 22),
(141, 'Oberländerstraße 13-19, 62440, Kreßberg', 'Comjectanphone', 3, 745, 79840049, 'Et sed assumenda. Ullam minus veniam.\r\n', 5, 52, 21),
(142, 'Gallmayerstraße 13-16, 76928, Thalmässing', 'Teleer', 5, 397, 101333280, 'Et recusandae et. Quidem aut quis?\r\n', 2, 33, 5),
(143, 'Adalbertstraße 7, 43650, Berbisdorf', 'Cabceiver', 5, 573, 63557421, 'Fugit commodi ea. Quibusdam doloribus.', 1, 77, 8),
(144, 'Schillerstraße 1, 52599, Otterndorf', 'Transpickator', 2, 529, 24497550, 'Accusantium porro aut ea.', 5, 70, 33),
(145, 'Mittererstraße 16c, 95409, Auetal', 'Speaknianra', 3, 502, 186509936, 'Ipsa at eaque. Itaque et sunt! Odio et.', 6, 74, 5),
(146, 'Stollbergstraße 11-16, 13166, Obing', 'Micpickaquer', 1, 715, 62327755, 'Ab unde numquam. Est vero ab.\r\n', 3, 37, 26),
(147, 'Sankt-Wolfgangs-Platz 22, 36487, Kartzow', 'Comcessexator', 3, 690, 91029525, 'Nulla earum unde. Ipsam unde vel.', 5, 43, 34),
(148, 'Siegenburger Straße 1b, 07102, Roitzsch', 'Tecordphone', 1, 464, 119354000, 'Sit aut unde. Natus voluptas?\r\n', 4, 62, 38),
(149, 'Schwarzstraße 2, 33863, Holsthum', 'Comcyclry', 1, 813, 59497154, 'In quae natus. Iusto perspiciatis.\r\n', 5, 34, 34),
(150, 'Edlingerplatz 1, 33113, Emseloh', 'Tabcorder', 4, 702, 72174880, 'Delectus provident rerum. Iste.\r\n', 3, 51, 40),
(151, 'Ebersberger Straße 4c, 57324, Blievenstorf', 'Retectator', 1, 409, 89069955, 'Ab natus qui. Assumenda eaque enim.\r\n', 6, 37, 12),
(152, 'Beethovenplatz 13-15, 65849, Zepzig', 'Subtellridge', 4, 677, 156843329, 'Aliquam eos ad; totam delectus.\r\n', 6, 1, 23),
(153, 'Adalbertstraße 3, 32905, Drackendorf', 'Tabmuter', 1, 376, 179025692, 'Voluptas cupiditate fuga. Excepturi!\r\n', 4, 40, 26),
(154, 'Lazarettstraße 24e, 19026, Treuenbrietzen', 'Proholdator', 2, 473, 98365305, 'Non sapiente voluptatem. Voluptatem;\r\n', 3, 53, 25),
(155, 'Rossinistraße 1c, 59678, Duggendorf', 'Speaktaer', 5, 742, 46090729, 'Ad sit tempore. Error eos.\r\n', 3, 55, 11),
(156, 'Paumannstraße 1f, 08466, Ahrenshagen', 'Conjectra', 2, 343, 14712986, 'Officiis impedit velit repudiandae...', 4, 43, 30),
(157, 'Simon-Knoll-Platz 21-27, 27398, Gädebehn', 'Conleaquentor', 3, 687, 158265885, 'At quos illo. Eveniet qui est.', 1, 49, 25),
(158, 'Ackerstraße 7, 37442, Asbach-Bäumenheim', 'Propickonra', 4, 551, 193065361, 'Qui voluptas eius. Excepturi ut;\r\n', 4, 19, 32),
(159, 'Rumfordstraße 4b, 48114, Ackermannshof', 'Rewoofimer', 5, 699, 44878877, 'Est ipsum totam; ut est eum; corporis.', 1, 14, 27),
(160, 'Adolf-Kolping-Straße 1, 73255, Puls', 'Cleanjector', 3, 526, 11436358, 'Doloribus ratione sit. Eos aliquam.\r\n', 4, 53, 21),
(161, 'Ansprengerstraße 1, 74547, Wiesenttal', 'Monolictentor', 4, 754, 39597939, 'Voluptatibus quia hic. Dolorem rerum.\r\n', 3, 18, 31),
(162, 'Theatinerstraße 3, 32322, Meilbrück', 'Tewoofridge', 3, 424, 147274991, 'Qui labore molestiae. Consequatur?\r\n', 3, 34, 11),
(163, 'Moltkestraße 24-27, 76624, Zeetze', 'Micjectridge', 4, 513, 85211547, 'Aut temporibus incidunt. Ullam nobis;', 1, 37, 13),
(164, 'Aberlestraße 1, 31119, Hainau', 'Tabcessedar', 1, 505, 104357707, 'Et deserunt ab. Porro voluptas.', 5, 21, 35),
(165, 'Hansastraße 14e, 86061, Grolsheim', 'Cleanholdry', 2, 702, 35794320, 'Quia ut commodi. Omnis sint et.\r\n', 5, 17, 32),
(166, 'Kardinal-Döpfner-Straße 11f, 62173, Feichten', 'Comjectupor', 5, 434, 25779360, 'Assumenda magni dicta. Delectus;\r\n', 6, 12, 1),
(167, 'Martin-Behaim-Straße 12-15, 37452, Leizen', 'Tweettaer', 5, 827, 8568396, 'Totam sunt deleniti. Perspiciatis.', 1, 69, 30),
(168, 'Josephsplatz 5e, 99737, Lauschied', 'Transcordor', 2, 782, 197263230, 'Sed sapiente ipsam. A ut repellendus.\r\n', 6, 76, 35),
(169, 'Heimeranstraße 86, 97380, Behrenhoff', 'Remuticar', 2, 531, 65324114, 'Illo omnis officiis. Voluptatem?\r\n', 2, 47, 3),
(170, 'Piusstraße 3, 45213, Armsheim', 'Tweettinador', 5, 706, 24515961, 'Maxime ut dolorem. Molestiae!', 3, 14, 27),
(171, 'Gallmayerstraße 1c, 77792, Painten', 'Tweetlifiadlet', 5, 337, 61407466, 'Et corrupti temporibus. Sed libero!\r\n', 3, 74, 13),
(172, 'Nockherstraße 2f, 72908, Karolinenkoog', 'Reniar', 4, 384, 129706312, 'Nesciunt sed cum. Corporis porro.', 1, 32, 27),
(173, 'Menzelstraße 21-28, 89202, Adelheidsdorf', 'Charjectra', 2, 559, 193277802, 'Iste obcaecati et. Qui eaque;\r\n', 4, 28, 36),
(174, 'Rosental 9a, 88795, Appel', 'Subwoofridge', 1, 774, 179756815, 'Quidem quia beatae; aspernatur;\r\n', 2, 37, 5),
(175, 'Feilitzschstraße 2, 31022, Dannefeld', 'Tabcordommra', 1, 379, 180174332, 'Quo voluptatem modi; asperiores.\r\n', 3, 43, 1),
(176, 'Himbselstraße 1, 62166, Bad Birnbach', 'Anholdon', 4, 526, 49408514, 'Et ipsa nulla. Consequuntur incidunt!', 5, 78, 26),
(177, 'Sternstraße 160c, 56678, Abentheuer', 'Tweetculator', 4, 435, 139902083, 'Ea ipsa optio. Eum maxime velit; ut.\r\n', 5, 68, 22),
(178, 'Kreuzstraße 1, 74153, Rittersmühle', 'Tweetculewor', 5, 739, 186020895, 'Et inventore fugiat; veritatis sunt.\r\n', 4, 40, 18),
(179, 'Adalbertstraße 11-16, 94493, Bornhöved', 'Printculer', 4, 703, 178996540, 'Ipsam provident nihil. Harum quos.\r\n', 1, 75, 34),
(180, 'Pilgersheimer Straße 1, 83459, Bad Wildungen', 'Carttinscope', 3, 491, 117696766, 'Nulla omnis in. Ex sit minus. Totam.\r\n', 5, 56, 4),
(181, 'Görresstraße 4, 67113, Jork', 'Playpickry', 3, 563, 163612206, 'Nesciunt quod dolor; ad ipsum fuga.\r\n', 2, 64, 22),
(182, 'Marktstraße 2, 78142, Kletzke', 'Armwoofer', 3, 510, 81915815, 'Omnis magni dolor. Aut quo qui. Qui.\r\n', 4, 54, 1),
(183, 'Erzgießereistraße 9, 76555, Abbau Ader', 'Supwoofar', 4, 667, 31583839, 'Velit expedita ad. Alias nobis ipsa;\r\n', 3, 50, 1),
(184, 'Paradiesstraße 1, 77894, Wenden', 'Monmutor', 3, 879, 32404590, 'Sequi sit consequatur. Voluptas?\r\n', 1, 74, 33),
(185, 'Beethovenstraße 7, 64949, Weinähr', 'Subculon', 2, 445, 18643357, 'Sunt omnis laborum. Possimus et!', 2, 3, 17),
(186, 'Am Nockherberg 2, 02125, Eborn', 'Computridge', 2, 332, 39949194, 'Saepe nam exercitationem. Ut sint.\r\n', 5, 74, 14),
(187, 'Zeppelinstraße 3, 18727, Eging', 'Amptectinentor', 5, 375, 126389527, 'Asperiores nesciunt saepe.\r\n', 4, 77, 7),
(188, 'Heiliggeiststraße 2, 25195, Reifensägmühle', 'Cabcordentor', 5, 304, 46083851, 'Voluptatem aspernatur odit. Est?', 3, 35, 38),
(189, 'Theklastraße 1, 63904, Ühlingen-Birkendorf', 'Chartaentor', 5, 672, 182018577, 'Quis veritatis tempora; adipisci.\r\n', 2, 72, 27),
(190, 'Agnesstraße 25, 34042, Aach', 'Readcesser', 3, 701, 31382711, 'Minima dolores deserunt. Fugit.', 5, 79, 33),
(191, 'Adalbert-Stifter-Straße 29, 07416, Sienhachenbach', 'Conculor', 1, 415, 33445622, 'Ratione unde ea.\r\nDelectus odio animi.', 1, 56, 34),
(192, 'Elisabethstraße 61b, 68479, Oberpierscheid', 'Armtaexor', 5, 484, 98112805, 'Sit velit numquam. Unde libero.\r\n', 4, 79, 30),
(193, 'Besselstraße 5, 14401, Ahlen', 'Charholdplor', 4, 682, 118992637, 'Rem voluptatem aperiam. Veritatis?\r\n', 4, 71, 28),
(194, 'Viktoriastraße 1, 14144, Allenfeld', 'Amplear', 2, 828, 76500897, 'Ut ad atque. Impedit nisi quis.\r\n', 6, 24, 38),
(195, 'Anzinger Straße 1, 86271, Abenberg', 'Printholdscope', 5, 464, 140592356, 'Necessitatibus sed fugit. Voluptatem!', 5, 13, 38),
(196, 'Safferlingstraße 96, 21528, Bachenberg', 'Charlicter', 3, 640, 122263096, 'Nesciunt illum fugiat. A est aut!\r\n', 2, 79, 17),
(197, 'Adolf-Kolping-Straße 7, 75097, Hauroth', 'Speakplottor', 4, 316, 24732957, 'Maxime obcaecati voluptatem. Numquam.', 2, 15, 18),
(198, 'Sankt-Wolfgangs-Platz 1, 75500, Vissum', 'Readwoofra', 2, 722, 30929404, 'Voluptate eos tempora. Provident?\r\n', 1, 23, 34),
(199, 'Schleibingerstraße 23-26, 96378, Kratzerhöfle', 'Armcordefer', 1, 547, 65406848, 'Et temporibus sint. Earum!\r\n', 6, 69, 11),
(200, 'Sendlinger Straße 23-26, 72389, Wittingen', 'Tabtinfiscope', 2, 848, 57273165, 'Rerum in et. Porro ratione impedit.\r\n', 3, 26, 35),
(201, 'Adalbertstraße 4, 17812, Mörlen', 'Micputletphone', 2, 842, 100153331, 'Dolor optio est. Voluptatem fugit!', 2, 22, 8),
(202, 'Nußbaumstraße 2e, 19928, Göllingen', 'Monocyclgaer', 2, 507, 93910178, 'Dignissimos non ut. Rerum!\r\n', 5, 19, 22),
(203, 'Adamstraße 22-25, 12202, Rüdenhausen', 'Concorder', 5, 437, 63532477, 'Nihil sint aliquid.\r\nReprehenderit;\r\n', 5, 2, 24),
(204, 'Amberger Straße 1, 58239, Eßbach', 'Suptaepphone', 1, 819, 89248231, 'Harum sunt et. Ut id dolore!\r\n', 2, 33, 26),
(205, 'Edlingerstraße 14-16, 26423, Grüningen', 'Subfinderphone', 4, 820, 117315521, 'Recusandae sit sed. Error totam?\r\n', 6, 41, 38),
(206, 'Mariannenplatz 1, 57187, Augsdorf', 'Supculra', 1, 671, 105296717, 'Autem ducimus dolor. Sit quae iure!\r\n', 4, 9, 6),
(207, 'Lothringer Straße 30, 59165, Brenz', 'Tablifipllet', 1, 452, 5184439, 'A similique aut. Qui illo temporibus?\r\n', 4, 57, 28),
(208, 'Ludwigstraße 4f, 64198, Baben', 'Tetinar', 5, 461, 44502514, 'Accusantium temporibus rerum. Et;\r\n', 6, 59, 21),
(209, 'Preysingplatz 5d, 27574, Lühnsdorf', 'Stereojectedlet', 5, 506, 41859747, 'Maxime voluptate quis. Nostrum totam?\r\n', 5, 77, 19),
(210, 'Tulbeckstraße 1, 53200, Schwaneberg', 'Tecyclor', 1, 759, 31487803, 'Nobis magni et. Voluptates distinctio.', 3, 57, 9),
(211, 'Flemingstraße 29e, 12351, Watzerath', 'Cartcordedator', 3, 628, 58174608, 'Accusantium aut omnis rerum excepturi.', 6, 54, 38),
(212, 'Marstallplatz 1, 62298, Salmtal', 'Transbandon', 3, 458, 141549374, 'Distinctio tenetur et. Ea error.\r\n', 1, 52, 25),
(213, 'Beethovenstraße 2, 11807, Abbau Ader', 'Bicordimentor', 4, 495, 199849656, 'Repudiandae ut sed. Provident.', 2, 35, 4),
(214, 'Kindermannstraße 15d, 75011, Egerdach', 'Miclifiimridge', 5, 415, 6124781, 'Error nemo illum. Fugiat eos!\r\n', 2, 50, 20),
(215, 'Haimhauserstraße 1, 41977, Grevenstein', 'Monniaquridge', 4, 900, 95211081, 'Quia quis qui. Odit quia iure! Ut.\r\n', 4, 44, 8),
(216, 'Gravelottestraße 13, 64170, Neubulach', 'Cabpicklet', 2, 652, 58373866, 'Quis totam sapiente hic quisquam.', 1, 9, 12),
(217, 'Dietlindenstraße 49d, 43973, Aderstedt', 'Comleanlet', 2, 766, 180913163, 'Omnis quia voluptatibus. Expedita.', 6, 53, 20),
(218, 'Haimhauserstraße 1, 24465, Caputh', 'Monoholdollor', 1, 523, 120268750, 'Quia odio et. Non velit est...', 2, 25, 36),
(219, 'Barer Straße 3, 71674, Schartau', 'Reculoper', 3, 634, 121391633, 'Dolores dolor porro. Voluptas.\r\n', 5, 27, 13),
(220, 'Prannerstraße 2, 65033, Dammfleth', 'Contopletor', 5, 706, 89775411, 'Sequi quod aut. Accusantium.\r\n', 1, 60, 29),
(221, 'Imhofstraße 12b, 05109, Holler', 'Conpicker', 5, 633, 38385680, 'Veniam iure ex. Harum maiores nesciunt.', 5, 46, 30),
(222, 'Frundsbergstraße 11-18, 01942, Reuden a d Fuhne', 'Monopickar', 2, 703, 63584809, 'Et necessitatibus explicabo.\r\n', 3, 73, 20),
(223, 'Hirschbergstraße 1d, 72892, Börm', 'Comcessry', 4, 431, 108700960, 'Debitis omnis et. Sed voluptatem.', 3, 59, 2),
(224, 'Herrnstraße 2, 37141, Schweiler', 'Tweetpickphone', 1, 802, 117357436, 'Error ratione quidem. Laudantium.\r\n', 3, 37, 14),
(225, 'Franzstraße 3, 97531, Roigheim', 'Transculepon', 5, 389, 4764229, 'Cum animi aliquam; expedita.\r\n', 3, 4, 23),
(226, 'Jugendstraße 2, 61015, Wolfner Mühle', 'Speaktinewridge', 2, 373, 65707198, 'Eveniet maxime repudiandae. Sed.', 1, 59, 33),
(227, 'Tattenbachstraße 1e, 91834, Abenberg', 'Tabtellator', 5, 309, 36710869, 'Non consequuntur ut. Error suscipit!\r\n', 3, 27, 9),
(228, 'Grimmstraße 3, 06804, Bad Essen', 'Tablifira', 2, 349, 199559826, 'Cupiditate ipsam dolore.\r\n', 5, 26, 30),
(229, 'Kurt-Haertel-Passage 56c, 46260, Sereetzerfeld', 'Retaon', 3, 440, 18203340, 'Nulla laboriosam distinctio. Ipsam?\r\n', 5, 52, 39),
(230, 'Pfarrstraße 98e, 46633, Ahlerstedt', 'Stereotaar', 2, 592, 86312517, 'Consectetur obcaecati praesentium;', 2, 37, 33),
(231, 'Schießstättstraße 6e, 76193, Affing', 'Micceivar', 4, 552, 129010005, 'Est magni molestiae. Aspernatur vel.', 1, 5, 29),
(232, 'Adalbert-Stifter-Straße 28b, 83818, Altwittenbek', 'Cleanputepry', 4, 659, 117495859, 'Optio magnam omnis voluptas.', 4, 2, 28),
(233, 'Gellertstraße 8, 63570, Merxheim', 'Tweettinlet', 5, 809, 159883123, 'Et nulla laborum. Sint sequi.\r\n', 2, 21, 6),
(234, 'Adi-Maislinger-Straße 1, 45483, Senzke', 'Cabmutator', 5, 820, 6768334, 'Ullam cum fugiat; voluptate quod velit.', 6, 3, 38),
(235, 'Wittelsbacherstraße 41, 11187, Fockendorf', 'Combandommry', 4, 822, 194699654, 'Repudiandae et iste. Sint eos natus!\r\n', 5, 32, 17),
(236, 'Aschheimer Straße 7, 84214, Prösen', 'Tabtellry', 3, 873, 179973851, 'Molestias pariatur nobis. Non.\r\n', 4, 77, 14),
(237, 'Robert-Koch-Straße 5b, 22144, Eggolsheim', 'Tabmutry', 1, 758, 196546978, 'Rerum et numquam...\r\nQui possimus.\r\n', 2, 72, 1),
(238, 'Ackermannstraße 8c, 98168, Markee', 'Stereocyclphone', 5, 610, 72082914, 'Sit ipsam corporis; ut incidunt saepe.', 4, 16, 2),
(239, 'Lissi-Kaeser-Straße 2, 09497, Abbau Ader', 'Miccyclefer', 4, 753, 46864928, 'Aperiam aut odit. Non dolorum.\r\n', 6, 41, 34),
(240, 'Amberger Straße 8, 09698, Wartenburg', 'Releefer', 4, 681, 132721126, 'Iste est placeat. Et ipsa non! Ut ad.', 3, 71, 12),
(241, 'Finkenstraße 1, 02362, Schenkhöfle', 'Subfinder', 1, 734, 66583947, 'Et expedita sed. Vitae!\r\n', 3, 14, 26),
(242, 'Kaiserplatz 16a, 46679, Buhla', 'Transjecter', 1, 506, 37911446, 'Voluptas voluptatem porro. Est aut.\r\n', 4, 42, 9),
(243, 'Marsstraße 23, 77133, Obernfeld', 'Carttellommlet', 3, 668, 5658044, 'Ut quia enim. Quia provident.\r\n', 2, 54, 34),
(244, 'Am Herrgottseck 5, 15565, Oppelhain', 'Conculor', 3, 805, 3917846, 'Esse facilis et. Sapiente delectus.\r\n', 5, 78, 30),
(245, 'Enhuberstraße 89, 16672, Abberode', 'Procordphone', 5, 592, 10545100, 'Quidem quia mollitia; dolores velit.\r\n', 4, 43, 26),
(246, 'Sedlmayrstraße 1c, 24297, Griebelschied', 'Comtellor', 3, 882, 123732824, 'Quibusdam aut dolore. Vitae!\r\n', 1, 77, 38),
(247, 'Adams-Lehmann-Straße 14, 48981, Rogätz', 'Retectupry', 4, 545, 126025580, 'Dolores exercitationem rem. Sunt eum.\r\n', 5, 7, 11),
(248, 'Adelgundenstraße 8, 77146, Obertrubach', 'Rebandar', 2, 685, 31895679, 'Officia quos iste; ipsa non minima.', 5, 30, 39),
(249, 'Adelgundenstraße 17a, 08477, Vollstedt', 'Cartputra', 1, 331, 93675186, 'Est velit ipsum. Sequi veritatis qui.', 1, 64, 18),
(250, 'Baaderstraße 2, 37096, Tiefensee', 'Supleor', 5, 651, 13210439, 'Quis unde ut. Aut eligendi dolorum.', 4, 9, 23),
(251, 'Fraunhoferstraße 13-19, 13947, Orlamünde', 'Speakfinder', 4, 435, 58919607, 'Quasi corporis illum. Praesentium.\r\n', 4, 21, 37),
(252, 'Simon-Knoll-Platz 1f, 07922, Prislich', 'Ampjectentor', 4, 382, 161114539, 'Consequuntur praesentium ut. Enim.\r\n', 5, 77, 20),
(253, 'Lessingstraße 1, 43924, Obernkirchen', 'Monocessscope', 3, 804, 92016113, 'Ut adipisci voluptatem; ut praesentium.', 4, 63, 10),
(254, 'Jungfernturmstraße 15-19, 85546, Leverkusen', 'Conculentor', 3, 781, 35785238, 'Ut possimus necessitatibus. Facilis?\r\n', 1, 42, 15),
(255, 'Walter-Klingenbeck-Weg 14-15, 63058, Koblentz', 'Monputletar', 4, 824, 21652848, 'Voluptatem nisi harum. Beatae nisi.\r\n', 4, 23, 30),
(256, 'Bereiteranger 112a, 45211, Eckardtshausen', 'Transcesserar', 4, 664, 102516961, 'Nesciunt sed pariatur; ipsa eos.\r\n', 3, 78, 6),
(257, 'Edlingerstraße 8, 11771, Schafstedt', 'Retiner', 4, 585, 115241938, 'Eligendi eius quo. Beatae et eligendi;', 2, 63, 21),
(258, 'Gaußstraße 2d, 02155, Landesbergen', 'Tetopry', 3, 873, 133817958, 'Dolore velit unde. Natus fugit qui!\r\n', 6, 2, 40),
(259, 'Am Herrgottseck 2, 94624, Birkachhof', 'Cartlififior', 1, 356, 194987563, 'Facere voluptatem et. Quaerat ipsa;\r\n', 4, 45, 21),
(260, 'Lamontstraße 2, 63974, Bad Suderode', 'Tabtelllet', 3, 564, 131200750, 'Maxime tempora nostrum. Debitis!\r\n', 2, 72, 11),
(261, 'Geschwister-Scholl-Platz 2b, 96565, Georgsdorf', 'Readcessor', 3, 793, 164510086, 'Quam error natus. Dolore odit qui.\r\n', 4, 13, 38),
(262, 'Ackermannstraße 5, 66319, Aalen', 'Cabniletra', 4, 445, 27764151, 'Ut quod architecto. Rerum nam vel.\r\n', 1, 52, 16),
(263, 'Max-Weber-Platz 2, 37904, Prüm', 'Conniar', 5, 882, 185589176, 'Et odio corrupti. Et voluptatum.\r\n', 3, 41, 25),
(264, 'Ifflandstraße 21-25, 86322, Kronshagen', 'Receivar', 2, 805, 164917891, 'Nemo pariatur non. Sit deleniti.\r\n', 4, 61, 1),
(265, 'Neureutherstraße 1, 82522, Beiersdorf', 'Antopepentor', 2, 690, 10183119, 'Possimus excepturi debitis. Nobis;\r\n', 4, 63, 29),
(266, 'Riedlstraße 2, 16704, Abenberg', 'Conjectplridge', 5, 809, 109137862, 'Labore sunt unde. Quia incidunt odit!', 3, 49, 7),
(267, 'Am Neudeck 2f, 94459, Abenberg', 'Binianator', 3, 788, 104577109, 'Architecto voluptatem consectetur. Est...', 3, 34, 4),
(268, 'Amalienstraße 2, 06642, Burrweiler', 'Cleanleefator', 1, 385, 125201569, 'Porro natus suscipit; nostrum id?\r\n', 1, 4, 33),
(269, 'Thalkirchner Straße 6f, 46327, Waldburg', 'Micbander', 2, 448, 60160476, 'Est qui maxime.\r\nUt et neque. Ad ut!', 3, 75, 10),
(270, 'Marsstraße 2, 08376, ahnsdorf', 'Stereowoofommlet', 5, 627, 112859417, 'Exercitationem non adipisci; nemo.', 6, 74, 16),
(271, 'Am Glockenbach 3b, 45178, Ranzow', 'Subtectlet', 5, 326, 129382765, 'Laborum libero consequatur. Quod ipsa;', 2, 16, 39),
(272, 'Reitmorstraße 2, 19588, Bad Sülze', 'Speaktopanra', 3, 373, 162543503, 'Fugit tempore quae. Ad reiciendis?\r\n', 6, 58, 6),
(273, 'Friedenstraße 27b, 78758, Wulfskuhl', 'Recyclefer', 2, 690, 148020747, 'Inventore debitis accusamus. Quia.', 1, 21, 12),
(274, 'Arnulfstraße 2, 13911, Kaisborstel', 'Speakpickiner', 2, 529, 18948645, 'Magnam vero distinctio. At itaque.\r\n', 3, 58, 6),
(275, 'Haushoferstraße 4, 07107, Mörz', 'Subputentor', 1, 553, 83687091, 'Eum eveniet voluptatem. Sit.\r\n', 4, 77, 37),
(276, 'Dianastraße 4, 89407, Rosendorf', 'Replottommphone', 2, 509, 3390041, 'Sed doloribus fugit. Voluptates omnis.', 5, 7, 27),
(277, 'Sankt-Wolfgangs-Platz 7a, 48145, Trautskirchen', 'Readtelledator', 3, 318, 120899826, 'Id odio autem. Facere ipsa quia.\r\n', 3, 47, 10),
(278, 'Salvatorstraße 2, 16685, Aach', 'Cleancordentor', 1, 798, 65690960, 'Repellat assumenda libero. Quia.\r\n', 5, 80, 40),
(279, 'Dreimühlenstraße 4f, 96980, Borgdorf-Seedorf', 'Monomutexentor', 1, 682, 147582501, 'Iste voluptates ut. Nihil veniam?', 1, 29, 37),
(280, 'Seestraße 2, 94904, Borne', 'Carttellletor', 2, 750, 123710293, 'Nihil omnis soluta. Ducimus omnis quia;', 5, 15, 35),
(281, 'Ebenauer Straße 72, 34760, Bad Aibling', 'Bibandator', 5, 468, 587331, 'Voluptatem laboriosam consequatur.\r\n', 1, 29, 12),
(282, 'Poccistraße 2f, 26812, Appenweier', 'Charculer', 1, 851, 20920475, 'Illum sed sit. Ut quidem.', 5, 36, 17),
(283, 'Stephansplatz 4, 94521, Klosterwalde', 'Promuticator', 5, 341, 30851905, 'Aliquam itaque architecto.\r\n', 2, 3, 20),
(284, 'Prinzregentenstraße 16d, 01066, Hunzen', 'Monlifiollentor', 1, 434, 129811790, 'Eum et id. Non perspiciatis.\r\n', 4, 18, 9),
(285, 'Bürkleinstraße 1, 91465, Grömitz', 'Releentor', 4, 704, 56668169, 'Voluptatem perspiciatis maiores...', 2, 28, 22),
(286, 'Adlzreiterstraße 1, 61571, Haynsburg', 'Tabpicklet', 5, 496, 70483569, 'Consequuntur aut itaque.\r\n', 3, 71, 29),
(287, 'Kaiser-Ludwig-Platz 22e, 23494, Drestedt-Valzik', 'Cabtiner', 2, 338, 24203119, 'Obcaecati molestias quia. Unde aut;', 2, 5, 35),
(288, 'Am Bergsteig 2c, 03232, Leisnig', 'Comlery', 4, 320, 146871924, 'Et deserunt ut.\r\nNobis quia.\r\n', 2, 61, 23),
(289, 'Braystraße 2, 39625, Gössenheim', 'Cartcyclexar', 4, 722, 116214217, 'Sunt qui nesciunt. Incidunt quas.', 3, 24, 29),
(290, 'Schönfeldstraße 19, 25545, Lüdersdorf', 'Miclifiphone', 3, 734, 141803027, 'Accusamus quo sed.\r\nNatus quisquam.', 4, 61, 13),
(291, 'Bereiteranger 10, 59353, Salmberg', 'Renior', 2, 429, 74648193, 'Sit iste error. Iste qui est.\r\n', 2, 61, 26),
(292, 'Pappenheimstraße 2, 42606, Abbendorf', 'Readtaphone', 4, 900, 75184095, 'Modi eaque quaerat. Voluptatem.\r\n', 1, 48, 40),
(293, 'Krumbacherstraße 21f, 04407, Bauda', 'Amppickor', 4, 710, 8776306, 'Est eveniet perspiciatis; quis.\r\n', 2, 10, 31),
(294, 'Edlingerstraße 8, 87665, Weißwasser', 'Readholdscope', 2, 389, 37951729, 'Praesentium aut aliquid. Est!\r\n', 4, 5, 24),
(295, 'Rotkreuzplatz 4, 45106, Abenberg', 'Supwoofer', 4, 657, 75726597, 'Voluptas dignissimos et. Consequatur.\r\n', 6, 5, 17),
(296, 'Pestalozzistraße 1, 76554, Bad Essen', 'Recyclra', 3, 442, 187445765, 'Libero corrupti distinctio; ut aut.\r\n', 2, 41, 6),
(297, 'Herzogstraße 2, 66845, Adelebsen', 'Armleor', 4, 484, 3575585, 'Est dicta qui. Perspiciatis quia nulla!', 2, 53, 40),
(298, 'Adalbertstraße 1, 74520, Belau', 'Playcordphone', 2, 743, 87243421, 'Atque eligendi dicta. Repellat id?\r\n', 5, 62, 19),
(299, 'Ackerstraße 8, 85585, Hornbek', 'Tableaner', 5, 356, 78247519, 'Repellat recusandae obcaecati. Amet.\r\n', 5, 49, 23),
(300, 'Kleinhesselohe 249, 59066, Herbstein', 'Supputphone', 5, 405, 110447060, 'Eos qui autem. Est maiores totam;', 5, 15, 7),
(301, 'Heimeranstraße 1, 04204, Prichsenstadt', 'Tabtara', 1, 400, 150513197, 'Sunt ab quia. Ut velit magni. Ut!\r\n', 3, 9, 32),
(302, 'Geibelstraße 2, 84066, St. Wendel', 'Armwoofar', 3, 396, 82168739, 'Enim et aspernatur. Quisquam nisi.', 3, 28, 12),
(303, 'Adalbert-Stifter-Straße 2e, 66591, Kalbach', 'Cleantellplor', 2, 776, 93872022, 'Veniam tempora reprehenderit. Nihil?\r\n', 3, 6, 12),
(304, 'Sterneckerstraße 1, 27825, Kehrig', 'Armtinedphone', 2, 635, 155876674, 'Optio natus aliquid. Qui unde vel?\r\n', 2, 16, 3),
(305, 'Gaisbergstraße 1f, 52749, Wenzenbach', 'Miccordor', 5, 365, 103868308, 'Ut possimus reprehenderit; ipsa.\r\n', 1, 62, 5),
(306, 'Emanuelstraße 2, 78802, Helmstadt-Bargen', 'Reputolllet', 3, 777, 39879589, 'Deserunt perferendis saepe.\r\n', 6, 31, 35),
(307, 'Dietlindenstraße 2, 39357, Ahrenshagen', 'Bilictanlet', 4, 603, 1195185, 'Dolore non perferendis. Fuga qui!\r\n', 4, 36, 27),
(308, 'Sommerstraße 10, 87372, Bückwitz', 'Biputommra', 1, 382, 118016789, 'Repellendus alias dolorem. Iste.\r\n', 5, 23, 31),
(309, 'Neuturmstraße 4, 86133, Oberkatz', 'Tetopicer', 4, 432, 115850511, 'Unde error eos. Reiciendis est ex.\r\n', 1, 71, 40),
(310, 'Sprunerstraße 6f, 62743, Dutzow', 'Biwoofridge', 1, 337, 90458230, 'Sunt et officia. Quod rem est. Qui!\r\n', 1, 7, 6),
(311, 'Windenmacherstraße 7, 55652, Abbendorf', 'Tweetculer', 4, 805, 116031751, 'Est porro in. Ut aliquam non. Animi?\r\n', 5, 4, 8),
(312, 'Barbarastraße 1, 74214, Aasbüttel', 'Ampcordinry', 2, 672, 55857668, 'Labore animi et. Molestiae minima!\r\n', 5, 44, 24),
(313, 'Gaußstraße 13-18, 89155, Granzin', 'Supniefphone', 4, 600, 4442556, 'Aut pariatur consequatur. Non quia!', 5, 44, 17),
(314, 'Franziska-Bilek-Weg 2, 88019, Vielist', 'Cabceivewor', 4, 587, 199565323, 'Suscipit mollitia nemo. Unde enim.\r\n', 4, 64, 32),
(315, 'Bavariaring 49b, 25344, Abenberg', 'Complottphone', 2, 877, 6693794, 'Architecto libero qui. Officiis;\r\n', 5, 7, 1),
(316, 'Nigerstraße 2, 38949, Aham', 'Tetalet', 3, 713, 63409985, 'Ducimus consequuntur voluptas.\r\nError;', 4, 59, 6),
(317, 'Anglerstraße 8b, 85765, Könnigde', 'Conputer', 1, 303, 187339382, 'Facere unde quis.\r\nReprehenderit qui.\r\n', 1, 19, 1),
(318, 'Pflugstraße 2, 53931, Dirmstein', 'Ampjectupscope', 4, 732, 88858298, 'Voluptas laudantium corporis. Error.', 1, 52, 25),
(319, 'Kellerstraße 15-19, 43457, Schwickershausen', 'Ampwoofer', 2, 306, 8586434, 'Consequatur ipsum quo. Odit;\r\n', 5, 57, 14),
(320, 'Ackerstraße 1e, 59232, Kaufering', 'Readlictra', 2, 628, 166946224, 'Expedita voluptatem omnis. Porro quos.', 4, 2, 7),
(321, 'Ainmillerstraße 94c, 06056, Groß Wüstenfelde', 'Speakwoofentor', 1, 785, 9813568, 'Nihil eius repellat. Error;\r\n', 4, 50, 25),
(322, 'Piusstraße 1, 61075, Ruthenbeck', 'Transtecticer', 1, 509, 18719681, 'Minima velit omnis. Fugit error dolor.', 4, 15, 37),
(323, 'Mühlbaurstraße 2f, 58649, Prichsenstadt', 'Suptalet', 3, 696, 8124342, 'Numquam ad nihil. Debitis magnam!\r\n', 3, 61, 10),
(324, 'Salvatorstraße 1d, 81693, Zeschdorf', 'Cabfindor', 4, 620, 37429144, 'Voluptatem eius numquam. Non aliquam.\r\n', 1, 34, 35),
(325, 'Ramungstraße 71c, 94065, Aschbach', 'Printnionscope', 1, 566, 197983644, 'Ipsum accusantium qui; nesciunt.', 3, 63, 32),
(326, 'Guldeinstraße 6, 37336, Viesecke', 'Procordfiator', 3, 896, 159493718, 'Quia nesciunt voluptatem. Sit quod.\r\n', 2, 18, 15),
(327, 'Franz-Prüller-Straße 2, 39158, Berscheid', 'Subtellscope', 2, 676, 66865461, 'Sunt quidem rerum. Nostrum natus!', 3, 65, 7),
(328, 'Versailler Straße 1, 25662, Bargfeld-Stegen', 'Charwoofphone', 3, 324, 22748479, 'Nemo et omnis. Odit sed ut. Earum.\r\n', 4, 54, 35),
(329, 'Hilblestraße 26, 97174, Dallmin', 'Anbandicar', 5, 398, 57666942, 'Id aspernatur omnis. Sit rerum!\r\n', 5, 38, 29),
(330, 'Kaiserstraße 21-29, 37169, Siefersheim', 'Comleinridge', 5, 346, 184976662, 'Illo cum culpa. Pariatur asperiores.', 3, 64, 5),
(331, 'Trautenwolfstraße 2, 15878, asnitz', 'Stereoculor', 3, 455, 191148627, 'Sed et veniam. Ea rem molestias.\r\n', 4, 71, 27),
(332, 'Schleißheimer Straße 1, 52574, Wüsteratherhof', 'Charpickaquon', 5, 784, 120848982, 'Consequatur quam dolorum. Magni.', 6, 59, 34),
(333, 'Aberlestraße 5, 49571, Dehlitz', 'Cartmuton', 5, 459, 12439562, 'Sunt itaque porro; et quia nobis;\r\n', 2, 35, 2),
(334, 'Adelheidstraße 6a, 62466, Großbardorf', 'Monoceivepon', 1, 396, 195768890, 'Ex sed rerum. Placeat quod debitis.\r\n', 3, 60, 16),
(335, 'Donaustraße 14, 72647, Leschen', 'Armlictinridge', 2, 900, 53536902, 'Odit ut molestiae. Ipsa eveniet.\r\n', 2, 29, 33),
(336, 'Alter Hof 9a, 42160, Adelhausen', 'Speakcessscope', 3, 624, 21799135, 'Sit non molestiae. Doloribus.\r\n', 6, 18, 19),
(337, 'Ainmillerstraße 2, 46146, Beverstedt', 'Bileator', 5, 898, 99336128, 'Et sit expedita. Eligendi voluptatum.', 1, 13, 39),
(338, 'Saportastraße 1, 59200, Roggendorf', 'Transtectscope', 4, 416, 1693773, 'Omnis blanditiis nulla; itaque omnis.', 1, 26, 22),
(339, 'Ettstraße 6d, 56484, Seitingen-Oberflacht', 'Carttinphone', 5, 421, 130104565, 'Quis voluptas quasi. Quidem vel.\r\n', 1, 55, 16),
(340, 'Adlzreiterstraße 99, 85834, Abbenrode', 'Releuper', 1, 574, 2769327, 'Reiciendis iste neque. Rerum.\r\n', 4, 10, 17),
(341, 'Neuturmstraße 3, 29127, Niebel', 'Anmutommer', 2, 874, 70734125, 'Sit impedit ut. Placeat aliquid.\r\n', 3, 29, 20),
(342, 'Rochusberg 11-19, 74545, Merzweiler', 'Cartplottplor', 2, 741, 183784059, 'Aliquid temporibus et. Beatae labore;\r\n', 3, 47, 3),
(343, 'Simmernstraße 25, 19598, Kotzen', 'Readleator', 4, 724, 132565837, 'Expedita illo odit. Omnis aut ut! Et.', 1, 59, 3),
(344, 'Belgradstraße 7b, 64413, Achterwehr', 'Ampplotter', 5, 404, 8319895, 'Ut commodi distinctio. Distinctio.\r\n', 1, 3, 28),
(345, 'Denninger Straße 9, 27015, Ahrenviöl', 'Micculicry', 4, 360, 195834586, 'Voluptatem explicabo vitae. Neque.\r\n', 4, 4, 25),
(346, 'Kreittmayrstraße 28e, 94309, Aarbergen', 'Subculicer', 4, 487, 105189497, 'Iste eum quaerat. Ipsum exercitationem.', 3, 34, 26),
(347, 'Thiemestraße 1, 85636, Kurtscheid', 'Charholdedar', 4, 652, 21129186, 'Nobis odit harum. Vitae porro.\r\n', 2, 17, 15),
(348, 'Schlosserstraße 1, 58855, Prezelle', 'Monofindar', 5, 338, 23508931, 'Voluptatem sed illo. Reiciendis.\r\n', 5, 19, 5),
(349, 'Rosenheimer Platz 1f, 72579, Bürdenbach', 'Monotara', 4, 450, 63850482, 'In asperiores dolores. A et!\r\n', 6, 43, 26),
(350, 'Hochbrückenstraße 4, 56152, Charlottenberg', 'Tabjector', 5, 756, 197314004, 'Voluptate ut ab; ut deserunt incidunt;', 3, 49, 31),
(351, 'Friedrich-Herschel-Straße 1a, 83693, Barth', 'Monoholdridge', 1, 449, 145586822, 'Nostrum quisquam fugit; sit;\r\n', 4, 39, 25),
(352, 'Kreuzplätzchen 7, 75362, Klein Barkau', 'Tabceiver', 5, 787, 63869249, 'Molestiae a modi; sapiente et illum;\r\n', 5, 73, 17),
(353, 'Reitmorstraße 21-29, 32563, Waldow', 'Complottor', 3, 520, 25231450, 'Rem nulla id. Est perferendis!\r\n', 5, 8, 27),
(354, 'Rheinstraße 2, 91962, Sensweiler', 'Playceivaquscope', 4, 357, 4002883, 'Odio velit quis. Unde accusamus quo?', 3, 33, 33),
(355, 'Altenhofstraße 2, 46095, Mihla', 'Printcyclollor', 3, 388, 169035423, 'Qui delectus odio.\r\nSed accusamus.', 2, 42, 11),
(356, 'Karl-Theodor-Straße 2d, 16633, Welling', 'Charwoofupridge', 2, 344, 100855163, 'Quos pariatur voluptates. Fugiat.\r\n', 1, 11, 23),
(357, 'Karolinenstraße 2, 86755, Dormitz', 'Speakcyclader', 4, 712, 85997602, 'Modi culpa eum. Voluptatibus modi!\r\n', 3, 32, 33),
(358, 'Max-Joseph-Straße 92, 06448, Holzengel', 'Monmutommlet', 1, 738, 58300736, 'Optio obcaecati qui. Quia iste?', 2, 53, 18),
(359, 'Ackermannstraße 7, 59360, Uelvesbüll', 'Cartplotterry', 4, 886, 137847783, 'Aliquid et laboriosam. Quas optio?\r\n', 2, 41, 24),
(360, 'Marstallplatz 21-28, 36573, Wildenberg', 'Tabcesser', 4, 632, 190036767, 'Et voluptatem alias. Velit?\r\n', 1, 10, 11),
(361, 'Pfarrstraße 1, 44246, Birkungen', 'Monfinder', 5, 468, 173138173, 'Sit fugit labore. Error non quis.\r\n', 6, 20, 11),
(362, 'Ifflandstraße 28, 71050, Bröthen', 'Cabtectepentor', 3, 662, 98216845, 'Qui nihil ut. Sit quaerat.\r\n', 6, 56, 14),
(363, 'Adolf-Kolping-Straße 1, 66984, Trier', 'Armmuter', 3, 410, 112871870, 'Consectetur ut quis. Temporibus sit!', 1, 67, 7),
(364, 'Keuslinstraße 125d, 37189, Bargfeld-Stegen', 'Proplottlet', 2, 337, 79641655, 'Architecto velit quaerat; ratione.\r\n', 1, 66, 25),
(365, 'Grillparzerstraße 1, 34036, Zschepen', 'Playceivon', 1, 714, 39112663, 'Porro veniam vel. Deserunt inventore.\r\n', 6, 12, 37),
(366, 'Pilotystraße 59d, 15377, Ahrenviöl', 'Retinerridge', 5, 741, 98751621, 'Consequatur blanditiis ut. Pariatur ut.', 2, 80, 15),
(367, 'Fendstraße 1, 69306, Uppershausen', 'Printtopefer', 4, 571, 141458984, 'Dolor dolores iusto. Esse sed.\r\n', 3, 48, 37),
(368, 'Effnerstraße 10f, 14704, Alheim', 'Speaklicter', 2, 418, 77813827, 'Consectetur error sit. Et quae porro.\r\n', 3, 25, 28),
(369, 'Adi-Maislinger-Straße 27, 96373, Mötzow', 'Tecordar', 1, 857, 60716668, 'Aut quis dicta. Quis voluptas ut? Qui.', 3, 55, 28),
(370, 'Edlingerplatz 25, 45505, Admannshagen-Bargeshagen', 'Subceiventor', 1, 422, 12572605, 'Qui ad laboriosam; et cumque.\r\n', 1, 45, 17),
(371, 'Malsenstraße 7f, 94561, Kaiserslautern', 'Printlictlet', 1, 354, 115335359, 'Praesentium doloribus ipsa. Ea!\r\n', 6, 61, 31),
(372, 'Adolf-Kolping-Straße 2, 86322, Hainau', 'Charnientor', 1, 771, 28032054, 'Sunt vero possimus. Natus unde iste!\r\n', 2, 72, 35),
(373, 'Dreimühlenstraße 2, 79998, Hochhalden', 'Monolifiar', 2, 611, 101954796, 'Aliquam sed magnam. Minus dolor!\r\n', 3, 10, 40),
(374, 'Mariahilfplatz 22, 98270, Ossa', 'Tetopridge', 5, 566, 120291827, 'Quia ad est. Modi quam animi;\r\n', 4, 54, 5),
(375, 'Ainmillerstraße 25-25, 56677, Aarbergen', 'Charbandinar', 1, 636, 35911886, 'Nobis voluptatem sit. Assumenda est.', 6, 10, 18),
(376, 'Felix-Dahn-Straße 1, 27869, Wittbek', 'Ampleopor', 3, 719, 174325028, 'Qui est corporis; sed distinctio sed;\r\n', 5, 50, 12),
(377, 'Marktstraße 7, 26273, Rodeberg', 'Teleedgscope', 1, 862, 14961809, 'Iure sunt qui...\r\nEt velit et.\r\n', 3, 2, 13),
(378, 'Astallerstraße 9, 42942, Karlshof', 'Comceivator', 5, 749, 5039366, 'Quae recusandae esse. Reiciendis?', 1, 31, 16),
(379, 'Kleinhesselohe 6b, 41272, Ahausen', 'Recessupator', 3, 836, 152915987, 'Culpa quia facilis. Perspiciatis iste!', 2, 13, 1),
(380, 'Adi-Maislinger-Straße 3c, 96711, Ringsberg', 'Tabcyclator', 5, 805, 979974, 'Non magni voluptate. Ad maiores.', 6, 29, 33),
(381, 'Maximilianstraße 24-25, 34246, Unseburg', 'Anmutentor', 2, 623, 27782853, 'Quia assumenda iure. Quia eveniet.\r\n', 4, 20, 24),
(382, 'Emma-Ihrer-Straße 1, 32694, Bonefeld', 'Printcordewon', 5, 620, 116566287, 'Incidunt unde qui. Quae non quis?\r\n', 6, 14, 10),
(383, 'Schlörstraße 2, 09281, Reifensägmühle', 'Tabculanry', 5, 688, 69044051, 'Vitae et est. Magnam dolor aut.\r\n', 1, 27, 20),
(384, 'Franzstraße 9d, 59316, Abbau Ader', 'Cartcordphone', 2, 343, 2502256, 'Non quia nostrum. Corporis quia.\r\n', 3, 35, 11),
(385, 'Schönbergstraße 9, 25027, Wolfsburg-Unkeroda', 'Monoholdupor', 5, 542, 146897800, 'Vero quis molestiae. Beatae voluptatem.', 3, 13, 30),
(386, 'Orffstraße 35, 32999, Bergtheim', 'Proculadry', 1, 766, 105681372, 'Temporibus et doloribus. Nihil.', 6, 26, 25),
(387, 'Wolfgangstraße 27e, 02973, Banzenhof', 'Printtaon', 4, 603, 18110455, 'Sint unde earum. In odio veniam. Ut.\r\n', 2, 74, 33),
(388, 'Von-der-Tann-Straße 9, 58847, Zöschen', 'Armcycler', 2, 847, 144526755, 'Fugit mollitia error.\r\nTenetur sint et.', 5, 56, 27),
(389, 'Kapuzinerstraße 13-16, 27917, Wied', 'Tweettinentor', 1, 833, 29565809, 'Debitis placeat aperiam; nemo.\r\n', 5, 29, 6),
(390, 'Adi-Maislinger-Straße 4, 24451, Kaisborstel', 'Supplottefra', 3, 811, 39562764, 'Eum debitis expedita. Voluptatem.\r\n', 1, 61, 19),
(391, 'Konradstraße 7, 75084, Mommenheim', 'Supwoofer', 1, 380, 196418574, 'Placeat voluptas error; perferendis.\r\n', 1, 54, 34),
(392, 'Rupprechtstraße 25-29, 03587, Ahrain', 'Playfindridge', 3, 400, 14058993, 'Cum quis temporibus. Et explicabo.\r\n', 4, 52, 13),
(393, 'Maistraße 19a, 15320, Lübschützer Teiche', 'Protinimar', 5, 473, 118192692, 'Ducimus numquam aut; quia aliquid.\r\n', 1, 53, 3),
(394, 'Deutingerstraße 15e, 48059, Agathenburg', 'Mictopor', 2, 591, 185126178, 'Explicabo nisi quis. Atque in.\r\n', 2, 73, 24),
(395, 'Kurt-Haertel-Passage 12d, 64455, Pellworm', 'Stereocordar', 3, 818, 152068159, 'Est et dignissimos; rerum.\r\n', 4, 69, 20),
(396, 'Winkstraße 2, 15456, Peterskoogsdeich', 'Playjectridge', 2, 636, 174517028, 'Omnis impedit recusandae. A.\r\n', 5, 27, 37),
(397, 'Rothmundstraße 2, 24249, Zerre', 'Tepickicphone', 1, 373, 173098353, 'Quibusdam voluptas aliquam.\r\n', 3, 9, 39),
(398, 'Mariahilfstraße 15, 31603, Adelebsen', 'Armtaedgentor', 5, 713, 19131055, 'Voluptatem et labore; sed.\r\n', 6, 80, 34),
(399, 'Haushoferstraße 69e, 59874, Kraatz', 'Cabcessra', 1, 815, 17083741, 'Molestiae aut iste. Repudiandae?\r\n', 1, 25, 8),
(400, 'Prälat-Zistl-Straße 2b, 49878, Pommersfelden', 'Comtellra', 2, 706, 39434030, 'Ea nihil ex. Fugit inventore placeat!', 5, 30, 27),
(401, 'Schweigerstraße 9, 29404, Waldesruh', 'Monojectinlet', 1, 677, 82552625, 'Explicabo laborum quae. Et aut.\r\n', 5, 3, 39),
(402, 'Rolandstraße 1, 56015, Schwangau', 'Supjectaquer', 2, 374, 71485290, 'Et asperiores sint. Rerum aperiam?\r\n', 2, 1, 37),
(403, 'Ansprengerstraße 3, 15194, Aachen', 'Relictor', 2, 373, 77280076, 'Sequi rerum nostrum. Rerum maxime.\r\n', 6, 54, 19),
(404, 'Albrechtstraße 2, 61798, Königsee', 'Playceivor', 4, 327, 989007, 'Ab nisi sit. Expedita quis natus.\r\n', 4, 49, 18),
(405, 'Artilleriestraße 1d, 36227, Blandikow', 'Armceivupra', 5, 892, 89588051, 'Error quasi veniam. Aliquam.\r\n', 5, 54, 24),
(406, 'Ohmstraße 9, 49585, Grebenhain', 'Prolictader', 5, 366, 29517700, 'Ut quia corrupti. Quia voluptatem!\r\n', 6, 28, 29),
(407, 'Asamstraße 2, 02863, Philippsheim', 'Armceiver', 4, 845, 57967092, 'Nesciunt ipsum sed. Perspiciatis.\r\n', 2, 30, 30),
(408, 'Am Eisbach 30a, 85063, Aerzen', 'Sublifiphone', 1, 716, 139398084, 'Non aut voluptatem.\r\nAutem cupiditate.', 1, 74, 30),
(409, 'Grammstraße 2, 51224, Tating', 'Teniupra', 5, 730, 61328165, 'Dolorum natus velit. Repellat.\r\n', 1, 58, 25),
(410, 'Einsteinstraße 25, 31378, Oberkotzau', 'Conpickator', 4, 768, 122488051, 'Voluptas dolores quia. Veniam.', 5, 39, 7),
(411, 'Delpstraße 240, 56442, Arholzen', 'Reculer', 4, 680, 5695030, 'Perspiciatis eligendi illo. Corrupti;', 1, 59, 37),
(412, 'Gärtnerplatz 90b, 78957, Acht', 'Cleanculer', 4, 692, 26337522, 'Maiores nam sunt. Voluptatem ut?\r\n', 4, 31, 9),
(413, 'Emanuelstraße 17, 28080, Winringen', 'Cleancordridge', 1, 897, 16886635, 'Suscipit praesentium sunt. Nemo.\r\n', 2, 10, 7),
(414, 'Rheinstraße 6, 01313, Nustrow', 'Tetopra', 1, 589, 121953980, 'Sit dolores maiores.\r\nFacilis nulla.\r\n', 2, 79, 5),
(415, 'Thomas-Mann-Allee 9, 56840, Alsenz', 'Cabtellinry', 2, 821, 143408605, 'Fugit corporis libero. Dicta autem.\r\n', 1, 64, 36),
(416, 'Pflugstraße 12, 21323, Pätow', 'Tweettingary', 3, 578, 128079259, 'Facere recusandae quae. Voluptates.\r\n', 5, 78, 6),
(417, 'Lämmerstraße 1, 58866, Langenselbold', 'Comwoofollry', 3, 840, 196947799, 'Modi ut assumenda. Sint commodi.\r\n', 5, 63, 28),
(418, 'Bismarckstraße 1, 78728, Spahnharrenstätte', 'Playtaphone', 5, 847, 145340314, 'Numquam error asperiores. Aut.\r\n', 6, 54, 4),
(419, 'Fendstraße 28, 45176, ramstedt', 'Monotaator', 2, 447, 11785567, 'Quia laudantium pariatur. Sed sit.', 1, 6, 37),
(420, 'Brucknerstraße 2b, 38271, Bedburg-Hau', 'Tabtopexer', 2, 637, 192440862, 'Error iusto amet. Magnam non facilis.', 1, 67, 25),
(421, 'Am Bavariapark 7, 25589, Beulwitz', 'Bifindoller', 3, 686, 8965861, 'Consequatur unde velit. Mollitia et.', 3, 20, 12),
(422, 'Liebigstraße 4, 27919, Aying', 'Receivedgra', 2, 351, 402892, 'Tempore voluptatem saepe. Nulla nobis!', 4, 68, 29),
(423, 'Angertorstraße 13-16, 78591, Ingendorf', 'Ampholdicer', 3, 706, 92982483, 'Iste tenetur ea. Ipsum in est. Ut.\r\n', 4, 58, 29),
(424, 'Rosa-Aschenbrenner-Bogen 7, 63183, Muchow', 'Stereotinewphone', 4, 887, 37436752, 'Repudiandae error sit. Provident!\r\n', 6, 52, 20),
(425, 'Adalbertstraße 1, 69656, Mertingen', 'Combandscope', 4, 881, 194837217, 'Est ea numquam. Libero dolor quia!\r\n', 1, 72, 3),
(426, 'Ackerstraße 2, 42761, Tiefenweg', 'Anceiver', 2, 595, 167548303, 'Vel rerum totam. Hic eos nisi. Magnam;', 5, 41, 16),
(427, 'Donaustraße 2f, 82718, Erftstadt', 'Tweettinridge', 5, 388, 89574850, 'Animi sit modi. Necessitatibus vero.\r\n', 4, 6, 26),
(428, 'Therese-Danner-Platz 5, 59829, Penzberg', 'Miccyclfion', 4, 786, 2596043, 'Fugiat modi temporibus. Error.\r\n', 3, 44, 10),
(429, 'Baldestraße 1, 19564, Brielow', 'Supnior', 4, 748, 53140285, 'Quasi molestias eligendi. Sunt?\r\n', 4, 15, 26),
(430, 'Degenfeldstraße 6f, 38918, Harmstorf', 'Speakplottfion', 1, 435, 127105408, 'Veniam tempora veniam. Minus.\r\n', 2, 49, 35),
(431, 'Kurt-Haertel-Passage 3, 78225, Heuwinkl', 'Monotectollridge', 1, 719, 172352390, 'Molestias culpa quis. Cum aperiam.\r\n', 2, 63, 14),
(432, 'Alter Messeplatz 1, 49249, Rodewald', 'Tabcessar', 2, 308, 31174243, 'Aliquid aut libero. Quia voluptatem.\r\n', 2, 41, 38),
(433, 'Adi-Maislinger-Straße 4d, 79882, Wernburg', 'Cabtagary', 3, 316, 87164409, 'Recusandae nesciunt architecto. Ab.', 2, 26, 18),
(434, 'Alter Hof 2, 28076, Krempdorf', 'Reholdridge', 1, 831, 46737449, 'Aliquid natus hic. Molestiae autem.', 5, 23, 14),
(435, 'Barer Straße 1c, 07771, Barneberg', 'Playteller', 5, 893, 24666144, 'Dignissimos rerum autem. Voluptatem.\r\n', 5, 2, 24),
(436, 'Bogenhauser Kirchplatz 15a, 29035, Abenberg', 'Moncordollscope', 3, 636, 140542412, 'Est omnis est. In nostrum veritatis.', 4, 74, 40),
(437, 'Kreuzstraße 2f, 52159, Aasbüttel', 'Subcordscope', 3, 796, 154561004, 'Facilis ea ut. Dolorum commodi.\r\n', 3, 43, 15),
(438, 'Innstraße 8, 55491, Sarstedt', 'Amptopiner', 1, 849, 163133559, 'Adipisci est sed. Unde culpa.\r\n', 4, 53, 8),
(439, 'Georgenstraße 2, 52751, Rutenberg', 'Armtinra', 4, 869, 111598231, 'Est rerum ea. Ratione repudiandae.\r\n', 6, 17, 34),
(440, 'Adalbert-Stifter-Straße 5, 42702, Volkmannsdorf', 'Cleanculolllet', 5, 714, 195325308, 'Est non qui. Nostrum natus omnis?', 2, 72, 20),
(441, 'Herzogparkstraße 11b, 54388, Abbau Ader', 'Readjectedgphone', 5, 721, 156795285, 'Iusto ut repudiandae. Sunt iste nihil!', 2, 47, 26),
(442, 'Adelgundenstraße 6a, 82422, Malsch', 'Stereoceivimer', 1, 710, 157279931, 'Fugit impedit nobis. Qui labore quia?', 5, 9, 2),
(443, 'Adelheidstraße 2, 73442, Würrich', 'Conholdlet', 4, 450, 38463597, 'Odit nobis quam.\r\nSunt delectus iusto.', 4, 23, 14),
(444, 'Zaubzerstraße 1, 35156, Bad Liebenstein', 'Comtopra', 4, 655, 43976480, 'Quas rem est. Sit saepe laudantium.\r\n', 2, 9, 19),
(445, 'Haidhauser Straße 3, 72588, Gohrau', 'Cleanbander', 4, 735, 41481477, 'Sequi reiciendis aliquam. Et sit sed.\r\n', 5, 57, 33),
(446, 'Aberlestraße 11-17, 43944, Höckendorf', 'Conwoofra', 4, 425, 168607172, 'Velit aut blanditiis. Nesciunt.\r\n', 4, 46, 34),
(447, 'Steinstraße 5, 31685, Arzberg', 'Printniar', 1, 652, 90411304, 'Non qui id. Qui unde dolores...', 2, 3, 16),
(448, 'Beethovenplatz 8, 36602, Baierbrunn', 'Printputlet', 1, 407, 19877064, 'Aut sed qui. Dolore iusto pariatur.\r\n', 6, 5, 39),
(449, 'Schönbergstraße 1, 06477, Bergrade Dorf', 'Playjectator', 3, 509, 162508580, 'Ut dolorum officiis. Tenetur cum aut.\r\n', 2, 57, 23),
(450, 'Franz-Prüller-Straße 3, 86839, Adenbüttel', 'Charculry', 4, 501, 20010684, 'Fugit hic doloribus. Quo cum rerum?\r\n', 1, 40, 13),
(451, 'Dreifaltigkeitsplatz 27, 09435, Ehlenz', 'Tabcessimry', 5, 842, 134888195, 'Necessitatibus dolor quae. Obcaecati.\r\n', 1, 41, 11),
(452, 'Odeonsplatz 1, 69833, Westerengel', 'Bifindaquer', 5, 528, 59528141, 'Qui aperiam in. Excepturi dolorem;\r\n', 3, 59, 3),
(453, 'Winthirstraße 2, 85377, Abbau Ader', 'Monoputlet', 4, 410, 93679166, 'Sit iste quo; veniam qui excepturi.\r\n', 4, 37, 28),
(454, 'Eduard-Schmid-Straße 1, 33467, Mülbach', 'Biholdicar', 5, 791, 78188005, 'Unde error ut. Mollitia voluptatem?\r\n', 4, 79, 27),
(455, 'Marktstraße 1, 38824, Gottberg', 'Anlictry', 5, 898, 63596333, 'Eum voluptatem dolore.\r\nVoluptas et.', 1, 44, 1),
(456, 'Westermühlstraße 1d, 11867, Wurmberg', 'Monjectupry', 2, 707, 121331662, 'Vitae quibusdam dolores. Natus.', 5, 74, 6),
(457, 'Adelgundenstraße 63e, 04353, Albersweiler', 'Projectlet', 2, 470, 109085714, 'Molestiae incidunt accusantium.\r\n', 3, 4, 38),
(458, 'Franziska-Bilek-Weg 1, 43005, Meilbrück', 'Tabpickepphone', 1, 642, 77883371, 'Eum perspiciatis voluptas. Minima.\r\n', 1, 78, 9),
(459, 'Mariahilfstraße 6, 82754, Abbau Ader', 'Retectra', 1, 430, 165459537, 'Sequi mollitia sit. Reiciendis est...\r\n', 4, 69, 20),
(460, 'Max-Planck-Straße 36, 85175, Nimsreuland', 'Stereotiner', 5, 389, 38671854, 'Eveniet cumque numquam. Error?', 1, 65, 37),
(461, 'Destouchesstraße 16, 31445, Bruckmaier', 'Mictopphone', 3, 776, 86155273, 'Ullam minima modi. Quae animi id.\r\n', 6, 69, 8),
(462, 'Adelgundenstraße 2, 66217, Ahlen', 'Moncordonridge', 5, 799, 166368798, 'Explicabo et est; aliquid est.\r\n', 3, 1, 15),
(463, 'Karmeliterstraße 14, 55240, Dodenburg', 'Cabplottor', 3, 753, 196430018, 'Qui natus eius; veniam provident.', 6, 41, 5),
(464, 'Schackstraße 24c, 33373, Bagemühl', 'Promutscope', 2, 351, 90607115, 'Dicta tempore eum. Quia dolores qui!\r\n', 3, 71, 4),
(465, 'Glückstraße 5, 62500, Rödelhausen', 'Teputaquor', 5, 499, 101541316, 'Officia in adipisci. Saepe impedit;\r\n', 5, 13, 22),
(466, 'Adi-Maislinger-Straße 1c, 42812, Beesdau', 'Charmutlet', 1, 331, 6646620, 'Adipisci omnis velit. Similique;\r\n', 3, 9, 14),
(467, 'Thierschstraße 14b, 79803, Aarbergen', 'Monlictlet', 2, 574, 25108356, 'Consequuntur enim deleniti. Possimus!', 3, 57, 18),
(468, 'Rachelstraße 9, 15978, Dretzen', 'Cabplottentor', 2, 560, 15803909, 'Odit omnis fuga; explicabo provident.', 6, 53, 14),
(469, 'Anzinger Straße 8, 46913, Lunden', 'Tabtaor', 2, 545, 49874922, 'Enim molestiae iste. Voluptate et.\r\n', 6, 61, 18),
(470, 'Geroltstraße 1, 18766, Kleinostheim', 'Monotopphone', 5, 666, 187505063, 'Et ratione provident. Aperiam iure.', 3, 42, 15),
(471, 'Kaiserplatz 2a, 58740, Niederdürenbach', 'Conholdeplet', 3, 633, 160445559, 'Aperiam maiores est facere ut nostrum.', 4, 78, 21),
(472, 'Adelgundenstraße 10a, 56716, Alflen', 'Amptellon', 5, 450, 190878877, 'Omnis accusantium atque. Rerum!\r\n', 6, 67, 27),
(473, 'Am Tucherpark 8, 93238, Gnetsch', 'Tabcordadentor', 2, 521, 100934327, 'Aperiam dolore quod. Illo inventore.\r\n', 6, 59, 14),
(474, 'Pfänderstraße 1, 94424, Ammelstädt', 'Readholdar', 1, 583, 131745481, 'Perspiciatis ad voluptatibus; rerum ut.', 2, 28, 23),
(475, 'Beethovenplatz 24c, 53777, Agethorst', 'Supfindonlet', 2, 745, 28910168, 'Tempora consequatur explicabo;\r\n', 3, 58, 38),
(476, 'Grosjeanstraße 9a, 02672, Drees', 'Printtiniclet', 3, 498, 100404661, 'Sit ipsa perferendis. Sint!\r\n', 2, 5, 15),
(477, 'Bernhard-Wicki-Straße 91d, 05700, Bargstall', 'Recordra', 4, 703, 94559820, 'Autem nihil tempora; harum deleniti.\r\n', 4, 67, 31),
(478, 'Welserstraße 2, 44927, Wardenburg', 'Armholderor', 2, 408, 197243503, 'Nemo quia corrupti. Perspiciatis ea!\r\n', 3, 38, 36),
(479, 'Adalbert-Stifter-Straße 1, 86575, Miellen', 'Rewoofinor', 4, 370, 79621241, 'Ea nesciunt atque. Reprehenderit.\r\n', 5, 4, 9),
(480, 'Maximiliansplatz 4, 41994, Bäbelin', 'Suptinplridge', 3, 736, 118602121, 'Saepe dolor modi. Unde quo autem.', 5, 75, 23),
(481, 'Hefner-Alteneck-Straße 26e, 16415, Rabenkirchen-Faulück', 'Ampculscope', 2, 400, 126175070, 'Esse nostrum asperiores. Delectus!', 1, 9, 20),
(482, 'Prielmayerstraße 24, 75511, Schanzerhof', 'Tweetcordor', 4, 327, 56795258, 'Eius officiis exercitationem. Et!\r\n', 3, 57, 39),
(483, 'Bruderstraße 9c, 33886, Oberursel', 'Transculator', 3, 497, 47981452, 'Natus perspiciatis atque; sed sint.', 6, 13, 9),
(484, 'Hiltenspergerstraße 6, 93592, Kirchscheidungen', 'Speakcyclphone', 2, 330, 176686319, 'Illo delectus beatae; asperiores.\r\n', 1, 74, 20),
(485, 'Degenfeldstraße 26, 09531, Kleinalsleben', 'Stereoputry', 4, 333, 181046578, 'Praesentium voluptas quasi. Doloremque.', 2, 33, 9),
(486, 'Max-Weber-Platz 22-25, 33023, Schönaich', 'Recordadphone', 1, 711, 1525962, 'Adipisci unde vitae. Cumque cum.\r\n', 2, 38, 3),
(487, 'Aventinstraße 2, 42489, Luhe-Wildenau', 'Cartmuter', 1, 734, 156848955, 'Sed rem autem. Esse ab laboriosam.', 3, 26, 1),
(488, 'Baldeplatz 11f, 06939, Mötzow', 'Speakculentor', 3, 427, 86186125, 'Harum sint neque. Inventore sequi.\r\n', 3, 38, 24),
(489, 'Spicherenstraße 42, 72452, Bellin', 'Ampholder', 4, 890, 112423477, 'Maiores ratione unde.\r\nExpedita.\r\n', 3, 79, 17),
(490, 'Gyßlingstraße 7, 01845, Schnaittenbach', 'Tweetculator', 1, 734, 66709156, 'Eum ipsum dolores. Quidem distinctio!', 4, 37, 28),
(491, 'Am Glockenbach 2, 91857, Abenberg', 'Stereotaer', 2, 369, 70879385, 'Quos ut repudiandae. Consequatur vel.', 1, 29, 18),
(492, 'Sendlinger-Tor-Platz 2, 89988, Stulln', 'Combandra', 5, 387, 96529256, 'Ullam unde id. Ut et sunt. Sapiente!', 4, 42, 10),
(493, 'Arcisstraße 1, 41314, Abtsgmünd', 'Playniupphone', 3, 630, 114183324, 'Quis repellendus sed. Aut laudantium.\r\n', 2, 33, 29),
(494, 'Bernhard-Wicki-Straße 2, 55678, Aarbergen', 'Speaktinry', 5, 849, 90098721, 'Facere quia expedita. Odit dolores.', 3, 43, 19),
(495, 'Lazarettstraße 44a, 64352, Bad Herrenalb', 'Tabpickridge', 5, 507, 16860908, 'Ea optio fuga. Magni omnis aperiam.', 6, 34, 11),
(496, 'Adamstraße 4d, 93799, Fuchsmühle', 'Teplottlet', 3, 568, 174513881, 'Beatae quibusdam asperiores;\r\n', 3, 49, 38),
(497, 'Adelheidstraße 2, 42097, Berumbur', 'Proleedon', 5, 558, 197017580, 'Aliquid sunt dignissimos. Deleniti.\r\n', 2, 44, 23),
(498, 'Adelgundenstraße 2, 48130, Roxheim', 'Receivicor', 3, 816, 195570030, 'Ut consequatur et. Expedita qui!\r\n', 4, 67, 9),
(499, 'Agnesstraße 1c, 79917, Waltersleben', 'Transwoofepra', 3, 898, 141551044, 'Omnis vitae porro omnis aut.', 6, 13, 19),
(500, 'Regensburger Platz 4, 11648, Aldersbach', 'Cabholdator', 1, 732, 74917109, 'Neque facere sint. Mollitia architecto.', 5, 32, 11),
(501, 'Fraunhoferstraße 6, 62592, akenstorf', 'Cartcessscope', 2, 676, 70090900, 'Ipsum amet vel. Et aut ut! Autem.\r\n', 5, 37, 32),
(502, 'Damenstiftstraße 2d, 15165, Schlunkendorf', 'Supceivfira', 2, 544, 36620843, 'Ratione non et. Possimus iusto.\r\n', 2, 7, 5),
(503, 'Maronstraße 6d, 69279, Ahrenviölfeld', 'Monholdor', 3, 569, 170460907, 'Adipisci est officia. Similique.\r\n', 5, 65, 29),
(504, 'Belgradstraße 4, 33396, Groß Buchwald', 'Remutra', 2, 858, 146741078, 'Ut quaerat aut. Esse odit commodi.\r\n', 6, 63, 24),
(505, 'Maximiliansplatz 8, 75944, Ruhland', 'Cartcycledator', 3, 744, 53336186, 'Consequatur nulla ab. Et illo!', 4, 61, 2),
(506, 'Mariannenplatz 5e, 51619, Scharling', 'Subwoofator', 2, 350, 193359174, 'Dolorem rem non. Voluptates unde non.', 1, 1, 32),
(507, 'Karlstraße 25d, 24926, Abentheuer', 'Projecton', 5, 673, 173440074, 'Ex eum sunt. Enim soluta provident.', 5, 54, 30),
(508, 'Hedwigstraße 7f, 46505, Bastheim', 'Cabputexon', 3, 738, 170909927, 'Deleniti rerum molestias. Cupiditate!\r\n', 4, 11, 16),
(509, 'Germaniastraße 2, 07680, Sörth', 'Supwoofepphone', 1, 768, 103312906, 'A dicta cum.\r\nDeleniti ut nisi.', 1, 37, 4),
(510, 'Gustav-Landauer-Bogen 7c, 38266, Alt Karin', 'Armwoofoller', 5, 563, 145824182, 'Sequi rerum quaerat. Est nulla.\r\n', 1, 3, 23),
(511, 'Schmied-Kochel-Straße 23e, 69415, Moosinning', 'Stereotiner', 3, 531, 7539916, 'Molestiae quia voluptatem. Ea omnis?', 3, 59, 13),
(512, 'Christophstraße 72f, 22567, Aßlar', 'Monoceivedger', 3, 821, 120365945, 'Dicta quis enim. Earum corporis;\r\n', 2, 29, 40),
(513, 'Hackerbrücke 205b, 63363, Ahrensfelde', 'Transfindador', 5, 549, 42624913, 'Aperiam a fugit. Et harum dolorum.\r\n', 6, 2, 8),
(514, 'Oefelestraße 2, 81391, Lünen', 'Tewoofer', 4, 595, 189234089, 'Nisi voluptatibus qui. Rem.\r\n', 3, 1, 30),
(515, 'Ehrenguststraße 2f, 82633, Niederraden', 'Biniollor', 3, 304, 182877791, 'Et esse inventore. Maxime doloremque.\r\n', 2, 49, 25),
(516, 'Hermann-Lingg-Straße 1, 98147, attenheim', 'Tabpickaquphone', 4, 336, 69881114, 'Aspernatur adipisci autem. Dolores?\r\n', 5, 29, 1),
(517, 'Stielerstraße 29b, 98919, Abbendorf', 'Micwoofopator', 2, 538, 26518779, 'Sequi omnis sed. Eos ut eveniet.\r\n', 5, 4, 26),
(518, 'Adams-Lehmann-Straße 6, 05524, Papendorf', 'Monotellor', 3, 514, 37634419, 'Voluptatem unde voluptas. Sint.\r\n', 1, 4, 40),
(519, 'Lisztstraße 14, 32726, Alt Schwerin', 'Montopollar', 3, 640, 189751756, 'Consequuntur unde eveniet. Iste iure!\r\n', 2, 3, 30),
(520, 'Baldestraße 28, 72659, Fluterschen', 'Anpickedscope', 4, 489, 169083730, 'Et nihil ut. Cumque explicabo;\r\n', 4, 60, 12),
(521, 'Lucile-Grahn-Straße 12a, 31308, Ascha', 'Comwoofor', 1, 813, 147763509, 'Molestiae architecto corrupti. A;\r\n', 4, 11, 6),
(522, 'Kolosseumstraße 9, 92123, Auhausen', 'Chartinewlet', 4, 550, 109846232, 'Nobis quam qui. Sequi rem quidem!\r\n', 4, 34, 13),
(523, 'Pirkheimerstraße 1, 97212, Klein Welzin', 'Monoculepor', 1, 537, 105050242, 'Qui dolores natus. Et sit ea.\r\n', 6, 58, 38),
(524, 'Linprunstraße 9, 57761, Mandelbachtal', 'Micbandicphone', 5, 716, 97860410, 'Aspernatur beatae veniam. Totam.\r\n', 5, 17, 4),
(525, 'Liebigstraße 1, 52280, Egenhofen', 'Tabculimor', 1, 484, 99506863, 'Odio aut voluptatum. Et quia eos.\r\n', 4, 19, 17),
(526, 'Adams-Lehmann-Straße 8b, 58240, Heßdorf', 'Playwoofphone', 3, 404, 124526835, 'Molestias aut vitae. Libero maxime.\r\n', 5, 35, 19),
(527, 'Winkstraße 40a, 01151, Aasbüttel', 'Comleewer', 1, 749, 128150261, 'Necessitatibus et culpa. Magnam!\r\n', 1, 10, 24),
(528, 'Gedonstraße 2e, 39523, Hornhausen', 'Protoper', 1, 555, 159263203, 'Qui ad ipsam; est sapiente ex.\r\n', 4, 15, 15),
(529, 'Deidesheimer Straße 26, 58786, Weddingstedt', 'Cleantinar', 1, 657, 60490113, 'Fugit et quam. Cum provident vel.\r\n', 6, 72, 15),
(530, 'Homerstraße 3, 09723, Aalen', 'Receivridge', 1, 625, 185261098, 'Beatae recusandae soluta. Unde et.\r\n', 6, 79, 21),
(531, 'Prälat-Zistl-Straße 35d, 32421, Taben-Rodt', 'Prolifientor', 5, 459, 111567708, 'Dolorem natus quia. Est et natus.', 5, 9, 16),
(532, 'An der Stemmerwiese 1b, 82735, Käthen', 'Stereocyclry', 5, 327, 7497886, 'Sed adipisci quo; tenetur.\r\n', 4, 53, 1),
(533, 'Isolde-Kurz-Straße 8, 18198, Rosenkopf', 'Playceiver', 5, 360, 122970466, 'Error quia quo.\r\nAdipisci error non.\r\n', 3, 79, 31),
(534, 'Roecklplatz 22f, 85108, Abbenrode', 'Comjectaqura', 1, 779, 142750059, 'Rerum autem iste veritatis quia et quo.', 2, 61, 31),
(535, 'Corneliusstraße 12-17, 79855, Stemmen', 'Tabholdor', 2, 621, 193008076, 'Dolorem nobis sit. Saepe ut?\r\n', 2, 67, 25),
(536, 'Rindermarkt 1, 78960, Abbenrode', 'Cleanputedridge', 4, 771, 37930882, 'Incidunt est natus. Voluptatem qui.\r\n', 5, 13, 40),
(537, 'Kapellenstraße 9f, 54897, Liederbach', 'Tabtecton', 2, 826, 181435076, 'Aspernatur a aliquid. A corporis.', 1, 16, 12),
(538, 'Maronstraße 22-26, 08522, Blankenförde', 'Tweettopgary', 3, 494, 64595333, 'Est eum delectus. Modi laboriosam!\r\n', 1, 20, 37),
(539, 'Diepoldstraße 2, 56744, Vogelsang', 'Tweettinupry', 1, 567, 159775714, 'Quia alias minima. Nihil beatae sed.', 1, 51, 21),
(540, 'Geibelstraße 4c, 13446, Hohenburg', 'Readculplridge', 5, 740, 94623275, 'Id quia explicabo. Doloremque esse.\r\n', 2, 26, 36),
(541, 'Fasaneriestraße 15d, 73703, Großbreitenbach', 'Anlictefer', 5, 823, 91479256, 'Ea quis itaque. Fugiat molestiae id.', 2, 43, 10),
(542, 'Am Glockenbach 1b, 87636, Wendeburg', 'Playtinicentor', 1, 415, 21315750, 'Accusantium quis veritatis. Itaque.\r\n', 3, 48, 9),
(543, 'Welserstraße 17d, 34202, Riemserort', 'Ampceivicator', 4, 612, 103987962, 'Sunt suscipit et. Consequuntur!\r\n', 5, 61, 17),
(544, 'Sprunerstraße 2, 06743, Frauwalde', 'Charplottra', 5, 356, 161478549, 'In cupiditate voluptatum; minus odio.', 4, 21, 38),
(545, 'Winzererstraße 1d, 75706, Hopferau', 'Micleer', 2, 638, 120586314, 'Voluptatem est tempora.\r\nQuo qui iure.', 5, 78, 19),
(546, 'Adi-Maislinger-Straße 7, 15284, Bad Iburg', 'Bitoper', 2, 693, 59570211, 'Mollitia suscipit deleniti. At.\r\n', 6, 46, 33),
(547, 'Hotterstraße 29c, 53462, Ahausen', 'Proplottgara', 2, 801, 191802449, 'Iste aliquam ut. Illum rerum quia.\r\n', 4, 39, 5),
(548, 'Nordendstraße 1f, 55136, Hockweiler', 'Armlifior', 4, 609, 51492049, 'Praesentium modi natus. Earum?\r\n', 2, 38, 38),
(549, 'Berlepschstraße 8, 83521, Grove', 'Anlery', 5, 666, 69604065, 'Voluptas aut quis. Nam iusto;\r\n', 3, 65, 25),
(550, 'Herbststraße 79, 86797, Nettersheim', 'Comcessscope', 4, 702, 37934856, 'Nisi magni et. Velit aut reprehenderit.', 3, 71, 20),
(551, 'Nestroystraße 5, 31234, Erbes-Büdesheim', 'Conplotter', 3, 826, 41231789, 'Consectetur est tenetur aut.', 5, 21, 19),
(552, 'Leonrodstraße 11-15, 39085, Passow', 'Anplottlet', 1, 733, 100839814, 'Ut praesentium veniam. Est.\r\n', 1, 56, 13),
(553, 'Mariahilfplatz 9a, 07350, Döllingen', 'Tweetjector', 5, 570, 20552808, 'Cumque officiis quibusdam. Id est!', 4, 4, 2),
(554, 'Rosa-Luxemburg-Platz 9, 93288, Kleinzerbst', 'Chartoper', 5, 545, 169164781, 'Ut nulla aperiam. Aut sit fugiat.\r\n', 5, 52, 32),
(555, 'Grete-Mosheim-Straße 2, 08630, Gaarz', 'Tabculor', 4, 334, 27874442, 'Animi omnis et. Fuga sapiente ut.\r\n', 2, 65, 14),
(556, 'Regerstraße 46a, 64888, Bad Dürrheim', 'Proniadra', 3, 726, 118797219, 'Deleniti nihil blanditiis; sed.', 2, 31, 14),
(557, 'Zweigstraße 2e, 31240, Banzkow', 'Speakfindon', 4, 792, 189542643, 'Id facere ducimus. Nemo aut dolorem!', 3, 6, 24),
(558, 'Schyrenstraße 5e, 15809, Adelschlag', 'Playbandoller', 2, 396, 25886346, 'Quam porro incidunt; eveniet.\r\n', 4, 61, 20),
(559, 'Ackermannstraße 18, 28794, Meltewitz', 'Cabculanator', 1, 501, 96532374, 'Aliquid consequatur aut; provident.\r\n', 6, 32, 38),
(560, 'Adamstraße 24-28, 38131, Ascha', 'Ampculoplet', 4, 874, 56575995, 'Laborum architecto quo.\r\nUnde facere.', 3, 9, 7),
(561, 'Barthstraße 9, 14069, Walschleben', 'Charleedgra', 4, 548, 192331078, 'Error ratione veniam incidunt neque...', 1, 61, 29),
(562, 'Adamstraße 7, 34921, Ulmen', 'Reholdon', 4, 838, 119663329, 'Aut possimus laudantium. Sed sit ut.\r\n', 4, 18, 1),
(563, 'Paul-Heyse-Straße 7e, 41134, Bleckenrode', 'Chartiner', 3, 571, 7688702, 'Reiciendis voluptatem est. Quis.', 6, 53, 33),
(564, 'Schrenkstraße 3e, 66115, Steigra', 'Amptaplor', 5, 709, 77246829, 'Hic vel iste. Explicabo dolorum ut.', 5, 51, 18),
(565, 'Am Bergsteig 57, 34981, Bad Gandersheim', 'Anniupentor', 3, 896, 30210849, 'Eum soluta non. Obcaecati omnis dolor.', 1, 35, 24),
(566, 'Heideckstraße 1e, 95169, Vimfow', 'Monceivridge', 2, 729, 31673762, 'Beatae impedit sint.\r\nDolor quo enim.', 6, 38, 23),
(567, 'Occamstraße 10, 18127, Korgau', 'Stereocordar', 3, 867, 19183103, 'Obcaecati quo voluptas; aut culpa et.\r\n', 1, 6, 35),
(568, 'Keuslinstraße 81f, 44719, Peißenberg', 'Transleon', 4, 422, 36718374, 'Quam aut molestiae. Modi qui vero.\r\n', 3, 2, 1),
(569, 'Am Glockenbach 1, 43342, Nordrach', 'Ampholdor', 4, 550, 107759869, 'Voluptatem omnis et. Et assumenda!\r\n', 1, 29, 2),
(570, 'Dultstraße 1f, 84744, Bad Schwalbach', 'Anlifior', 2, 629, 41872740, 'Enim in ratione. At aut deserunt. Non.', 1, 24, 20),
(571, 'Hirschauer Straße 5, 72442, Pastetten', 'Armtectaquor', 5, 615, 65835735, 'Culpa sed rerum. Nostrum nihil!\r\n', 6, 61, 29),
(572, 'Am Wageck 24-26, 92686, Zepernick', 'Tabcordra', 3, 321, 111766060, 'Adipisci et repudiandae. Iste;\r\n', 1, 77, 11),
(573, 'Regensburger Platz 22, 04760, Brockwitz', 'Proputpllet', 5, 870, 187569744, 'Quasi eligendi rem; dolore in.', 1, 13, 33),
(574, 'Münchner Freiheit 29, 95850, Gladenbach', 'Micholdader', 2, 567, 34845872, 'Ex sed eos. Ad dolores voluptatem;\r\n', 6, 35, 19),
(575, 'Prinzregentenplatz 7e, 16263, Ahrenstedt', 'Stereoholdimor', 5, 349, 149322322, 'Eveniet nemo omnis. Et harum.\r\n', 2, 1, 30),
(576, 'Reitmorstraße 8, 88699, Vastorf', 'Monpickimer', 1, 428, 62881525, 'Non in inventore. Ratione cumque?\r\n', 6, 59, 27),
(577, 'Adelheidstraße 5, 71624, Cham', 'Monocordefator', 3, 369, 30965846, 'Id consequatur et. Qui repudiandae.\r\n', 6, 32, 34),
(578, 'Adelheidstraße 2d, 28321, Ahaus', 'Mictopphone', 3, 848, 105643855, 'Delectus nemo possimus. Porro.\r\n', 5, 22, 20),
(579, 'Prinz-Ludwig-Straße 90, 12582, Krempel', 'Charwooficscope', 4, 856, 17275531, 'Nihil placeat sit. Doloribus ut.', 3, 59, 22),
(580, 'Tittmoninger Straße 14-15, 76255, Mündersbach', 'Tabtaer', 2, 397, 19019894, 'Aperiam obcaecati explicabo.\r\n', 2, 24, 38),
(581, 'Kufsteiner Straße 2, 75439, Aarbergen', 'Tweetwoofimra', 1, 518, 72025557, 'Magni expedita dolores. Accusantium.', 6, 61, 39),
(582, 'Klaus-Mann-Platz 2f, 94767, Perlesreut', 'Ancyclepridge', 1, 851, 163814575, 'Quia error qui. Sit dolores sit.\r\n', 4, 58, 30),
(583, 'Dultstraße 2d, 54189, Schnelldorf', 'Cabholdommra', 3, 616, 132327447, 'Vel praesentium consequuntur. Autem.', 1, 8, 38),
(584, 'Sprunerstraße 1, 28891, Oberloquitz', 'Tweetfindon', 4, 601, 179139826, 'Dignissimos omnis reiciendis. Modi.\r\n', 2, 7, 18),
(585, 'Heldstraße 6, 19784, Westerbeck', 'Bicyclor', 4, 344, 149054674, 'Dolor vel quia.\r\nEa aut ipsa; et?', 1, 38, 25),
(586, 'Barbarastraße 13-19, 86362, Laboe', 'Prolear', 5, 364, 88512197, 'Voluptates minima sed. Quisquam ut.\r\n', 1, 26, 12),
(587, 'Rosenheimer Straße 7, 99873, Groß Mohrdorf', 'Cabpickedglet', 5, 731, 88018546, 'Sunt consequatur numquam. Dicta quis.', 2, 24, 9),
(588, 'Astallerstraße 2e, 97253, Elterlein', 'Tablifiaquer', 2, 850, 121849723, 'Quod voluptas omnis. Unde non quod.\r\n', 4, 22, 21),
(589, 'Emil-Riedel-Straße 80, 46533, Ahrbrück', 'Cleanplottommra', 1, 573, 58750901, 'Dolorem omnis iste; sit magnam.\r\n', 4, 32, 6),
(590, 'Viktoriastraße 2d, 11545, Amstetten', 'Micfindepor', 4, 356, 32364937, 'Temporibus natus aliquam.\r\n', 1, 78, 38),
(591, 'Schubertstraße 2, 53474, Altmannstein', 'Anculedglet', 3, 751, 165053116, 'Aut accusamus voluptatibus. Facere!\r\n', 3, 20, 37),
(592, 'Ziemssenstraße 6e, 74317, Northeim', 'Remutgaor', 2, 309, 156760193, 'Dicta sit consequuntur...\r\nSit sunt unde.', 1, 54, 27),
(593, 'Elsässer Straße 10, 12810, Trebnitz', 'Comniletry', 3, 697, 187294946, 'Eius omnis modi. Consequuntur rerum?', 4, 9, 7),
(594, 'Katharina-von-Bora-Straße 92b, 46552, Rosenheimerlay', 'Stereotoplet', 1, 733, 159314467, 'Qui praesentium quo. Soluta ab numquam;', 2, 13, 29),
(595, 'Herzogspitalstraße 8b, 18906, Prasdorf', 'Tabcessedger', 5, 612, 97685803, 'Fugit non iste. Veritatis veniam hic.\r\n', 4, 32, 40),
(596, 'Tassiloplatz 8, 55548, Wilhelmshöhe', 'Refindgary', 2, 384, 74959377, 'Omnis aliquid illo.\r\nMaxime quasi.', 6, 20, 35),
(597, 'Erzgießereistraße 6, 23078, Aarbergen', 'Mictinentor', 3, 824, 115481459, 'Qui nihil et. Iure aut natus. Et.\r\n', 4, 25, 2),
(598, 'Ländstraße 28, 28839, Gorenzen', 'Confindadon', 2, 311, 174587777, 'Laudantium architecto pariatur.\r\n', 2, 50, 26),
(599, 'Gumppenbergstraße 2f, 72425, Bauerbach', 'Retaer', 3, 734, 172893422, 'Officiis cupiditate deserunt.', 2, 52, 21),
(600, 'Belgradstraße 28f, 25019, Abtsbessingen', 'Prolifiommentor', 2, 568, 68914914, 'Aut rerum eum. Qui architecto qui.', 5, 58, 26);

INSERT INTO administrativo(id_adm, velocidad_escri_adm) VALUES
(15, 127),
(40, 126),
(38, 126),
(24, 112),
(20, 132),
(37, 102),
(39, 111),
(25, 111),
(11, 111),
(21, 91),
(30, 142),
(16, 109),
(26, 116),
(12, 139),
(6, 107),
(2, 130),
(35, 90),
(17, 120),
(22, 135),
(7, 133),
(3, 139),
(8, 140),
(4, 115),
(13, 93),
(27, 127),
(18, 110),
(31, 117),
(36, 122),
(32, 111),
(9, 121),
(5, 95),
(1, 112),
(14, 140),
(28, 118),
(10, 134),
(33, 130),
(29, 92),
(23, 131),
(19, 127),
(34, 112);

INSERT INTO contrato(id_con, importe_mensual_con, metodo_pago_con, importe_deposito_con, esta_cancelado_con, fecha_inicio_con, fecha_fin_con, duracion_con, id_inm, id_emp, id_cli) VALUES
(1, 530, 'Credit Card', 68731, 1, '2009-04-17', '2094-04-06', 10, 157, 32, 96),
(2, 768, 'Direct Debit', 11489, NULL, '1990-01-07', '2043-05-01', 15, 578, 1, 44),
(3, 670, 'Bank Transfer', 83399, 0, '1990-01-09', '2067-07-21', 13, 327, 37, 26),
(4, 674, 'Check', 53392, 0, '1995-03-15', '2001-06-07', 11, 445, 32, 83),
(5, 422, 'Direct Debit', 59387, 0, '1990-01-01', '2080-01-13', 16, 151, 9, 28),
(6, 393, 'Check', 92483, 1, '2013-10-22', '2094-02-26', 6, 478, 40, 5),
(7, 524, 'Credit Card', 45508, 1, '1995-09-03', '2000-05-04', 7, 21, 16, 23),
(8, 410, 'Check', 11888, 0, '1992-08-25', '2077-09-09', 7, 423, 18, 85),
(9, 884, 'WebMoney', 14870, 0, '1999-02-25', '2076-05-22', 20, 342, 27, 96),
(10, 455, 'PayPal', 47645, 1, '1993-10-07', '2093-01-25', 18, 561, 16, 82),
(11, 680, 'Direct Debit', 15525, 1, '1991-10-29', '2059-08-19', 14, 254, 28, 89),
(12, 434, 'Credit Card', 37681, 1, '2016-01-20', '2017-03-03', 8, 237, 16, 63),
(13, 871, 'Check', 1753, 1, '1992-04-13', '2098-01-27', 20, 308, 33, 58),
(14, 367, 'WebMoney', 9868, 1, '2011-08-30', '2071-09-01', 13, 221, 10, 78),
(15, 443, 'Credit Card', 73793, 0, '2000-09-06', '2051-02-19', 10, 342, 23, 57),
(16, 493, 'WebMoney', 31431, 1, '1992-02-02', '2066-04-18', 15, 353, 17, 73),
(17, 531, 'WebMoney', 41670, NULL, '1990-01-27', '2090-07-24', 6, 205, 13, 97),
(18, 402, 'WebMoney', 4831, 0, '1990-01-03', '2095-05-28', 18, 24, 18, 76),
(19, 720, 'Direct Debit', 45166, 1, '1995-08-27', '2016-02-09', 9, 383, 32, 32),
(20, 355, 'PayPal', 69964, 1, '2012-06-09', '2075-04-14', 16, 483, 25, 88),
(21, 861, 'PayPal', NULL, NULL, '2013-07-07', NULL, 18, 104, 31, 49),
(22, 608, 'Check', 17006, 0, '1990-01-05', '2046-02-05', 16, 582, 6, 78),
(23, 705, 'Check', 80528, 1, '1990-01-02', '2092-09-12', 14, 522, 8, 87),
(24, 588, 'Check', 6834, 1, '1998-03-20', '2072-09-28', 20, 523, 2, 13),
(25, 887, NULL, 40512, 1, NULL, '2055-02-02', 9, 97, 4, 82),
(26, 835, 'Credit Card', 16866, 1, '2002-05-26', '2050-02-07', 6, 163, 37, 75),
(27, 506, 'Credit Card', 71886, 1, '2016-09-08', '2026-03-20', 10, 41, 14, 99),
(28, 458, 'PayPal', 67330, 0, '1992-06-06', '2031-03-07', 19, 40, 25, 6),
(29, 464, 'Direct Debit', 62428, 1, '1990-01-02', '2050-11-21', 7, 387, 22, 54),
(30, 829, 'Direct Debit', 1952, 1, '1991-07-02', '2090-01-11', 16, 147, 31, 56),
(31, 718, 'PayPal', 98614, 0, '1996-08-12', '2050-06-28', 19, 363, 2, 20),
(32, 802, 'Direct Debit', 29312, 0, '2005-11-15', '2027-06-28', 14, 146, 14, 51),
(33, 789, 'Credit Card', 10192, 1, '2007-12-21', '2093-09-06', 19, 369, 7, 44),
(34, 473, 'Credit Card', 65938, 0, '1991-06-09', '2041-04-22', 8, 178, 19, 12),
(35, 394, 'WebMoney', 37391, 1, '2012-01-15', '2094-02-16', 9, 269, 27, 4),
(36, 733, 'PayPal', 2232, 0, '1990-02-23', '2092-01-21', 12, 469, 34, 87),
(37, 409, 'PayPal', 17313, 1, '1992-06-10', '2097-07-21', 9, 304, 4, 95),
(38, 848, 'Bank Transfer', 55664, 0, '1994-01-10', '2000-05-19', 16, 320, 20, 4),
(39, 546, 'Direct Debit', 39728, 1, '1990-01-07', '2052-01-18', 11, 293, 16, 31),
(40, 521, 'Check', 62505, 0, '2004-04-19', '2059-06-24', 9, 401, 4, 20),
(41, 790, 'Check', 58487, 1, '1990-04-08', '2009-12-16', 9, 420, 25, 94),
(42, 760, NULL, 48511, 0, NULL, '2096-03-25', 12, 567, 34, 1),
(43, 681, 'Check', 59069, 1, '2016-05-08', '2009-03-05', 8, 512, 29, 27),
(44, 851, 'WebMoney', NULL, 1, '1990-03-11', NULL, 9, 465, 40, 40),
(45, 793, 'WebMoney', 22932, 0, '1991-06-16', '2097-02-21', 18, 554, 23, 87),
(46, 667, 'Direct Debit', 26146, 1, '2019-07-19', '2009-06-01', 17, 97, 25, 81),
(47, 631, 'WebMoney', 12487, 1, '2004-12-13', '2025-08-17', 5, 308, 27, 75),
(48, 689, 'Bank Transfer', 83178, 0, '2005-09-24', '2040-02-02', 12, 398, 37, 64),
(49, 555, NULL, NULL, 0, NULL, NULL, 7, 352, 38, 36),
(50, 495, 'Direct Debit', 34036, 1, '1990-11-01', '2054-08-26', 17, 217, 25, 62),
(51, 699, 'Check', 8124, 1, '2015-02-23', '2004-02-08', 15, 243, 12, 82),
(52, 796, 'Direct Debit', 21747, 1, '2007-05-11', '2084-03-05', 7, 244, 39, 22),
(53, 781, 'Check', 73945, 0, '2004-09-02', '2051-04-01', 18, 521, 3, 1),
(54, 553, 'Bank Transfer', NULL, 0, '2014-12-04', NULL, 5, 398, 1, 28),
(55, 491, 'WebMoney', 58708, 1, '2001-11-21', '2028-05-14', 15, 435, 16, 33),
(56, 792, 'Direct Debit', 6654, 0, '1990-02-08', '2099-08-17', 11, 454, 27, 27),
(57, 861, 'Bank Transfer', 36766, 1, '2010-08-25', '2027-02-16', 9, 23, 29, 55),
(58, 567, NULL, 51572, NULL, NULL, '2008-09-25', 9, 87, 28, 93),
(59, 676, NULL, NULL, NULL, NULL, NULL, 15, 157, 22, 62),
(60, 786, NULL, NULL, NULL, NULL, NULL, 11, 589, 8, 75);

INSERT INTO directores(id_dir, pago_anual_dir, bonif_mensual_dir) VALUES
(29, 10932, 68),
(40, 10828, 81),
(39, 11793, 84),
(13, 11638, 83),
(4, 9237, 21);

INSERT INTO entrevista(id_emp, id_cli, fecha_ent, comentario_ent) VALUES
(17, 19, '2008-04-09', 'Inventore molestiae sed aut quis. Beatae suscipit consequatur. Eos vitae et! Eos omnis laborum. Aut ab et. Tempora vitae corrupti. Omnis unde qui; distinctio adipisci cumque.'),
(17, 17, '1990-01-18', 'Ex dolor commodi eum et amet unde veritatis eligendi sit.'),
(1, 2, '1998-08-08', NULL),
(7, 7, '2007-03-23', NULL),
(15, 16, '2000-05-25', 'Dolor sapiente blanditiis. Voluptatem voluptas vel. Et libero provident. Voluptates et blanditiis; delectus sed iusto; hic ratione repudiandae. Minima omnis sit...\r\nEst quisquam delectus; qui laboriosam.'),
(20, 22, '2010-03-04', 'Quam amet sed deserunt sed ex ducimus ab qui. Consequatur et veritatis vitae commodi aspernatur enim ea fuga neque. Debitis ullam error! Nihil aliquam ipsum.'),
(10, 12, '1990-02-13', 'Ullam ipsa ullam. Quam omnis sit. Necessitatibus ut cumque. Libero quaerat magni. Est quia consequuntur; quia quo cumque. Ipsam aut quidem. Enim adipisci molestias. Enim neque tempora.\r\nAut ut quae;'),
(18, 20, '2011-07-20', 'Ad saepe sunt. Natus distinctio vel; veniam qui perspiciatis.\r\nSimilique autem est; similique et voluptatem. Aut iure magnam. Rem quia sed. Eum nihil nobis. Consequatur natus distinctio. Est quia error!'),
(11, 13, '2007-01-15', 'Eos id ut aliquid quia sit, qui nam sequi unde; numquam enim et. Corporis quia laboriosam! Ipsum fugiat iste. Adipisci molestiae reiciendis? Quae sit ipsam.\r\n'),
(5, 6, '2000-04-01', 'Quia enim unde dolore aut consequuntur. Aliquam debitis molestiae unde.\r\nRerum natus et. Provident tenetur dolores perspiciatis sit in beatae et; necessitatibus sint rerum. Excepturi assumenda.\r\n'),
(31, 31, '1991-01-19', 'Iusto sit accusantium. Dolorem ut natus; omnis ipsam cum; fugiat et veritatis. Magnam alias quia. Eius sed necessitatibus. Possimus iste illo. Itaque voluptatem veritatis. Labore et natus. Excepturi aut.'),
(2, 3, '1991-04-03', NULL),
(2, 4, '2012-08-29', 'Omnis molestiae natus. Voluptas nostrum deserunt. Et qui dolorem? Vitae et ea! Et sunt quisquam? Natus perspiciatis consectetur. Iste et sit? Quasi quia nulla. Quia vitae itaque!'),
(32, 32, '1991-04-21', 'Natus autem rerum. Non nemo nobis. Enim obcaecati libero. Neque numquam in? Inventore impedit inventore. Qui nisi quasi. Quas qui sed.\r\nObcaecati tenetur nobis. Hic aspernatur fuga! Sed perspiciatis.\r\n'),
(22, 22, '2012-06-27', 'Sit et pariatur non nostrum enim dolor recusandae; iste nihil sed. Minus ea aliquam? Distinctio totam modi! Totam accusantium dignissimos. Tempore impedit inventore! Excepturi atque voluptate.'),
(19, 21, '2009-05-13', 'Qui quae eius. Omnis unde possimus. Error nisi non. Consequatur voluptatem et! Suscipit facilis numquam. Fugiat sed qui.\r\nNihil id qui; et est officiis. Velit illo dicta? Ut quis aut. Et excepturi sit.'),
(33, 33, '2007-10-13', 'Qui quo dignissimos. Omnis ut minus; saepe exercitationem fugit. Omnis cupiditate eius; voluptate et magnam. Doloribus quis et. Obcaecati inventore voluptates. Molestiae dolor quis; expedita.'),
(32, 33, '1997-04-22', 'Aliquid neque et recusandae eaque autem numquam.\r\nQui voluptatem sed doloremque deleniti voluptatum quaerat natus magnam. Vitae perspiciatis aliquid illo repellendus facere veritatis in est officia!'),
(3, 5, '2002-02-15', 'Nostrum exercitationem nisi. Delectus et dolorem. Nemo odit aut.\r\nHarum perferendis eius; porro est natus. Maiores enim quibusdam! Magni maxime sit. Error sit nihil. Nesciunt ea voluptatem.\r\nQuo sint.'),
(12, 14, '2007-10-02', 'Voluptates quam omnis perspiciatis autem velit qui, quidem ut molestias. Culpa dolorum laboriosam repudiandae quae quia est minima repellat inventore.'),
(16, 17, '1990-01-05', 'Reprehenderit corporis porro. Vero error iusto suscipit omnis qui quos illo tenetur incidunt.\r\nNatus consectetur tenetur. Sit quas perspiciatis. Quo quia sed? Ipsa voluptatem in.'),
(6, 7, '1991-08-09', 'Quia reiciendis dolore. Provident aspernatur nihil!\r\nNatus consequatur sed. Perspiciatis consectetur corporis. Deleniti molestias dolor. Exercitationem sunt ut. Voluptatem aperiam voluptatum. Quia sed!'),
(5, 7, '1990-01-09', 'Autem nesciunt iste. Provident velit rerum! Iste vero libero.\r\nAut qui explicabo. Labore numquam nesciunt. Culpa aut velit! Autem neque perspiciatis.\r\nPraesentium maiores aperiam. Modi architecto minima?'),
(18, 18, '1998-07-24', 'Rerum natus voluptatem. Sed corrupti voluptatem? Dolorem aut ut. Illo necessitatibus saepe.\r\nSit sunt dolorum. Id ut magnam! Sed earum neque. Perspiciatis magni rerum. Voluptate magnam nemo.\r\nQuia rerum.'),
(17, 18, '1992-08-08', 'Nam voluptatem maiores error in expedita doloremque animi repudiandae mollitia.'),
(23, 23, '2005-12-23', 'Illum voluptatem sed exercitationem excepturi et est aliquam nemo totam. Et sed molestiae qui. Vitae quas error! Nemo ut unde. Placeat odio sit! Quas saepe eos.'),
(34, 34, '1990-07-30', NULL),
(7, 8, '1995-02-26', 'Corporis voluptatem ut perspiciatis. Earum fugiat ut accusamus iste dolorem? Exercitationem rerum ea unde sit quae. Sit in adipisci id pariatur ipsam optio ipsam at.'),
(33, 34, '1990-01-09', 'Et perferendis et sit. Omnis voluptas mollitia rem quod. Quasi natus et laboriosam molestias in rem aliquid, perspiciatis veritatis. Ipsum quia quis. Quia voluptates ut?'),
(4, 6, '2017-12-28', 'Omnis at quidem. Dolorem earum illo. Sit sunt corporis. Qui harum quia? Est sed aliquid! Velit unde neque. Quis quia inventore. Optio numquam illum. Eum numquam ut. Ullam aperiam similique.\r\nNeque.'),
(24, 24, '1997-09-01', 'Vitae iure voluptatibus. Voluptatem molestiae enim aut omnis quidem est fugiat! Perspiciatis ab sit. Accusamus fugit ad.\r\nRem labore velit. Accusamus sed sunt! Sed dolorem ipsa.'),
(13, 15, '1990-04-03', 'Magnam voluptatibus cumque, culpa placeat alias neque amet veniam nobis...'),
(8, 8, '2004-08-09', NULL),
(34, 35, '2006-11-06', 'Voluptas voluptatem ipsa; facere eius exercitationem. Iste velit molestias.\r\nUt voluptas accusantium; illum aliquid harum. Itaque aliquam eligendi. Cumque reiciendis vel. Sapiente eveniet ipsum. Autem.'),
(24, 25, '1994-03-04', 'Nisi hic suscipit. Mollitia cumque sed. Facilis aperiam ea. Alias non deserunt? Error perspiciatis sed. Eveniet nulla unde. Odit nemo consectetur. Et dolor nihil; libero iste fugiat. Magni a nisi.'),
(18, 19, '1990-04-06', 'Omnis non vel, voluptas aut rem ut vero ea non.'),
(35, 36, '2008-02-16', 'Ab tempora quibusdam. Molestias possimus et. Molestiae aut ratione; nihil sint et; et nisi aut. Dolores tenetur molestiae. Rerum suscipit consequatur!\r\nOptio facere magni. Ipsum libero temporibus;\r\n'),
(35, 35, '1993-04-01', 'Dolores voluptatem et. Esse nesciunt repellendus? Enim natus unde. Corrupti repudiandae voluptate! Velit unde omnis. Voluptatem facere in.\r\nPerspiciatis eos voluptate. Quod aut dolorem! Qui velit.\r\n'),
(25, 25, '1990-03-08', 'Laborum ut aut. Soluta omnis ipsum! Maiores sit labore? Odio quis nemo.\r\nNatus numquam ipsum. Non deleniti facilis. Debitis laboriosam error. Accusamus aut ut! Qui ut magni. Ab neque consequatur.\r\n'),
(19, 19, '1991-04-01', 'Non dolores omnis. Porro velit ipsa. Eius modi eos! Fugit sequi debitis? Veniam non est! Error quia doloribus. Enim reprehenderit enim. Et ipsam laboriosam. Voluptatem sunt omnis. Vel error a.\r\nAutem.'),
(6, 8, '1990-01-19', 'Labore omnis explicabo; voluptates eum consectetur. Est vel ea. Necessitatibus aut enim! Repellat natus ratione. Eligendi maiores consequuntur. Non laboriosam ex. Eius quia fugit! Laborum quibusdam.\r\n'),
(14, 16, '2019-09-25', 'Maiores commodi mollitia.\r\nSit perferendis quae. Est quae omnis! Sed sint animi.\r\nTotam magni rem. Aliquid et veritatis? Eligendi iste possimus. Tempora sunt repudiandae. Reprehenderit expedita nostrum.'),
(25, 26, '1991-08-30', 'Sed itaque est ipsum. Illo asperiores doloremque officia doloribus est perferendis distinctio incidunt.\r\nQuam sit odit numquam dolorum ad dolorem, ut ipsa unde...'),
(36, 37, '2019-12-28', 'Dolor non eveniet, porro et alias error et distinctio rem...'),
(9, 9, '2017-04-04', 'Nulla consequatur eum facere aliquam iure dolor eveniet totam eligendi.'),
(8, 9, '2016-12-15', 'Iure et velit impedit harum quis saepe error. Neque vitae aut iste aut cum!\r\nEt aperiam, sed consequuntur quasi hic error perspiciatis iure esse.'),
(7, 9, '1997-10-02', 'Veritatis dicta quia. Rerum laborum vel! Harum et voluptatem. Qui dolores velit.\r\nVel qui eveniet. Numquam perferendis eum! Ut nesciunt vel? Nisi explicabo eaque. Ut rerum vitae. Sed error omnis; cumque.'),
(15, 17, '2004-01-13', 'Nam qui obcaecati necessitatibus omnis ratione facilis ipsam corrupti eius.'),
(8, 10, '2006-09-24', 'Voluptas esse voluptatum; dicta enim ut. Ab eaque beatae.\r\nUnde aspernatur doloremque. Perspiciatis explicabo velit. Odit maiores iste. Sed sunt iste; assumenda enim qui. Doloribus natus maiores.'),
(26, 27, '2007-09-26', 'Tenetur molestias aut. Mollitia ipsum labore; ducimus voluptatem non? Magni amet iste...\r\nSuscipit et illo. Rerum nihil molestiae. Voluptas sunt illo? Corrupti quae vitae. Iste vitae voluptatum!'),
(16, 18, '1993-05-08', 'Reiciendis eaque qui. Et voluptas et! Neque aut neque. Dolorum nostrum est; sint nisi ullam? Dolores laboriosam eum. Tenetur deserunt sit! Nisi et sit. Molestias reiciendis iure. Qui animi ut...\r\n'),
(19, 20, '1990-01-04', 'Dolorum error eaque. Dolor sed quibusdam; excepturi vel tempora. Error cumque animi; incidunt nostrum dolorem? Fugit harum soluta.\r\nQui perspiciatis veniam. Veniam ut itaque. Eaque voluptatum?\r\n'),
(9, 10, '1996-12-16', 'Rerum et corrupti ipsam rem in est aperiam et tempore.'),
(20, 20, '2000-05-27', 'Ipsam ut dolores. Corrupti dolore ut. In provident ut! Sit fuga in; aut deleniti facere. Placeat omnis est! Quasi ratione nam. Harum aliquam explicabo!\r\nId officia laboriosam. Accusantium dignissimos!\r\n'),
(36, 36, '1990-01-09', 'Consectetur architecto quae. Est quo saepe; doloremque libero quis. Deserunt tempore consequatur.\r\nVelit cum nisi. Voluptas voluptatem distinctio. Unde pariatur rerum. Reiciendis est exercitationem;'),
(37, 38, '1990-06-16', 'Sit nobis iste. Perspiciatis culpa accusantium? Sit et accusantium; quaerat alias distinctio. Magnam corrupti perferendis! Iste quis in.\r\nEst omnis soluta. Quo eos eligendi? Ex voluptatem quia.'),
(26, 26, '2009-06-11', 'Fuga omnis tempore. Qui rem voluptatem? Voluptatem et ipsam. Quaerat iste eos! Inventore eius alias; tenetur unde nisi. Repellat voluptatibus vel! Corporis error doloribus; unde quam eveniet. Dolore.'),
(10, 10, '1994-01-12', 'Incidunt magnam dolorum voluptas dolor ea officia obcaecati. Voluptatem mollitia est. Quos ea voluptatem. Tenetur amet error. Nobis vitae in. Recusandae non iure. Quae dolore sit. Voluptate eius earum!'),
(9, 11, '2018-11-02', 'Nemo excepturi laudantium. Reiciendis debitis tempora. Quia illo eos! Rerum error neque. Doloremque vitae porro. Sit sunt at. Eum vitae nam.\r\nUt quos inventore. Similique vel qui. Qui molestiae ab.\r\n'),
(27, 28, '2005-03-01', 'Eum nisi atque. Eum voluptatem quo; reiciendis odio consequatur. Et dolor quo! Ut aut quisquam. Dolorem ut est.\r\nFacere unde consectetur. Veritatis et consequatur. Illo sed sit. Modi sit quo! Itaque.\r\n'),
(20, 21, '1990-06-20', 'Illo et iste; iste natus quibusdam. Molestiae eveniet expedita. Culpa aliquid vel. Natus obcaecati perspiciatis! Qui optio et. Non aliquid fuga!\r\nCommodi doloribus quisquam. Voluptas adipisci voluptas?'),
(21, 21, '2000-09-01', 'Alias amet reiciendis. Sunt et perspiciatis. Qui vero accusantium! Est aut ut. Quia voluptatum incidunt. Est distinctio et; aut sit et. Distinctio veniam sed.\r\nSit omnis voluptas. Temporibus eligendi.\r\n'),
(10, 11, '2002-11-02', 'Et consequuntur praesentium.\r\nDolores voluptates dolores. Laborum voluptatem porro. Error aut mollitia. Sint quae vitae!\r\nNisi quo praesentium. Voluptatem quia voluptatem. Voluptates error dolores!'),
(38, 39, '2012-04-24', 'Ut veritatis eaque voluptatem corrupti. Et eius unde eos explicabo! Unde autem natus ratione explicabo.\r\nEligendi ipsam tempora; quaerat rerum amet.\r\nIn consectetur sapiente. Unde et porro.'),
(11, 11, '2011-04-03', 'Eaque quis aperiam. Est sunt assumenda; ex recusandae iste; sunt ad animi? Error vitae velit. Vitae eos consectetur. Sit beatae enim. Omnis laudantium aut.\r\nAccusamus ut harum. Possimus iste nostrum.\r\n'),
(1, 1, '2007-02-15', 'Est labore et quis sunt sit rerum repellendus architecto voluptatem. Sed excepturi laudantium architecto qui maiores explicabo obcaecati totam nihil.'),
(12, 12, '1992-02-06', NULL),
(21, 22, '1997-11-13', 'Qui quis corporis. Dicta omnis repudiandae. Ex consequatur exercitationem!\r\nEst molestiae molestias. Laudantium perspiciatis quia. Autem minus rerum! Recusandae atque ex. Et velit sed.\r\nConsequuntur.'),
(28, 29, '2017-10-08', 'Non eum magnam. Voluptas harum dolores.\r\nAccusantium eos perferendis.\r\nVeritatis perspiciatis aliquid. Fugit est labore? Omnis itaque enim. Omnis incidunt voluptas! Iure iusto corrupti. Quod aut et.'),
(2, 2, '2002-12-13', 'Rerum iste corporis. Cum tempora excepturi. Quia omnis sit. Doloribus optio similique. Odit sed natus. Ipsa quae nostrum. Perspiciatis officiis obcaecati. Veritatis non cumque. Repudiandae eligendi!'),
(13, 13, '1991-05-11', 'Nemo totam et. Qui quisquam perspiciatis? Unde qui omnis. Fugit eius deleniti! Quia unde rerum.\r\nNatus sit qui.\r\nInventore quisquam enim. Vero libero quia. Ipsam natus voluptatibus. Omnis velit sint!'),
(37, 37, '1997-01-26', 'Ut natus ducimus ipsam; tempora enim aut voluptates omnis maiores sit rerum. Dicta reprehenderit voluptatem? Sunt facere est sunt quia vel aut minus unde.'),
(11, 12, '1990-08-11', 'Et ut officiis error ratione est repellat. Animi ut voluptate. Consequuntur quos voluptatem! Eligendi est vero. Eos expedita laudantium. Natus expedita veritatis? Neque unde vitae.'),
(39, 40, '1994-06-27', 'Qui facilis harum. Voluptatem illum ut. Sed molestiae sit. Adipisci et obcaecati.\r\nOptio vel deleniti. Deserunt libero excepturi...\r\nIste laudantium expedita. Quidem omnis magni. Non unde deleniti. Sit?'),
(22, 23, '2003-07-13', 'Ut fuga natus culpa autem aspernatur inventore. Quia ullam sed expedita consectetur sed qui, accusamus sed magni.\r\nAut aspernatur accusantium. Reprehenderit ducimus error. Necessitatibus asperiores.'),
(29, 30, '1991-11-23', 'Qui dolorem doloribus et quia molestiae voluptatum veniam. Tempore soluta totam. Placeat et quo. Error vel voluptatem. Sit quia perspiciatis! Dignissimos ducimus sed. Quisquam culpa voluptatibus.'),
(27, 27, '1990-09-03', 'Aut sequi iste. Animi aliquid est; tempora ut dolore.\r\nRepudiandae et obcaecati. Veniam tempore veniam. Odit iste voluptatem. Consequatur consequuntur necessitatibus. Ipsam soluta ea; autem voluptas sed.'),
(40, 41, '2018-03-05', 'Expedita illo suscipit a dolorem corporis illo accusamus voluptatem praesentium.'),
(30, 31, '2015-01-29', 'A corporis, ut totam et amet tenetur natus error omnis. Atque et cupiditate ab. Vel ut impedit ipsam autem ea ut non. Voluptatum et a.'),
(3, 3, '2015-04-19', 'Ipsa voluptatem ex. Officiis quia ipsa. Maiores perferendis rerum. Nihil laudantium accusantium. Voluptatem natus qui. Delectus blanditiis impedit!\r\nDolorem deserunt debitis. Alias sequi vero.'),
(38, 38, '1998-10-27', 'Velit dolores perspiciatis laborum est. Quas qui recusandae, expedita voluptas nostrum nihil optio sit aut!\r\nCorporis voluptatem quod. Veritatis id vero. Consequatur dolorem quia! Possimus corporis vero.'),
(12, 13, '2007-08-13', 'Praesentium rem quibusdam; ipsum ut vitae. Aut ex atque. Tenetur quibusdam sit. Rerum sint neque.\r\nNisi voluptatem quaerat. Dolorem et minima; obcaecati unde quas. Provident ratione ipsam. Rerum.\r\n'),
(14, 14, '1995-09-10', 'Porro harum commodi. Mollitia omnis rerum. Distinctio est non. Ad facilis beatae.\r\nVelit dolores incidunt. Incidunt magnam ut. Quo saepe nemo? Et nemo labore. Odio ut minima.\r\nQuos voluptatibus;'),
(1, 3, '1990-01-04', NULL),
(23, 24, '1990-01-01', 'Eligendi ut veritatis.\r\nEt deleniti enim. Deleniti omnis maiores. Sed eius tenetur. Perspiciatis temporibus reprehenderit. Aliquid libero laborum. Aut nihil cum. Natus ipsam ad. Quia aperiam qui!'),
(28, 28, '2010-05-10', 'Ullam iste qui, ipsa natus perferendis ut fugit eaque numquam. Voluptas voluptatem aliquam obcaecati. Dolores officiis officia? Delectus quasi provident quis corrupti ipsam pariatur.'),
(31, 32, '2008-03-05', 'Error et fuga sapiente ullam adipisci. Hic assumenda facere! Voluptas eveniet aspernatur. Cum illum voluptas. Omnis aperiam ullam! Unde eum culpa? Ullam sit atque! Aut ipsa eligendi.'),
(39, 39, '2014-01-27', 'Enim hic dolores mollitia ex amet doloremque voluptatem voluptas error. Natus molestiae cumque dolor ratione...\r\nVoluptatem aut voluptatem. Quia saepe libero! Et placeat id. Porro sit recusandae.'),
(4, 4, '1990-02-11', 'Numquam et tempora dolores quidem rerum amet. Quos eos qui et placeat beatae exercitationem! Magnam aut laborum. Alias quas rem. Facere et non!\r\nIpsa consequuntur tempore.'),
(15, 15, '2006-06-12', 'Ratione sed dolore magnam tempora suscipit natus exercitationem maxime officiis. Ex dolor doloribus. Assumenda sed nisi? Sed hic voluptatem! Necessitatibus est fuga. Dolorem qui impedit.'),
(13, 14, '1990-02-26', 'Rerum aperiam totam, deleniti ut blanditiis architecto excepturi dolorum rem. Praesentium inventore odio sint eligendi natus ratione nostrum laboriosam odio.'),
(29, 29, '2003-10-13', 'Facilis quo sit. Sit ipsam officiis! Perspiciatis cum voluptatem. Quis reiciendis asperiores! Quaerat dolorem voluptatem.\r\nVoluptatem ad dicta. Aut unde quod? Unde commodi sit. Dolor voluptatem eius! Et.'),
(3, 4, '1990-03-25', 'Consequatur cum sit. Nobis sed consequatur; modi reiciendis consequuntur. Repellendus nisi ea.\r\nNatus quibusdam sapiente. Praesentium magnam rem; saepe odio exercitationem. Ut sequi ducimus! Nihil saepe.'),
(40, 40, '2019-12-10', 'Totam repellat quo. Reiciendis sed beatae. Cupiditate nulla iste! Reprehenderit excepturi nam; error at quasi; suscipit et deserunt. Blanditiis natus et! Velit nemo omnis. Eligendi maxime rerum.\r\n'),
(14, 15, '2016-10-23', NULL),
(5, 5, '1992-02-24', 'Et laboriosam aspernatur. Non iste vero. Voluptatem et in. Esse maiores omnis. Ullam ipsa culpa. Molestiae quo consequatur! Voluptatem id quia.\r\nQui aperiam et. Quaerat modi voluptates. Quod eos aut.'),
(4, 5, '1992-05-08', 'Veritatis est et. Ipsam nihil atque. Voluptatem pariatur ab! Quod error laborum. Aperiam eum corporis. Adipisci autem accusantium. In ut voluptates.\r\nEt iste ut. Nulla vitae est. Nobis ut sequi. Alias.\r\n'),
(16, 16, '1992-02-14', 'Ut quisquam dicta in explicabo quod iste voluptas. Nulla et laudantium ullam possimus fugit aliquid. Ut iste omnis architecto laborum ut ipsum et repudiandae et?'),
(6, 6, '2003-05-22', NULL),
(30, 30, '1999-06-03', NULL);

INSERT INTO inmueble_factura(id_inm, id_fac) VALUES
(457, 457),
(76, 76),
(126, 126),
(26, 26),
(280, 280),
(41, 40),
(410, 410),
(458, 458),
(411, 411),
(230, 230),
(177, 177),
(127, 127),
(330, 330),
(178, 178),
(128, 128),
(459, 459),
(179, 179),
(381, 381),
(331, 331),
(412, 412),
(281, 281),
(231, 231),
(460, 460),
(77, 77),
(282, 282),
(129, 129),
(180, 180),
(232, 232),
(382, 382),
(332, 332),
(130, 130),
(413, 413),
(27, 27),
(383, 383),
(333, 333),
(283, 283),
(384, 384),
(181, 181),
(131, 131),
(78, 78),
(2, 1),
(414, 414),
(334, 334),
(385, 385),
(28, 28),
(233, 233),
(3, 2),
(415, 415),
(4, 3),
(335, 335),
(416, 416),
(284, 284),
(234, 234),
(79, 79),
(182, 182),
(386, 386),
(132, 132),
(29, 29),
(5, 4),
(336, 336),
(285, 285),
(80, 80),
(417, 417),
(235, 235),
(6, 5),
(30, 30),
(81, 81),
(31, 31),
(387, 387),
(418, 418),
(183, 183),
(82, 82),
(133, 133),
(286, 286),
(7, 6),
(236, 236),
(419, 419),
(184, 184),
(8, 7),
(420, 420),
(134, 134),
(185, 185),
(337, 337),
(32, 32),
(388, 388),
(338, 338),
(135, 135),
(9, 8),
(287, 287),
(83, 83),
(186, 186),
(389, 389),
(136, 136),
(339, 339),
(237, 237),
(421, 421),
(10, 9),
(33, 33),
(390, 390),
(84, 84),
(187, 187),
(422, 422),
(137, 137),
(34, 34),
(288, 288),
(11, 10),
(188, 188),
(423, 423),
(138, 138),
(340, 340),
(391, 391),
(12, 11),
(85, 85),
(424, 424),
(238, 238),
(189, 189),
(289, 289),
(13, 12),
(425, 425),
(139, 139),
(341, 341),
(190, 190),
(392, 392),
(239, 239),
(290, 290),
(240, 240),
(342, 342),
(291, 291),
(35, 35),
(86, 86),
(393, 393),
(14, 13),
(241, 241),
(426, 426),
(343, 343),
(140, 140),
(15, 14),
(292, 292),
(394, 394),
(427, 427),
(242, 242),
(293, 293),
(243, 243),
(344, 344),
(191, 191),
(141, 141),
(294, 294),
(244, 244),
(192, 192),
(142, 142),
(193, 193),
(36, 36),
(143, 143),
(295, 295),
(194, 194),
(16, 15),
(144, 144),
(428, 428),
(245, 245),
(17, 16),
(195, 195),
(395, 395),
(429, 429),
(145, 145),
(87, 87),
(18, 17),
(296, 296),
(196, 196),
(37, 37),
(88, 88),
(246, 246),
(430, 430),
(146, 146),
(19, 18),
(345, 345),
(197, 197),
(396, 396),
(431, 431),
(38, 38),
(147, 147),
(89, 89),
(198, 198),
(148, 148),
(20, 19),
(346, 346),
(397, 397),
(347, 347),
(39, 39),
(297, 297),
(432, 432),
(21, 20),
(433, 433),
(90, 90),
(22, 21),
(398, 398),
(434, 434),
(348, 348),
(199, 199),
(399, 399),
(149, 149),
(349, 349),
(200, 200),
(150, 150),
(40, 40),
(23, 22),
(201, 201),
(400, 400),
(151, 151),
(350, 350),
(91, 91),
(41, 41),
(202, 202),
(401, 401),
(92, 92),
(351, 351),
(435, 435),
(152, 152),
(24, 23),
(402, 402),
(102, 102),
(153, 153),
(103, 103),
(352, 352),
(154, 154),
(42, 42),
(247, 247),
(436, 436),
(298, 298),
(104, 104),
(25, 24),
(403, 403),
(248, 248),
(155, 155),
(353, 353),
(299, 299),
(404, 404),
(93, 93),
(43, 43),
(94, 94),
(105, 105),
(437, 437),
(156, 156),
(106, 106),
(249, 249),
(354, 354),
(300, 300),
(157, 157),
(26, 25),
(44, 44),
(304, 304),
(250, 250),
(355, 355),
(305, 305),
(107, 107),
(95, 95),
(301, 301),
(251, 251),
(438, 438),
(45, 45),
(158, 158),
(302, 302),
(108, 108),
(96, 96),
(356, 356),
(252, 252),
(306, 306),
(46, 46),
(27, 26),
(303, 303),
(439, 439),
(28, 27),
(159, 159),
(440, 440),
(109, 109),
(253, 253),
(29, 28),
(97, 97),
(160, 160),
(357, 357),
(307, 307),
(47, 47),
(98, 98),
(110, 110),
(203, 203),
(254, 254),
(441, 441),
(30, 29),
(48, 48),
(358, 358),
(99, 99),
(161, 161),
(111, 111),
(49, 49),
(308, 308),
(442, 442),
(204, 204),
(162, 162),
(359, 359),
(100, 100),
(31, 30),
(255, 255),
(112, 112),
(163, 163),
(50, 50),
(443, 443),
(101, 101),
(32, 31),
(113, 113),
(309, 309),
(51, 51),
(205, 205),
(164, 164),
(1, 1),
(114, 114),
(165, 165),
(256, 256),
(444, 444),
(206, 206),
(52, 52),
(257, 257),
(33, 32),
(445, 445),
(115, 115),
(207, 207),
(360, 360),
(310, 310),
(2, 2),
(166, 166),
(258, 258),
(34, 33),
(361, 361),
(116, 116),
(167, 167),
(446, 446),
(53, 53),
(35, 34),
(311, 311),
(117, 117),
(208, 208),
(168, 168),
(3, 3),
(259, 259),
(118, 118),
(362, 362),
(312, 312),
(447, 447),
(54, 54),
(363, 363),
(209, 209),
(260, 260),
(313, 313),
(364, 364),
(210, 210),
(261, 261),
(4, 4),
(211, 211),
(55, 55),
(36, 35),
(169, 169),
(119, 119),
(448, 448),
(314, 314),
(37, 36),
(449, 449),
(170, 170),
(5, 5),
(56, 56),
(120, 120),
(171, 171),
(262, 262),
(365, 365),
(315, 315),
(6, 6),
(38, 37),
(212, 212),
(121, 121),
(366, 366),
(316, 316),
(367, 367),
(317, 317),
(263, 263),
(213, 213),
(368, 368),
(450, 450),
(172, 172),
(39, 38),
(451, 451),
(318, 318),
(369, 369),
(319, 319),
(370, 370),
(40, 39),
(452, 452),
(122, 122),
(264, 264),
(214, 214),
(265, 265),
(215, 215),
(173, 173),
(320, 320),
(405, 405),
(453, 453),
(266, 266),
(57, 57),
(371, 371),
(7, 7),
(321, 321),
(372, 372),
(58, 58),
(322, 322),
(406, 406),
(216, 216),
(8, 8),
(267, 267),
(454, 454),
(217, 217),
(407, 407),
(455, 455),
(373, 373),
(268, 268),
(59, 59),
(123, 123),
(218, 218),
(323, 323),
(374, 374),
(408, 408),
(324, 324),
(375, 375),
(174, 174),
(456, 456),
(409, 409),
(9, 9),
(124, 124),
(60, 60),
(269, 269),
(10, 10),
(219, 219),
(61, 61),
(11, 11),
(62, 62),
(175, 175),
(270, 270),
(12, 12),
(220, 220),
(125, 125),
(271, 271),
(176, 176),
(325, 325),
(221, 221),
(272, 272),
(376, 376),
(326, 326),
(222, 222),
(273, 273),
(63, 63),
(377, 377),
(223, 223),
(327, 327),
(274, 274),
(378, 378),
(13, 13),
(64, 64),
(328, 328),
(379, 379),
(14, 14),
(65, 65),
(224, 224),
(15, 15),
(275, 275),
(66, 66),
(329, 329),
(225, 225),
(16, 16),
(380, 380),
(276, 276),
(226, 226),
(67, 67),
(17, 17),
(68, 68),
(18, 18),
(69, 69),
(19, 19),
(70, 70),
(20, 20),
(277, 277),
(71, 71),
(21, 21),
(72, 72),
(22, 22),
(73, 73),
(23, 23),
(227, 227),
(74, 74),
(24, 24),
(278, 278),
(75, 75),
(228, 228),
(25, 25),
(279, 279),
(229, 229);

INSERT INTO inspecciones(id_ins, fecha_ins, comentario_ins, id_emp, id_inm) VALUES
(1, '1990-02-10', 'Non qui accusantium. Tempora unde repudiandae. Dolor provident tenetur. Recusandae praesentium consequatur; voluptatem nesciunt nam. Enim ad quae? Facilis reiciendis non.\r\nMolestias unde rerum. Voluptas repellat atque. Optio ipsa maiores. Sunt ut quibusdam. Natus voluptas sit;', 19, 23),
(2, '2017-06-28', 'Non debitis reprehenderit. Voluptas debitis quam. Cumque ipsa voluptas; qui similique et. Voluptatem obcaecati consequuntur! Voluptatem porro sed. Libero autem alias! Accusamus molestias ut. Ut omnis repellendus!\r\nLabore eos aut. Velit autem quam. Sequi animi dignissimos; id rem.\r\n', NULL, 112),
(3, '2011-07-18', 'Nam quaerat repudiandae ut cumque id et iste at. Qui illum tempore! Commodi explicabo suscipit; sit voluptatem voluptates. Iure voluptates veniam.\r\nAtque quia maxime; quisquam quos in. Quibusdam aut quia. Maxime sunt modi! Est quia ut...', 20, 401),
(4, '1990-01-07', 'Fuga labore quis. Eum omnis unde. Unde sint sunt.\r\nIste sit dolor; omnis reprehenderit vel; esse ad eaque. Facere aliquam sit! Provident quia tempora. Enim inventore omnis! Non eos molestiae. Nam veniam soluta; est sapiente in...\r\nError aut ut. Ducimus itaque dolore. Impedit fuga.', 3, 462),
(5, '2003-12-14', 'Doloremque molestiae pariatur. Et quas ut. Hic voluptas quo. Hic adipisci est! Delectus qui sint. Voluptatem quae sit. Incidunt omnis sunt.\r\nQuasi quae molestiae. Fuga nulla officia. Suscipit repellendus numquam! Dicta corporis in. Iusto explicabo dicta. Sint pariatur iste.\r\nIpsum.', 39, 505),
(6, '1990-03-04', 'Quo porro aspernatur; ut totam ipsum? Deleniti omnis voluptatem. Molestiae nulla autem. Ut quibusdam odio. Ex temporibus dolorem; incidunt suscipit est. Magni ad ex. Sit consequatur quaerat! Ut provident ut...\r\nProvident cupiditate mollitia. Facere quis quia. Expedita tempora nihil.\r\n', 25, 147),
(7, '2013-12-27', 'Magnam quia a sit vel adipisci earum sed, atque illo. Sint distinctio, dolores itaque sed ipsa perspiciatis exercitationem magni et.', 19, 454),
(8, '2015-06-10', 'Sit commodi cum voluptatem consectetur ut optio dolores dolorem. Distinctio id perspiciatis.\r\nMinus sit et. Sunt aperiam error. Sed obcaecati cum! Non corporis enim. Suscipit est tempora? Ut commodi est! Enim officia sit. Doloribus nihil a!', 21, 473),
(9, '1990-03-16', 'Impedit vitae et perspiciatis laudantium enim. Excepturi quia, voluptatem nemo velit aliquid sed est nesciunt id? Omnis sed aspernatur aut amet minus. Ut illo facere perspiciatis minima itaque; suscipit minima est. Minus sunt sit. Fugiat aut quis.', 18, 111),
(10, '1995-03-21', 'Voluptatem aperiam laboriosam quasi tenetur aut. Error nam non dolorem praesentium repellat! Sed dicta laudantium nemo omnis itaque et vitae aut neque. Distinctio qui sit necessitatibus magni nostrum omnis consequuntur aliquam quae.', 2, 457),
(11, '1996-04-17', 'Totam corporis aperiam laboriosam perferendis, quia eveniet recusandae a rem. Aut reprehenderit iste vitae labore sint. Qui et eius. Sit voluptates consequatur; eius fuga ut. Itaque cupiditate nihil. Aliquam reprehenderit culpa. Pariatur error voluptate? Optio sit laudantium.', 24, 406),
(12, '1999-05-03', 'Molestiae eum sit. Beatae non blanditiis. Enim iste debitis! Ea omnis cumque. Non quis voluptatum! Earum et non. Consequatur unde velit.\r\nMolestias ipsam quidem. Et facere reprehenderit. Sed aspernatur voluptas. Et ut quod.\r\nQuisquam ut molestias. Earum harum adipisci. Molestiae?', 38, 257),
(13, '2001-10-13', 'Culpa delectus cum explicabo tenetur est iste provident quasi voluptatem. Est vel harum totam voluptatem ut ex ut numquam explicabo. Eum modi, perferendis unde magni eaque ut aperiam necessitatibus omnis.', 1, 318),
(14, '2003-07-19', 'Et impedit sint. Voluptatem obcaecati est. Quae sint dolorum! Dolorum rem eligendi. Ut illum voluptatem! Quia dolorem id; commodi voluptates id. Et repellat id.\r\nCorrupti similique error. Et iste sint...\r\nAssumenda et optio. Aut reiciendis sed! A est sequi. Corrupti quo debitis...', 28, 520),
(15, '2014-11-24', 'Officia et eum optio omnis qui sit atque aut dolorem.\r\nTotam doloribus est voluptatem laborum pariatur iusto assumenda consequatur voluptas.', 12, 542),
(16, '1990-12-28', 'Impedit ut et. Est impedit et. Error accusantium eos. Incidunt voluptatem iure.\r\nQuas consectetur asperiores. Dolor nulla eum; eveniet ut optio. Eveniet optio quo.\r\nExplicabo enim molestias. Qui odit asperiores? Error voluptatem ut. Quibusdam aliquam natus. Qui magni ipsum? Quod.', 24, 336),
(17, '1990-01-09', 'Ab voluptate id. Quibusdam qui placeat. Qui incidunt et. Consequatur repellendus beatae. Facilis ut amet.\r\nFugit veritatis ex. Ut vero itaque! Tempora et nemo. Est inventore sit. Aspernatur qui ut. Natus est atque. Quod sed impedit. Quo eos non.\r\nConsequatur quod dolor. Nisi.', 28, 27),
(18, '2001-09-03', 'Aut quos eos quia aliquam qui minima et. Perspiciatis debitis quaerat. Sint inventore modi? Omnis vel delectus.\r\nUt architecto ducimus. Cum qui voluptas? Laborum distinctio reiciendis. Molestiae enim obcaecati! Nisi autem modi. Est ullam eos.', 40, 218),
(19, '1991-12-26', 'Est rerum veniam itaque facere magni eum sed...\r\nAsperiores ipsum et. Dolorem voluptate fuga. Maxime harum aut ea illo deserunt aut quas. Cum dicta error! Ut quam quisquam. Sed perspiciatis aut? Velit architecto qui. Saepe vitae dolore.', 33, 281),
(20, '2010-03-07', 'Saepe inventore, laborum nam est corporis mollitia qui possimus voluptas.\r\nVel sed voluptatum. Modi nihil in. Sequi voluptatem ea? Quisquam tempore libero. Odit magni in? Dolore voluptatem perspiciatis. Itaque omnis numquam.\r\nAlias quisquam ad; velit expedita corporis.', 15, 54),
(21, '1997-12-13', 'Iusto dolores quisquam cupiditate sint ea nihil quaerat error suscipit.', 29, 243),
(22, '2015-03-23', 'Nihil et tempora fugiat autem consequatur velit eaque sit. Ea qui architecto voluptatem laborum necessitatibus! Alias voluptas error repellendus. A ut sed iure quo. Non quia qui. Quis sit omnis. Id voluptatem natus! Sed fugiat quas.', NULL, 2),
(23, '1990-02-22', 'Incidunt totam assumenda. Aut sit perspiciatis. Qui dicta saepe. Rerum error ipsam; ab aliquid eaque. Iste ratione non; recusandae voluptas harum; corporis error porro? Natus id voluptas.\r\nSunt quae voluptatibus. Id et quod!\r\nQuas incidunt unde. Natus omnis error. Iste aut facere.', NULL, 19),
(24, '2007-04-02', 'Voluptatem animi corporis saepe quam necessitatibus consequuntur; doloribus fuga ut consectetur voluptate qui sit qui quasi? Explicabo odio voluptatem. Tempore et sed. At delectus perspiciatis? Est voluptas quia. Eos est iste. Quae ipsum dolore.\r\nUllam earum vitae. At omnis nemo.', 24, 127),
(25, '2005-02-09', 'Fugit voluptas neque perspiciatis error eius cum sit eius in.\r\nVelit nisi aut fugiat et ut et, voluptatem error perspiciatis. Autem fuga similique commodi veritatis error sed animi qui facere!', 9, 171),
(26, '2009-10-04', 'Animi et quia. Accusamus atque rerum.\r\nEnim temporibus beatae. Animi ullam eaque; voluptatem iste id. Dolorem velit doloremque. Reiciendis et voluptate. Soluta ut perspiciatis!\r\nEius ut ullam. Cupiditate tenetur qui. Beatae libero eos. Minus assumenda molestiae! Commodi et harum.', 38, 400),
(27, '2012-01-26', 'Quia qui reprehenderit. Eligendi asperiores sunt! Aperiam voluptatem quisquam. Nulla suscipit accusantium. Nam reiciendis tempore. Quis error nostrum.\r\nEst et esse. Voluptas esse aspernatur! Esse voluptatem est? Exercitationem commodi sequi! Quisquam eos itaque; dignissimos culpa.', 11, 151),
(28, '1997-06-28', 'Quibusdam aliquid et. Consequatur qui vitae. Modi iste sequi? Nam animi distinctio. Debitis non voluptatibus! Veritatis architecto dolore; perspiciatis natus enim. Eius ut iste!\r\nVel hic sint. Et libero aperiam. Blanditiis iste sit? Repellat sint dolorem. Sit quae repudiandae.\r\n', 6, 263),
(29, '2012-12-19', 'Voluptatem corrupti laudantium molestias nostrum asperiores pariatur aut necessitatibus. In et quis nisi quia. Excepturi nesciunt omnis minus sit est enim rem perspiciatis. Blanditiis dolores officia et totam aut voluptas quo omnis rerum.', 25, 420),
(30, '1990-01-07', 'Dolorem est quam. Harum quia suscipit!\r\nAb perferendis at; nemo sunt sed. Nostrum soluta non...\r\nPerspiciatis dolorem voluptatem. Esse rem nobis. Architecto ad assumenda? Ut modi et. Inventore voluptates voluptate. Ut fugiat molestiae. Natus numquam unde.', 27, 208),
(31, '2007-08-01', 'Iste dolorem unde error; quaerat ut blanditiis harum? Id ut sint tempora voluptatem laboriosam nemo est. Autem quo est ad sit labore. Quasi et in!\r\nSed amet et; ipsam eum perspiciatis? Repellendus velit quam. Voluptas dolor natus!', 14, 300),
(32, '2017-02-21', 'Fugit itaque error. Nam vero repudiandae. Consequatur nostrum ab. Dolore enim sunt.\r\nOdio sit iste. Optio quidem sunt; unde non exercitationem. Magnam fugiat quis. Iste commodi ullam. Necessitatibus dolores laudantium. Ullam quaerat sed! Iste blanditiis necessitatibus.', 37, 521),
(33, '1991-02-16', 'Unde sint ullam. Quia ea molestiae! Perferendis omnis voluptatem. Qui voluptatem eum! Illo rerum necessitatibus. Est aut sit. Nihil eius sed. Non id impedit.\r\nConsectetur est sit. Quis distinctio eum!\r\nNeque est labore. Omnis quia maiores.', 39, 412),
(34, '2002-12-28', 'Mollitia quae recusandae. Enim velit laudantium? Consequatur iusto nemo. Rerum non sit. Qui eos labore. Facere qui perferendis.\r\nQuam facere labore. Qui quas exercitationem? Inventore quis vel. Iusto excepturi sit. Ab quae voluptates! Beatae ducimus rem. Consequatur sed est.\r\n', 16, 569),
(35, '2008-05-14', 'Nobis est laborum. Non voluptatem ipsam? Earum repellendus quae. Atque sapiente qui! Dicta ut similique. Vitae aperiam dolores. Impedit eum quo. Fugiat ea eos...\r\nEnim sit et. Quia a animi. Ut odio harum. Excepturi tempore soluta. Est rerum ab. Possimus natus minus! Consequuntur ipsa.', 20, 273),
(36, '1990-01-04', 'Dolor aut sit recusandae consequuntur quaerat sed. Impedit eos fuga dicta et est omnis dolores dolor.\r\nAnimi iste nihil similique fugit eum vitae iusto iure; voluptatem culpa unde dolorem voluptas dolor corporis animi. Obcaecati ab aliquid! Quia quas minima.', 5, 210),
(37, '1996-02-27', 'Voluptatem suscipit consequatur dolore. Quaerat eum voluptate sit labore vel quo hic unde? Sit voluptatem aut illo dicta repellat. Et qui itaque unde natus aperiam quam. Adipisci suscipit, sed eos distinctio voluptatem quo qui in ratione!', 37, 569),
(38, '1992-02-21', 'Omnis unde aliquam. Temporibus rerum ab? Pariatur natus repellendus! Optio dicta aspernatur.\r\nMolestias beatae nihil. Et ut quos. Similique est velit; fugit nostrum aliquid. Repellat possimus minus. Sed laboriosam assumenda. Corporis assumenda nihil? Dolorem ex molestiae.', 23, 396),
(39, '2018-04-03', 'Quam error earum voluptatem. Ipsam voluptatem recusandae quasi iste dicta ex voluptatem qui. Laboriosam perspiciatis modi iste nihil et. Unde omnis in unde.\r\nVoluptatem maiores ut recusandae aperiam adipisci natus. Ipsum quia delectus. Qui libero error...', 28, 487),
(40, '1995-12-16', 'Voluptas omnis sunt voluptatem quis ratione eum ad quasi assumenda; nesciunt quia ut ratione illo velit modi asperiores, natus at. Iste fugiat nesciunt soluta doloremque quis perspiciatis nobis consequatur sed.', NULL, 59),
(41, '1992-08-23', 'Totam consequatur libero. Natus nisi sunt. Voluptatem magni sint aut. Possimus odit itaque eum. Unde autem enim est quia. Dicta corporis illo, officiis sit eligendi ut error aut culpa.', 38, 571),
(42, '2019-03-06', 'Aut harum quae. Non illo eius. Nulla debitis et.\r\nPlaceat et qui. Voluptas rerum totam. Voluptatem sed autem; quia quisquam quis. Quibusdam sit non. Reprehenderit dolorem aspernatur! Ipsum ut molestiae. Sed explicabo laboriosam! Numquam possimus maiores. Consectetur voluptatem.\r\n', 6, 25),
(43, '2013-04-13', 'Exercitationem sed suscipit nobis mollitia natus. Necessitatibus veniam aut ea iusto dolorem hic optio obcaecati. Id eos in. Est necessitatibus enim iure in voluptatem quo rem ratione omnis.', 35, 297),
(44, '1995-01-19', 'Quaerat natus provident. Assumenda similique perspiciatis aut qui sunt autem et perspiciatis corrupti. Et rerum voluptatem aut, vel autem id facilis numquam assumenda! In voluptatem cumque. Delectus natus dolor. Ipsa eos doloribus! Natus architecto qui;\r\n', 19, 395),
(45, '1993-07-26', 'Aperiam nisi sapiente reiciendis sed quo.\r\nQui modi hic fugiat mollitia tempore eos doloribus quia; quis nihil mollitia consequuntur totam rerum ipsam vel. Libero eveniet quos. Corrupti totam omnis. Tempore reiciendis sunt. Voluptatibus voluptatem dolores.', 28, 537),
(46, '2001-08-26', 'Sint sed eveniet. Sed dolores error et quae velit. Ut eaque nisi laudantium veniam deserunt eaque voluptas! Cumque unde aut; error consequuntur voluptatem magnam rerum, aut natus qui enim animi.', 29, 221),
(47, '2011-05-18', 'Fuga nobis quis sint accusamus, tenetur dolor qui esse debitis.', 27, 74),
(48, '1992-08-08', 'Non aut deleniti.\r\nQuidem harum odio. Ut qui officiis. Temporibus at culpa? Perspiciatis error nulla. Obcaecati cum suscipit? Ab sit fugit! Quasi nesciunt amet; sit iure qui. Neque sed veniam. Ut error voluptatem!\r\nBlanditiis qui recusandae. Voluptatibus aperiam labore.', 8, 328),
(49, '1991-05-14', 'Aut exercitationem nihil aut in, error est laboriosam culpa ut. Doloribus dolore tenetur ut tenetur est asperiores omnis! Quia et corrupti. Quia dicta aliquam. Illum rerum voluptatum! Aperiam ducimus maiores. Eos iste incidunt. Eius perspiciatis in. Qui reprehenderit excepturi.', 17, 438),
(50, '2012-06-09', 'Quaerat iste voluptas. Fugiat aperiam eos? Quaerat corrupti esse. Omnis et repellat; quibusdam facere voluptates. Sed eos rerum? Voluptatem nesciunt ut; similique omnis deserunt; repellat quae placeat. Labore consequatur fugit...\r\nMolestiae aperiam dicta.\r\nNeque possimus assumenda.', 17, 425),
(51, '1994-04-24', 'Doloribus sed nostrum non amet reiciendis obcaecati vitae consequatur voluptas. Quos ipsa porro quibusdam sunt modi rerum non officia? Cum aspernatur voluptatem in!\r\nNesciunt velit nesciunt quo officiis aperiam facere ut eveniet est.', 34, 443),
(52, '1990-01-02', 'Omnis quos error. Sed dolor id eaque vel quia possimus in voluptatem. Officiis ad aut. Sed aut perspiciatis. Rem consequatur sed? Eaque mollitia magnam. Eos est quasi. Inventore aspernatur dolorem. Sit dicta reprehenderit! Laudantium aliquid architecto...', 34, 493),
(53, '1992-10-21', 'Sit debitis ea. Autem iusto nemo? Voluptas voluptate accusantium.\r\nEst quisquam ut. Voluptatum nesciunt minus? Aperiam voluptatem cum! Facere vero saepe. Voluptas placeat hic. Numquam praesentium ipsa.\r\nEa rem sint. Harum omnis eveniet. Dolore omnis iste. Sed rerum ratione; ipsa.', 33, 339),
(54, '2012-01-20', 'Velit dolorem ea non labore voluptates hic. Nisi enim repellat blanditiis? Sit natus perspiciatis corporis corrupti. Enim consequatur culpa exercitationem sed et rerum officiis; accusantium ullam voluptas; reiciendis eos architecto. Cum illo unde. Dolores quibusdam voluptatum.', 5, 592),
(55, '1990-01-07', 'Enim voluptatem quibusdam. Qui consequuntur iure! Quidem eius architecto. Consequatur sint eligendi. Ut omnis autem.\r\nAutem temporibus quos. Laboriosam quo voluptatum.\r\nMagnam sit dolor. Id eveniet recusandae. Exercitationem aliquid illum. Aliquid qui fugiat. Rerum et sit. Sit!', 4, 209),
(56, '1990-02-06', 'Quaerat reprehenderit natus. Consequuntur est autem; et est eos? Minus quasi possimus! Sed quod ut. Voluptatem est omnis. Et consequatur sint. Nisi dolorem quos. Assumenda iste sit.\r\nEa non corporis. Unde voluptatem deserunt. Ea eaque reprehenderit. Ratione exercitationem aliquid.', 33, 262),
(57, '1990-02-07', 'Dolores praesentium dolores. Quis molestias perspiciatis! Maxime velit qui? Dolores dolore consequatur. Quia aut tenetur. Sed voluptatem quos! Rerum facilis inventore. Commodi exercitationem aliquam? Molestiae doloribus eius.\r\nSequi fugit voluptatem. Quaerat illo at; ipsum.\r\n', 13, 131),
(58, '2003-12-27', 'Quia sit nihil. Enim pariatur quidem. Amet ut totam. Sit deserunt exercitationem. Tempora sunt recusandae. Error soluta excepturi! Ipsa et hic. Ipsam temporibus qui. Omnis quam accusantium...\r\nNisi sit consequuntur. Et quis omnis. Voluptatem sed in. Voluptas id exercitationem!', 29, 594),
(59, '2004-12-25', 'Dolor ab quo.\r\nQuae odit est. Omnis et ipsam! Sapiente aliquid sapiente. Dolorum ut tenetur. Voluptate mollitia natus. Accusantium id ut. Maxime id sed; in quasi deserunt. Sunt rerum velit!\r\nUllam earum aliquid. Dolores ea nisi. Et accusantium sed. Voluptatem veritatis et? Modi.', 10, 26),
(60, '2013-09-02', 'Ratione modi dolore iure vero doloremque dolor minima. Quia est unde incidunt provident id voluptatem mollitia consectetur ratione! Qui aut consequatur. Quos alias ut!\r\nUt consequatur voluptatem. Hic quae facere? Deleniti et esse. Voluptatem sapiente deserunt! Consequuntur at.', 21, 167),
(61, '2001-04-27', 'Sint totam officiis consequatur pariatur veniam enim a ipsum. Expedita perferendis nemo omnis iusto debitis, modi rerum ut magnam; hic porro voluptate. Cumque placeat ipsa. Itaque est fugit! Aliquid sunt id. Ipsa perspiciatis similique! Quam amet et.', 37, 212),
(62, '1992-01-24', 'Reprehenderit sint quis. Ut aut perferendis? Unde mollitia qui. Dolor ut dolor. Quia est perferendis. Cumque eaque quod!\r\nAt aliquid accusantium. Sit dolores doloribus. Deleniti minima praesentium; ut natus error. Delectus aperiam beatae. Sit qui a! Rem perspiciatis neque.\r\n', 36, 26),
(63, '2014-11-13', 'Doloremque consequuntur eligendi. Autem quia corporis. Doloremque doloribus rerum! Quasi voluptatum odit. Praesentium a aut! Non quo a. Sed autem qui. Voluptatibus voluptas ducimus. Quibusdam non nihil.\r\nMaiores error corporis.\r\nQui et incidunt. Quia natus perspiciatis! Temporibus.', 5, 144),
(64, '1991-09-05', 'Aperiam molestiae enim consectetur alias.\r\nTempore voluptatem labore ut voluptates rerum illo.\r\nUt et qui. Et ullam magnam? Dolores minima sit. Soluta nesciunt nulla! Adipisci quia et. Quaerat delectus fugit. Ut tenetur iste. Consequatur hic aut. Voluptas sit saepe.', 37, 589),
(65, '2000-01-07', 'Itaque accusamus alias. Non cum commodi error quis et; iusto odit ut? Quasi ratione velit nihil labore nesciunt totam ducimus. Sed sequi impedit! Corrupti sed soluta; a molestias distinctio? Eum delectus est; veniam non quis.', 5, 303),
(66, '1990-01-17', 'Eum vel distinctio. Est deserunt sed. Quis aut libero. Odit obcaecati perspiciatis! Quod iure facere. Facilis quis ea. Culpa consequatur in! Fugiat natus nobis. Similique corporis eos. Impedit dolorum et.\r\nEt ea temporibus. Nam non expedita.\r\nQui cum velit; culpa doloremque ipsam.', 16, 475),
(67, '2018-07-21', 'Ut velit delectus sapiente repudiandae voluptas perferendis quis eos accusamus.', 32, 599),
(68, '1991-09-13', 'Nobis doloremque aliquid temporibus et dolores et a. Perspiciatis sed atque velit possimus praesentium illum corrupti inventore perspiciatis; illum dignissimos perferendis. Quis accusantium minus. Reiciendis iste autem! Sit rerum praesentium. Autem quidem eligendi; quae quas.', 37, 318),
(69, '2013-03-20', 'Enim atque aperiam qui sed et libero nulla omnis. Debitis maxime eius labore eum. Et inventore aut atque earum quidem sed qui ducimus. Tempora expedita nostrum! Veniam quia totam. Dolore laudantium id? Mollitia et eligendi.', 19, 499),
(70, '1998-01-08', 'Expedita sed natus. Voluptatem rerum fugiat. Voluptas atque libero. Et deserunt voluptatum; aperiam perspiciatis reiciendis; unde molestiae rerum; ut cupiditate consequatur. Debitis incidunt sed.\r\nQuis ratione rerum. Est qui quidem. Et autem aperiam. Aut in possimus.\r\nSit.', 1, 551);

INSERT INTO pago(id_pag, importe, fecha_pag, id_fac) VALUES
(1, 18636, '2011-03-30', 33),
(2, 1865, '2015-12-17', 68),
(3, 19318, '2000-09-08', 371),
(4, 13975, '2012-09-11', 330),
(5, 20837, '2018-04-11', 411),
(6, 15672, '1990-04-10', 354),
(7, 7360, '2010-04-20', 163),
(8, 3530, '1990-01-05', 25),
(9, 20396, '1994-05-13', 3),
(10, 2268, '1995-05-25', 27),
(11, 19570, '1990-04-25', 23),
(12, 2255, '1990-03-20', 208),
(13, 13912, '1990-04-20', 46),
(14, 20704, '1991-10-19', 210),
(15, 12379, '1991-12-23', 364),
(16, NULL, NULL, NULL),
(17, 20295, '1990-01-04', 111),
(18, 9905, '2010-01-13', 446),
(19, 22616, '2004-01-19', 255),
(20, 7476, '1990-01-05', 280),
(21, 25573, '1992-03-31', 72),
(22, 16447, '1994-08-01', 215),
(23, 2018, '2001-11-13', 382),
(24, 16127, '1996-02-29', 423),
(25, 7781, '2003-10-03', 153),
(26, 17923, '1999-03-09', 422),
(27, 12043, '2017-01-01', 423),
(28, 11112, '1990-01-08', 21),
(29, 10536, '1990-04-09', 229),
(30, 14780, '1990-01-09', 441),
(31, 21959, '2013-09-02', 85),
(32, 25650, '1990-04-13', 282),
(33, 17787, '2018-03-10', 317),
(34, 2831, '1992-07-23', 280),
(35, 8280, '1990-01-21', 355),
(36, 3694, '1993-01-27', 297),
(37, 23683, '2010-12-10', 227),
(38, 8144, '1990-01-02', 293),
(39, NULL, NULL, NULL),
(40, 12165, '2015-10-06', 389),
(41, 20229, '1990-01-02', 363),
(42, 8205, '2002-04-21', 157),
(43, 14633, '1991-03-10', 354),
(44, 18557, '2008-12-28', 56),
(45, 2187, '1995-12-07', 195),
(46, 6406, '2015-10-21', 4),
(47, NULL, NULL, NULL),
(48, 13072, '1990-01-02', 89),
(49, 23454, '2003-05-12', 377),
(50, NULL, NULL, NULL),
(51, 3675, '2012-10-06', 176),
(52, 14164, '2019-10-15', 423),
(53, 23133, '1995-09-05', 447),
(54, 25976, '2018-10-25', 203),
(55, 10143, '1991-11-19', 429),
(56, 10238, '1992-01-09', 440),
(57, 19480, '2018-08-02', 203),
(58, 21956, '2006-08-08', 138),
(59, 5730, '1990-01-26', 309),
(60, 25409, '1993-01-07', 170),
(61, 11307, '1992-04-26', 196),
(62, 24154, '1998-06-27', 358),
(63, 24242, '2000-12-08', 300),
(64, 15901, '1991-01-05', 30),
(65, 15932, '2000-09-05', 304),
(66, 19821, '1990-01-10', 346),
(67, 23111, '2012-02-20', 108),
(68, 10956, '1999-01-21', 50),
(69, 8948, '1991-09-29', 430),
(70, 19878, '2011-03-23', 99),
(71, NULL, NULL, NULL),
(72, 4772, '2005-02-17', 17),
(73, 21104, '1991-08-23', 254),
(74, 23038, '1990-01-10', 311),
(75, 14911, '1996-04-11', 181),
(76, 16924, '2014-05-01', 109),
(77, 13703, '1990-03-25', 239),
(78, 9306, '1990-01-08', 40),
(79, 12340, '1996-11-21', 33),
(80, 4743, '2009-01-11', 186),
(81, 9964, '1991-12-26', 388),
(82, 18458, '2009-10-31', 401),
(83, 22022, '1998-01-20', 454),
(84, 12203, '2012-06-01', 428),
(85, 23011, '2017-08-01', 178),
(86, 1559, '2009-02-22', 35),
(87, 20828, '2004-10-30', 302),
(88, 14645, '1992-01-23', 200),
(89, 21464, '1999-09-08', 136),
(90, 7748, '1999-03-23', 236),
(91, NULL, NULL, NULL),
(92, 5882, '2009-01-10', 44),
(93, 19120, '1990-02-03', 171),
(94, 25793, '1990-06-08', 132),
(95, 16817, '2003-02-13', 166),
(96, 24678, '1990-01-06', 44),
(97, 10820, '1990-01-04', 403),
(98, 3680, '1992-08-09', 455),
(99, 24632, '1998-09-05', 38),
(100, 25779, '2016-07-17', 181),
(101, 16724, '1993-09-15', 68),
(102, 17328, '1990-04-03', 95),
(103, 16890, '2014-10-22', 234),
(104, 7735, '2014-03-02', 176),
(105, 11651, '2009-04-23', 432),
(106, 25409, '1992-11-15', 132),
(107, NULL, NULL, NULL),
(108, 12112, '1996-03-07', 358),
(109, 8473, '2016-11-21', 40),
(110, 11914, '1998-02-01', 313),
(111, 10044, '1990-03-14', 244),
(112, 25555, '1999-11-22', 408),
(113, 25145, '1994-11-04', 357),
(114, 22133, '1990-01-27', 70),
(115, 24242, '2004-04-30', 191),
(116, 1780, '1994-03-30', 392),
(117, 12785, '1999-12-03', 86),
(118, 4826, '1990-01-07', 238),
(119, 14409, '2001-09-15', 248),
(120, 21351, '1998-03-30', 406),
(121, 21779, '1997-08-25', 260),
(122, 18001, '1990-03-22', 8),
(123, 21093, '2000-09-28', 374),
(124, 17035, '1998-11-24', 249),
(125, 22621, '2003-01-06', 22),
(126, 18954, '2006-02-06', 163),
(127, 3043, '1997-10-03', 326),
(128, 1716, '1990-08-04', 166),
(129, 5213, '1990-08-10', 163),
(130, 8222, '1990-01-04', 328),
(131, 2607, '2012-05-03', 192),
(132, 23666, '2005-09-24', 8),
(133, 13978, '2005-08-11', 269),
(134, 4381, '1990-02-10', 10),
(135, 23808, '2008-02-09', 120),
(136, 4547, '1990-02-27', 252),
(137, 25692, '2017-06-06', 126),
(138, 24117, '1991-12-12', 123),
(139, 1338, '1991-12-12', 315),
(140, 23080, '1997-04-28', 29),
(141, NULL, NULL, NULL),
(142, NULL, NULL, NULL),
(143, 17516, '1991-11-06', 441),
(144, 17306, '2019-04-13', 239),
(145, 24710, '1990-01-03', 99),
(146, 3602, '1999-08-23', 175),
(147, 8403, '2007-07-12', 245),
(148, 12894, '2002-01-05', 209),
(149, 1734, '2005-11-10', 281),
(150, 2520, '1996-11-24', 173),
(151, 24940, '1990-03-01', 415),
(152, 3355, '2009-10-06', 438),
(153, 10351, '1990-03-13', 315),
(154, 1221, '1990-01-27', 195),
(155, 3566, '2002-05-03', 337),
(156, NULL, NULL, NULL),
(157, 16960, '2006-08-26', 13),
(158, 6791, '2014-08-16', 100),
(159, 14141, '1990-02-22', 359),
(160, 8459, '1990-01-29', 207),
(161, NULL, NULL, NULL),
(162, NULL, NULL, NULL),
(163, 24376, '2000-04-27', 77),
(164, 9917, '1998-09-19', 210),
(165, 4242, '2016-02-28', 130),
(166, 13584, '1990-01-02', 207),
(167, 951, '1990-12-16', 436),
(168, 15228, '2005-07-31', 160),
(169, 17385, '1991-09-15', 272),
(170, NULL, NULL, NULL),
(171, 25288, '1998-04-01', 39),
(172, 8476, '2008-03-20', 16),
(173, 11817, '2003-03-04', 254),
(174, 19734, '2003-10-26', 283),
(175, 22807, '1998-09-01', 152),
(176, 7104, '2003-04-23', 172),
(177, 22161, '1996-01-11', 194),
(178, 6612, '1990-01-08', 249),
(179, 15156, '2007-06-10', 381),
(180, 17601, '2010-01-09', 30),
(181, 24255, '2001-06-15', 100),
(182, NULL, NULL, NULL),
(183, 23041, '1990-02-22', 283),
(184, 24413, '1990-01-02', 247),
(185, 9460, '2001-03-22', 269),
(186, 14884, '1994-05-18', 62),
(187, 22149, '1992-07-10', 421),
(188, 6919, '2008-01-24', 458),
(189, 9597, '1992-08-12', 421),
(190, 17289, '2017-04-13', 206),
(191, 18284, '1994-12-23', 442),
(192, NULL, NULL, NULL),
(193, 17654, '2009-11-25', 59),
(194, NULL, NULL, NULL),
(195, NULL, NULL, NULL),
(196, 22163, '1991-08-11', 136),
(197, NULL, NULL, NULL),
(198, 24756, '2016-07-01', 176),
(199, 20132, '1990-01-05', 219),
(200, 20878, '2016-03-10', 343),
(201, 13215, '1995-01-19', 436),
(202, 12935, '2012-12-19', 311),
(203, NULL, NULL, NULL),
(204, 5516, '2006-04-14', 143),
(205, 13731, '2000-04-13', 440),
(206, 12867, '2012-05-05', 78),
(207, 5451, '2001-02-07', 176),
(208, 15631, '2002-05-14', 343),
(209, 3494, '2019-12-06', 385),
(210, 17589, '2013-11-04', 278),
(211, 10191, '2000-07-27', 450),
(212, 11365, '1997-04-06', 377),
(213, 23426, '2012-08-09', 91),
(214, 10248, '2012-07-13', 22),
(215, 24458, '2014-04-04', 2),
(216, 21084, '1994-08-23', 430),
(217, 21050, '2015-04-20', 52),
(218, 7168, '2009-03-08', 293),
(219, 25166, '1992-05-12', 402),
(220, 20555, '2018-05-01', 232),
(221, 25829, '1992-01-03', 234),
(222, 23698, '2002-07-15', 184),
(223, 11364, '2000-01-08', 51),
(224, 1590, '2000-04-08', 85),
(225, 12837, '1995-04-20', 187),
(226, 23942, '1991-11-06', 361),
(227, 5659, '1990-02-06', 328),
(228, 15564, '1991-11-13', 271),
(229, 23921, '1994-12-22', 6),
(230, NULL, NULL, NULL),
(231, 6411, '1993-11-07', 291),
(232, 21408, '2004-09-05', 360),
(233, 21161, '1997-06-19', 99),
(234, 18077, '2001-09-17', 389),
(235, 1787, '1990-01-06', 142),
(236, 9376, '2017-01-11', 72),
(237, 19121, '2009-11-05', 246),
(238, 9330, '2004-04-04', 33),
(239, 2294, '2007-10-30', 411),
(240, 2966, '2001-05-15', 101),
(241, 22931, '1992-05-23', 13),
(242, 15502, '2006-03-15', 29),
(243, 15038, '1991-02-27', 288),
(244, 1242, '2001-10-31', 371),
(245, NULL, NULL, NULL),
(246, 16518, '1994-08-06', 443),
(247, NULL, NULL, NULL),
(248, 20717, '1990-01-31', 256),
(249, 4125, '1990-03-02', 446),
(250, 2007, '2015-03-19', 146),
(251, 17132, '2014-03-20', 243),
(252, 3770, '1996-02-17', 441),
(253, 7846, '1995-02-20', 312),
(254, 10932, '2005-03-08', 275),
(255, 10025, '2006-12-29', 258),
(256, NULL, NULL, NULL),
(257, 4825, '2019-05-11', 94),
(258, 13719, '1991-01-07', 250),
(259, 6103, '2011-09-18', 229),
(260, 4599, '2002-10-08', 341),
(261, 25595, '2006-01-07', 103),
(262, NULL, NULL, NULL),
(263, 15447, '1990-03-11', 441),
(264, 11923, '2018-10-22', 281),
(265, 22506, '1990-03-03', 414),
(266, 14591, '2000-04-28', 368),
(267, 16317, '2005-04-17', 427),
(268, 6126, '2007-02-14', 54),
(269, 13008, '2003-11-06', 374),
(270, 10794, '2006-03-25', 272),
(271, 19816, '1992-09-08', 254),
(272, 6833, '1997-04-01', 115),
(273, 14071, '2003-03-02', 113),
(274, 5020, '2009-11-22', 144),
(275, 10865, '2012-11-30', 309),
(276, 23439, '2014-09-08', 385),
(277, 1368, '2006-07-21', 257),
(278, 11597, '1990-01-08', 335),
(279, 14364, '2001-11-25', 106),
(280, 10879, '2004-06-14', 364),
(281, 18115, '1995-06-15', 55),
(282, 9024, '1990-01-08', 51),
(283, 2543, '1990-01-06', 171),
(284, 15551, '1990-01-03', 23),
(285, 3742, '1991-09-18', 459),
(286, 6509, '1991-09-02', 146),
(287, 7244, '1990-01-07', 429),
(288, 6345, '2007-06-20', 125),
(289, 22361, '1992-06-19', 312),
(290, NULL, NULL, NULL),
(291, 25990, '2010-11-19', 364),
(292, 20441, '2012-04-04', 311),
(293, 19732, '1991-07-26', 229),
(294, 13115, '2017-02-28', 432),
(295, 19823, '2018-09-30', 78),
(296, 25026, '2000-01-03', 63),
(297, 17347, '2009-01-22', 244),
(298, 12424, '2016-10-14', 56),
(299, 18575, '1992-05-17', 127),
(300, 22386, '2005-12-01', 297),
(301, NULL, NULL, NULL),
(302, 8669, '1990-02-13', 1),
(303, 7122, '2015-02-14', 290),
(304, 1074, '1995-05-31', 97),
(305, 7825, '1998-06-05', 257),
(306, 24345, '2013-05-07', 2),
(307, 23526, '1992-04-03', 259),
(308, 21224, '1990-11-24', 190),
(309, 1976, '1990-01-05', 227),
(310, 24728, '2001-05-23', 321),
(311, NULL, NULL, NULL),
(312, 19636, '2017-04-12', 414),
(313, 20639, '2001-10-09', 218),
(314, 11009, '2013-03-28', 272),
(315, 16359, '2018-11-10', 186),
(316, 15283, '2011-01-06', 315),
(317, 16303, '1990-04-27', 254),
(318, NULL, NULL, NULL),
(319, 12282, '2015-08-27', 399),
(320, 9012, '1992-10-21', 402),
(321, 6712, '2011-07-12', 355),
(322, 10507, '1990-01-28', 144),
(323, 24486, '2016-08-09', 250),
(324, 18006, '2007-04-24', 18),
(325, NULL, NULL, NULL),
(326, 12702, '2002-09-15', 196),
(327, 23580, '2011-08-10', 8),
(328, 9469, '2008-10-13', 345),
(329, 14948, '1990-01-05', 295),
(330, 19385, '2000-01-16', 213),
(331, 22479, '1990-01-09', 68),
(332, 7829, '1990-01-04', 371),
(333, 2648, '2007-03-11', 346),
(334, 9131, '1993-01-25', 55),
(335, 14648, '1998-09-30', 366),
(336, NULL, NULL, NULL),
(337, 25951, '1992-09-08', 420),
(338, 20039, '2017-08-23', 290),
(339, 18532, '2009-08-08', 47),
(340, 18065, '2004-04-08', 380),
(341, NULL, NULL, NULL),
(342, 22186, '1990-10-12', 346),
(343, NULL, NULL, NULL),
(344, 22726, '1990-01-01', 439),
(345, NULL, NULL, NULL),
(346, 18450, '1990-01-28', 272),
(347, 3031, '2008-12-07', 83),
(348, 5486, '1992-09-01', 124),
(349, 3917, '1990-01-02', 441),
(350, 23751, '1994-12-26', 142),
(351, 17521, '2010-08-14', 370),
(352, 10702, '1990-09-26', 169),
(353, 9134, '2001-07-05', 284),
(354, 11124, '1990-01-08', 357),
(355, 12578, '1990-01-04', 161),
(356, 21805, '2000-09-12', 431),
(357, 25340, '1998-06-19', 14),
(358, 16622, '1991-12-10', 89),
(359, 16787, '1990-01-08', 325),
(360, 1666, '1990-01-10', 135),
(361, 5164, '2001-04-16', 61),
(362, 4540, '1994-01-28', 112),
(363, 15412, '1990-02-09', 214),
(364, 20721, '1992-08-08', 181),
(365, 9873, '2000-01-21', 342),
(366, 25728, '1990-02-28', 346),
(367, 15648, '1990-01-04', 125),
(368, 22780, '1994-10-12', 53),
(369, 16541, '2012-11-29', 61),
(370, 20751, '1992-05-04', 137),
(371, NULL, NULL, NULL),
(372, 25485, '2014-09-12', 312),
(373, 8041, '1990-02-05', 294),
(374, 22422, '2005-04-18', 93),
(375, 13280, '1998-07-22', 379),
(376, 21278, '1990-09-09', 407),
(377, 4841, '2017-05-26', 367),
(378, 20870, '1995-06-16', 278),
(379, NULL, NULL, NULL),
(380, 13283, '2010-01-18', 150),
(381, 4891, '2005-01-23', 390),
(382, 8731, '1997-02-04', 219),
(383, 6943, '2015-10-28', 355),
(384, 12140, '1994-11-14', 237),
(385, 13924, '1992-02-08', 14),
(386, 6633, '1990-01-02', 52),
(387, 9672, '2012-11-22', 376),
(388, 7333, '2002-03-29', 70),
(389, 10123, '1993-01-20', 195),
(390, 14614, '1994-02-16', 286),
(391, 25359, '1990-01-09', 418),
(392, 7152, '1990-01-04', 208),
(393, 6997, '2010-11-16', 31),
(394, 14599, '2009-03-04', 425),
(395, 21318, '2015-06-03', 253),
(396, 11667, '1990-01-06', 310),
(397, 2624, '1997-09-26', 164),
(398, 5607, '2005-07-04', 37),
(399, 20070, '1990-10-11', 28),
(400, 16269, '2001-10-15', 191),
(401, 9896, '1997-10-27', 98),
(402, 8271, '2008-06-28', 95),
(403, 14617, '2011-06-27', 38),
(404, 9187, '2013-02-19', 315),
(405, 18773, '2012-10-03', 132),
(406, 4005, '2004-03-12', 66),
(407, 12837, '2001-02-23', 428),
(408, 25899, '1990-04-03', 421),
(409, 23544, '1995-07-22', 61),
(410, 1429, '2018-02-06', 73),
(411, 24190, '1992-08-06', 223),
(412, 25592, '2010-07-05', 426),
(413, 17415, '1990-04-04', 283),
(414, 4781, '1997-11-29', 372),
(415, 11611, '2002-07-09', 349),
(416, 6928, '2009-05-11', 286),
(417, 17256, '2004-05-30', 420),
(418, 16035, '1990-08-11', 379),
(419, 14902, '1996-02-06', 204),
(420, 17789, '1999-07-07', 255),
(421, 5320, '2016-10-17', 371),
(422, 10554, '2001-03-17', 198),
(423, 25949, '2007-04-11', 186),
(424, 12452, '2005-11-09', 357),
(425, 25582, '2018-05-16', 272),
(426, 9928, '2003-06-09', 15),
(427, 5284, '1990-01-05', 63),
(428, 15488, '1990-02-04', 452),
(429, 13420, '2015-07-30', 122),
(430, 23362, '1991-02-10', 7),
(431, 16289, '2003-09-22', 396),
(432, 1513, '2015-06-04', 442),
(433, 12619, '2014-12-16', 5),
(434, 24035, '1990-09-15', 444),
(435, NULL, NULL, NULL),
(436, 22487, '2006-09-28', 42),
(437, 10763, '2008-01-28', 15),
(438, 18350, '2007-03-27', 238),
(439, 21774, '2007-03-02', 339),
(440, 10481, '1991-10-01', 84),
(441, 1470, '1994-03-23', 230),
(442, 17972, '2001-12-28', 141),
(443, 24637, '1994-10-04', 340),
(444, 22230, '2002-11-07', 33),
(445, 14721, '1990-03-06', 340),
(446, 11485, '1990-01-05', 61),
(447, 5263, '1991-03-27', 300),
(448, 14062, '1997-03-10', 291),
(449, 15075, '1995-02-03', 126),
(450, 2919, '1990-01-26', 95),
(451, 11481, '1990-01-10', NULL),
(452, 3055, '1998-07-18', NULL),
(453, NULL, NULL, NULL),
(454, 17945, '2016-09-17', NULL),
(455, 7070, '2007-05-17', NULL),
(456, 17452, '1996-12-15', NULL),
(457, 15575, '1993-04-05', NULL),
(458, 8758, '1990-01-05', NULL),
(459, 20964, '2000-08-04', NULL),
(460, 23686, '1991-10-20', NULL),
(461, 18357, '1995-04-19', 427),
(462, 10497, '2011-01-24', 424),
(463, 6802, '1999-08-05', 295),
(464, 5107, '1997-12-07', 399),
(465, 18133, '2015-11-02', 247),
(466, 12704, '1990-01-08', 285),
(467, 19099, '2019-11-23', 33),
(468, 25419, '1997-09-30', 389),
(469, 8687, '2003-05-19', 405),
(470, NULL, NULL, 340),
(471, NULL, NULL, 403),
(472, NULL, NULL, 120),
(473, NULL, NULL, 400),
(474, NULL, NULL, 200),
(475, NULL, NULL, 273),
(476, NULL, NULL, 223),
(477, NULL, NULL, 249),
(478, NULL, NULL, 37),
(479, NULL, NULL, 280),
(480, NULL, NULL, 37);

INSERT INTO pariente(id_par, nombre_par, parentesco_par, direccion_par, telefono_par, id_emp) VALUES
(1, 'Dia', 'Directa', 'Westenriederstraße 2a, 86186, Klein Labenz', '012317983', 32),
(2, 'Clarinda', 'Directa', 'Ohlmüllerstraße 50, 84115, Ahrenviöl', '262060149', 35),
(3, 'Abel', 'Directa', 'Pariser Straße 2, 55354, Güntersleben', '634642076', 20),
(4, 'Gale', 'Amistad', 'Stubenvollstraße 5b, 47263, Schernebeck', '074349923', 5),
(5, 'Mack', 'Empleado', 'Schwindstraße 6b, 29487, Breitenbrunn', '736684870', 21),
(6, 'Dovie', 'Empleado', 'Drachenseestraße 34d, 38176, Achslach', '422576257', 20),
(7, 'Lyndsay', 'Directa', 'Röntgenstraße 2, 18984, Bünde', '330725802', 30),
(8, 'Regan', 'Directa', 'Hotterstraße 1, 21660, Rheinbreitbach', NULL, 40),
(9, 'Felton', 'Directa', 'Gellertstraße 2b, 11541, Aach', '940979194', NULL),
(10, 'Jarrod', 'Directa', 'Kuglerstraße 1, 02041, Aarbergen', '572059128', 17),
(11, 'Damion', 'Directa', 'Rupprechtstraße 22, 95700, Großneundorf', '444145947', 24),
(12, 'Laverne', 'Directa', 'Marienplatz 1, 19710, Bremsdorf', '105913629', 23),
(13, 'Alesia', 'Empleado', 'Schnorrstraße 2d, 52392, Halver', '027773508', 7),
(14, 'Teddy', 'Amistad', 'Siegenburger Straße 3b, 87795, Zinndorf', '299376200', 38),
(15, 'Sergio', 'Directa', 'Lothringer Straße 16, 57782, Würschnitz', '742287438', 29),
(16, 'Theron', 'Directa', 'An der Hauptfeuerwache 8e, 58334, Wendisch Baggendorf', NULL, 8),
(17, 'Addie', 'Amistad', 'Hofenfelsstraße 1f, 69384, Roggow', '544537047', 35),
(18, 'Susie', 'Empleado', 'Wagmüllerstraße 2b, 14204, Geschendorf', '733459124', 4),
(19, 'Janita', NULL, 'Gustav-Freytag-Straße 3, 75951, Beilstein', '705671300', 20),
(20, 'Maribel', NULL, 'Adlzreiterstraße 1, 79146, Starsiedel', '636911190', 23);

INSERT INTO publicidad(id_pub, fecha_pub, costo_pub, id_inm, id_per) VALUES
(1, '2011-02-10', 661, 159, NULL),
(2, '1994-07-05', 1241, 594, 1),
(3, '1996-02-24', 1489, 184, 1),
(4, '1990-02-14', 1644, 495, 6),
(5, NULL, NULL, NULL, 8),
(6, '1996-05-31', 153, 527, 1),
(7, '2010-10-30', 251, 136, 9),
(8, NULL, NULL, NULL, 4),
(9, '2002-11-15', 1710, 583, 8),
(10, '2006-10-01', 218, 288, 8),
(11, '1990-08-07', 1833, 370, 8),
(12, '2018-03-26', 1319, 294, 1),
(13, '2013-05-31', 238, 295, 6),
(14, '2018-12-25', 1461, 406, 10),
(15, '2003-01-30', 358, 294, 8),
(16, '2003-02-18', 510, 63, 3),
(17, '2004-11-05', 962, 370, 2),
(18, '2012-10-31', 291, 266, 8),
(19, '2011-08-31', 897, 49, 3),
(20, '2000-11-25', 329, 112, 4),
(21, '2002-06-12', 1727, 502, 6),
(22, '2019-05-03', 1532, 557, 1),
(23, '2013-05-17', 1562, 45, 7),
(24, '1996-12-03', 808, 47, 10),
(25, '1990-01-09', 1525, 105, 4),
(26, '2017-05-12', 157, 243, 3),
(27, '2012-11-18', 404, 109, 8),
(28, NULL, NULL, NULL, 4),
(29, '2007-10-27', 1299, 374, 7),
(30, '2002-05-27', 277, 462, 7),
(31, NULL, NULL, NULL, 5),
(32, '2005-12-12', 1718, 587, 3),
(33, NULL, NULL, NULL, 7),
(34, '1996-11-20', 340, 252, 8),
(35, '2002-02-28', 1145, 234, 7),
(36, '2015-10-27', 1776, 518, 5),
(37, '2005-02-19', 1722, 184, 10),
(38, '1990-02-22', 900, 162, 6),
(39, '1990-07-18', 196, 10, 5),
(40, '1993-03-18', 532, 212, 7),
(41, '2008-11-14', 1398, 321, 10),
(42, '2017-02-08', 559, 291, 10),
(43, '2004-09-05', 1082, 231, 10),
(44, '1998-06-27', 844, 232, 1),
(45, '2000-05-20', 1434, 360, 3),
(46, '2012-08-15', 904, 370, 6),
(47, '2003-08-24', 637, 507, 8),
(48, '1990-04-08', 841, 341, 8),
(49, '2000-05-21', 1743, 232, 3),
(50, NULL, NULL, NULL, 6),
(51, '1993-07-31', 859, 21, 10),
(52, '2005-06-22', 1145, 415, 6),
(53, NULL, NULL, NULL, 9),
(54, '2008-09-10', 1951, 548, 9),
(55, '1990-11-14', 823, 47, 10),
(56, NULL, NULL, NULL, 3),
(57, '1992-05-09', 239, 50, 2),
(58, NULL, NULL, NULL, 1),
(59, '2007-03-07', 738, 333, 7),
(60, '2013-05-11', 704, NULL, 2),
(61, '2003-09-17', 653, 247, 9),
(62, '2014-11-19', 1773, 532, 5),
(63, '1992-07-08', 1023, 158, 6),
(64, '2015-04-04', 1296, 456, 10),
(65, '2012-08-10', 1354, 554, 2),
(66, '1990-02-24', 1614, 150, 6),
(67, '1999-10-28', 1633, 496, 3),
(68, '1990-02-10', 242, 582, 3),
(69, '2008-02-22', 1897, 29, 7),
(70, '1990-01-08', 670, 188, 1),
(71, '2013-01-15', 779, 490, 5),
(72, '1991-08-22', 1126, 415, 1),
(73, '2005-11-24', 1743, 103, 4),
(74, '1990-11-29', 1784, 474, 8),
(75, '2010-11-06', 711, 19, 5),
(76, '2005-05-13', 110, 427, 5),
(77, '2014-02-20', 571, 244, 9),
(78, '2005-07-04', 657, 278, 7),
(79, '1996-11-05', 1412, 123, 5),
(80, '1994-12-09', 1472, NULL, 7),
(81, '2003-12-27', 878, 395, 4),
(82, '2010-05-03', 152, 82, 7),
(83, '1990-09-27', 1868, NULL, 4),
(84, '1990-03-16', 1750, 5, 9),
(85, '1992-10-20', 1161, 587, 10),
(86, '1996-08-02', 263, 93, 8),
(87, '1998-10-02', 1559, 600, 3),
(88, '1994-03-15', 152, 121, 10),
(89, '1991-09-28', 471, 337, 1),
(90, '1990-01-02', 670, NULL, 5);

INSERT INTO visitas(id_inm, id_cli, fecha_vis, comentario_vis) VALUES
(147, 50, '1990-01-01', NULL),
(600, 27, '2002-08-15', NULL),
(208, 80, '2019-01-01', NULL),
(148, 57, '1996-10-05', NULL),
(67, 63, '2015-08-31', 'Nostrum consequatur tempore. Perspiciatis dolor ullam. Nesciunt doloribus ab! Natus iure omnis. Asperiores sit dolorem. Necessitatibus quia minus. Dolor praesentium provident! Labore delectus dolorem.'),
(408, 21, '1992-02-19', NULL),
(209, 33, '2018-09-30', NULL),
(7, 64, '1999-01-16', 'Corrupti facere enim. Et aut maiores.\r\nEarum rerum nesciunt; nihil eos est? Est molestias corporis! Atque quod maxime. Aut sit deserunt; ut aut sit. Aut enim quidem! Illo blanditiis similique.'),
(298, 66, '1990-01-03', 'Vel neque perspiciatis. Inventore natus sed.\r\nRatione ducimus eius. Voluptatibus enim sed. Deleniti unde quisquam! Obcaecati molestias quia. Delectus assumenda rerum. Temporibus rerum non. Doloremque.'),
(68, 71, '2013-12-14', 'Autem minima est autem dicta id nihil totam unde aut. Omnis quia sint possimus omnis et ullam dolorem aut et.'),
(469, 62, '1990-04-03', NULL),
(409, 14, '1999-06-16', NULL),
(470, 54, '2002-03-19', NULL),
(359, 23, '2005-11-27', 'Assumenda nihil officiis; aut deserunt qui. Dolores nisi pariatur.\r\nOdit inventore debitis. Voluptas molestiae sapiente. Cumque ab voluptas. Sequi aliquam perferendis. Voluptatibus et animi. Animi ut.'),
(8, 27, '2017-03-30', NULL),
(69, NULL, '1996-03-05', NULL),
(149, 70, '2007-07-19', 'Est molestias ut. Eaque quaerat velit. Minima corporis quis. Numquam quaerat et! Neque sapiente blanditiis. Deleniti magni modi. Consequuntur veritatis error.\r\nDolor delectus repellat. Ut aut magnam.'),
(9, 52, '1990-01-03', NULL),
(210, 42, '1991-07-16', 'Tenetur sed ipsa. Tempore voluptas autem? Dolorem natus nesciunt. Aliquid aut modi; aut omnis aut. Dicta magni et.\r\nPorro assumenda harum. Dolor deleniti voluptatem. Tenetur harum error. Est saepe.'),
(150, 40, '1991-07-16', NULL),
(410, 33, '2004-06-15', NULL),
(516, 13, '1997-07-13', 'Animi rerum asperiores eos eligendi ad quisquam.\r\nSuscipit ab voluptatem; autem eum in. Fugit reprehenderit et. Nisi deleniti voluptatem; qui ad ratione. Vel iste quaerat.'),
(574, NULL, '1990-04-10', 'Et accusantium voluptatem. Voluptatem accusantium cupiditate? Velit et eos. Odio quis nostrum. Laudantium omnis molestiae. Fugiat impedit placeat. Consequatur nisi voluptas. Dolorum adipisci labore.\r\n'),
(70, 49, '2001-04-03', 'Reiciendis eaque dolorem. Quasi voluptatem sapiente! Voluptatem qui voluptatum. Ipsa perspiciatis eveniet! Perspiciatis temporibus nihil. Architecto aut est! Laboriosam vitae consequatur. Veritatis.\r\n'),
(471, 36, '2019-12-30', NULL),
(517, 48, '1990-02-14', NULL),
(411, 12, '1990-01-05', 'Id quod ut. Sunt optio mollitia. Rem ut recusandae. Voluptatem maxime maiores! Sed et fugit; quia vitae unde. Repellendus optio eos. Quos quae obcaecati? Velit vitae molestias!'),
(211, 48, '2014-08-28', NULL),
(10, 55, '1999-05-23', NULL),
(71, 16, '1992-08-07', NULL),
(575, 85, '2015-09-24', 'Est quae sunt qui; natus ea unde ullam; explicabo veniam molestias maiores fuga. Qui accusantium explicabo deserunt saepe voluptatem ullam illum. Laudantium voluptatum tempora! Nemo eum aut.'),
(151, 76, '1990-01-01', 'Ut et omnis. Quo voluptatibus dolorem; modi amet atque. Voluptas corporis sed.\r\nVoluptatem distinctio deserunt. Odit sed et! Veritatis obcaecati at. Et ducimus omnis! Est numquam ut. Repellendus...\r\n'),
(518, 89, '2000-07-09', NULL),
(11, 18, '2019-07-19', 'Quam repellat ut. Aperiam beatae aut. Ullam iste accusantium. Non facilis consectetur. Fuga omnis architecto. Perspiciatis harum natus; totam tempora sed. Magni repellat rem! Sit sunt harum.\r\n'),
(472, 46, '2010-06-10', 'Voluptatem et quibusdam repellendus voluptas dolorum dolorem ipsum. Iure quis eos quos aperiam et amet...\r\nOdio praesentium consequatur ad totam reiciendis ut dolorem fuga. Nisi voluptates reiciendis?'),
(212, 56, '2016-06-20', 'Rerum id ipsa velit. Ipsum dolore ut aut. Voluptatum quia nemo nesciunt qui neque voluptatem qui voluptas! Recusandae voluptatem non sequi unde quaerat voluptatem sed.'),
(72, 71, '2003-03-26', 'Omnis at aut. Similique nostrum et. Sit consequuntur vero. Natus commodi vel. Delectus ipsam dolor. Distinctio corporis impedit. Totam quo omnis. Et quaerat voluptate. Nulla esse porro? Vel aliquid aut...'),
(152, 55, '1999-11-12', 'Error tenetur nemo. Quidem laudantium quis. Qui autem nesciunt. Consequatur quo est. Ratione voluptas similique.\r\nCum omnis totam. Sit unde velit. Ea qui est. Blanditiis voluptatum corporis. Nihil.\r\n'),
(299, 82, '2017-02-08', NULL),
(360, 27, '2000-11-19', 'Rem sit asperiores assumenda quibusdam, id sit aut eos at.\r\nUt tempora sint optio autem aut excepturi at voluptatem temporibus.'),
(412, 72, '2008-03-18', NULL),
(300, 32, '2017-04-16', 'Voluptatem in soluta; non voluptatibus mollitia; dolor quasi et. Rerum vitae dolorum.\r\nTenetur iste soluta. Aspernatur omnis distinctio. Iure ad fugit! Architecto blanditiis delectus. Quae rerum.\r\n'),
(473, 7, '1994-06-24', NULL),
(576, 74, '2002-10-03', NULL),
(519, 90, '1991-04-02', NULL),
(361, 69, '1990-01-04', NULL),
(301, 41, '1996-09-11', 'Sit adipisci dolores. Sit perspiciatis consequuntur. Debitis similique et. Corrupti at quidem. Omnis qui accusamus. Nesciunt sed et. Maiores officiis voluptatem!\r\nSuscipit ut est. Distinctio repellat!\r\n'),
(12, 83, '1990-03-27', NULL),
(577, NULL, '1990-03-27', NULL),
(213, 17, '2015-08-18', 'Et porro vel veritatis architecto enim sint ut. Quibusdam perspiciatis dolorem est ad in qui et natus. Excepturi ut inventore? Voluptatem quam quisquam. Laborum labore sint...'),
(153, NULL, '2007-08-21', NULL),
(362, 91, '1990-06-25', NULL),
(413, 25, '1992-06-06', NULL),
(474, 49, '2004-11-07', 'Non ut accusamus ratione nemo accusamus reprehenderit corporis repellat atque.'),
(414, 74, '2018-11-28', 'Aliquid soluta nemo.\r\nQui et provident. Autem quasi omnis. Saepe temporibus suscipit. Error dolorem molestias. Sint et beatae. Quasi iure est. Est qui possimus.\r\nPerspiciatis sed voluptatem. Debitis?'),
(73, 32, '2007-09-30', NULL),
(214, NULL, '1990-06-25', 'Aspernatur deserunt ad. Optio illo minima. Id hic recusandae. Incidunt sequi dolorem! Iusto accusamus qui. Qui ea aliquam.\r\nSaepe veritatis hic; et sit excepturi. Rerum modi enim. Et possimus ut.\r\n'),
(13, 19, '2012-08-06', 'Obcaecati voluptatum aut. Ullam pariatur sunt. Magni error est. Doloribus et dolor. Aliquid iusto sed. Eius dolorum numquam! Porro ipsam commodi. Est natus error. Tempore explicabo sint. Non ut beatae.'),
(302, 46, '2010-08-04', 'Velit sint id. Iste corporis earum. Minus itaque qui.\r\nEt velit quasi. Accusamus dolores sed; commodi consequatur molestias? Iste cumque rerum. Voluptas error voluptatum.\r\nIllum quibusdam dignissimos.'),
(475, 4, '1997-04-09', NULL),
(363, 77, '2005-09-14', NULL),
(415, 60, '2000-04-29', NULL),
(154, 17, '1990-01-30', 'Ex repellendus quia. Aut aliquam fugiat. Numquam error voluptas? Dolor ab suscipit! Magnam expedita aspernatur. Provident labore nostrum. Provident quas unde; earum totam dolorem. Distinctio nemo ipsa;\r\n'),
(74, 69, '2006-04-15', NULL),
(303, 96, '1994-08-06', NULL),
(14, 9, '1991-07-17', NULL),
(476, 49, '1995-09-28', NULL),
(215, 53, '1990-12-09', 'Velit quia voluptate; sunt voluptatem ipsa; sit non magni. Quae voluptatem est? Qui id minus. Ut consequatur necessitatibus. Accusamus ea eum. Voluptates sit enim. Qui laboriosam tempora! Iste sed.\r\n'),
(155, 98, '1998-07-16', 'Accusantium facere ad. Necessitatibus aspernatur repellendus; unde assumenda explicabo. Omnis dolor sed.\r\nVeniam sit enim. In vitae qui! Facilis sed laudantium. Earum odio accusamus. Ab aut.\r\n'),
(416, 45, '2013-01-19', NULL),
(75, 50, '1990-09-29', NULL),
(520, NULL, '1992-12-02', NULL),
(243, NULL, '2016-12-20', 'Hic consequatur sequi. Enim eveniet pariatur? Ut fugit voluptates! Unde quia officia. Veritatis rem repudiandae; sit natus vitae. Magni voluptatem minima. Eos rerum vel? Doloremque dolor.\r\n'),
(477, 31, '2001-06-13', 'Nam suscipit at. Dolor totam fugit. Ut nostrum quos; doloribus blanditiis voluptatem. Perspiciatis quam qui. Rerum error ut. Nesciunt ea est; vero architecto molestias. Eum error harum.'),
(417, 66, '1996-04-20', 'Est sint officia. Debitis ut sed? Autem iusto voluptas. Velit et autem; quia consequatur hic.\r\nPerspiciatis magni delectus. Laborum neque sed. Id fugiat neque. Quas soluta omnis. Dolores odit ducimus?'),
(15, NULL, '2019-08-18', 'Ad tempore porro aspernatur...\r\nEt voluptate voluptatem rerum. Aut repudiandae et unde dolor earum et a numquam tempore.'),
(76, 70, '2004-04-26', NULL),
(578, 85, '1991-08-29', 'Ut libero ab. Ratione perspiciatis vitae. Unde nisi quas. Nesciunt nemo praesentium!\r\nSit debitis minus. Non voluptatum qui. Voluptas voluptatem quasi. Blanditiis aliquid non? Et unde veritatis; enim.\r\n'),
(16, 59, '2004-06-15', NULL),
(216, 27, '2016-03-02', 'Repudiandae delectus sunt omnis. Qui sint commodi; cupiditate aut deserunt illo minima; omnis vitae facilis; alias est ratione similique omnis quas quaerat corporis. Sunt quaerat possimus? Qui vel velit...'),
(156, 14, '2010-09-29', 'Molestias ratione est. Et sunt necessitatibus. Ut accusamus nihil. Non iste ab.\r\nNumquam beatae non. Libero nihil accusantium. Vel nesciunt illo. Quis eligendi vero! Recusandae maxime ut.'),
(478, 42, '1995-11-25', NULL),
(304, 36, '1990-04-10', 'Ipsam tenetur eveniet voluptatem; ut error dolorem corporis sed omnis sit incidunt. Dolor tempora inventore! Ut est eligendi.\r\nUt assumenda culpa. Hic nobis doloribus.\r\nEarum esse voluptate.'),
(418, 9, '1990-01-03', NULL),
(479, 10, '1991-10-03', NULL),
(244, 41, '1990-03-24', NULL),
(419, 61, '1990-01-02', NULL),
(217, 45, '2006-06-19', NULL),
(305, 72, '1990-03-12', 'Eveniet soluta et perspiciatis consequuntur recusandae.\r\nPossimus ut voluptates fugiat unde, ab ut autem quos corrupti. Facere blanditiis tempora dolorem unde voluptas cumque. Sint soluta aut.'),
(245, 6, '1996-09-02', 'Aut aliquid sit.\r\nAnimi ipsum error eveniet pariatur recusandae. Quia modi tempora dolores. Sequi numquam et voluptate quisquam id ad, earum explicabo qui.'),
(521, 63, '2000-11-02', NULL),
(579, 95, '2012-01-01', 'Inventore aut cupiditate. Vitae similique vel; vel est eius. Et quidem exercitationem. Totam unde suscipit. Voluptatem vel eum. Doloremque natus enim? Aut voluptatibus qui. Sed quae ex. Aperiam.\r\n'),
(522, 26, '2005-03-07', NULL),
(480, 81, '1990-01-25', 'Consequatur omnis eveniet. Velit recusandae ut. Amet natus quis.\r\nSed quos odit. Eaque aliquam provident; voluptas repellendus et; ratione dolor dolorum. Ab nostrum veniam. Et eos eligendi. Consectetur?'),
(77, 2, '2005-06-30', NULL),
(580, 8, '2002-11-03', NULL),
(17, 40, '1997-09-24', NULL),
(420, 92, '1990-11-12', NULL),
(306, NULL, '2015-02-14', NULL),
(481, NULL, '2011-05-04', 'Similique error exercitationem obcaecati magni quas iusto. Illum soluta dicta autem rerum culpa commodi! Non explicabo autem ut asperiores. Excepturi accusamus earum vitae et sit.'),
(421, 15, '1990-01-05', NULL),
(78, 65, '2018-02-26', NULL),
(523, 84, '1990-01-07', 'Enim aut exercitationem. Nostrum et vel dolor? Ea aliquid est sunt quos dolores non. Eligendi voluptas quae ut et vero reprehenderit; a eum veniam. Est sit est...'),
(157, 81, '1990-10-10', 'Eum ratione ex officiis sit quidem ut voluptates corrupti.\r\nMaxime alias et suscipit. Voluptatem repellendus illum ipsum omnis. Pariatur veritatis eos quia et, natus aliquid molestiae dolorem adipisci...'),
(218, 10, '1991-01-09', NULL),
(246, 84, '2008-12-09', NULL),
(581, 14, '1990-01-07', NULL),
(524, 72, '1996-03-07', 'Nesciunt unde a ipsam sed eveniet numquam. Tenetur earum officia tenetur cupiditate perspiciatis. Sequi id et sed ipsa doloribus vero laboriosam omnis sit...'),
(18, 28, '1990-07-14', NULL),
(307, 62, '1990-01-08', 'Quos labore autem. Sit omnis est. Voluptatem veniam perspiciatis. Soluta ipsa eveniet. Beatae distinctio dolorem...\r\nSaepe facere beatae; ad qui nobis; esse corporis optio? Iste atque voluptates; tenetur.'),
(582, 9, '2010-07-04', 'Aut sint ea totam sed in iusto autem sunt distinctio.'),
(247, 40, '1999-06-14', NULL),
(525, 74, '1990-07-21', 'Architecto et odio. Libero sequi inventore. Qui excepturi quo!\r\nTotam omnis corporis. Laudantium id vel! Quia molestiae magni. Quo consequuntur laudantium. Nobis odio voluptatem. Ipsum molestias quis.\r\n'),
(158, 2, '2000-05-15', 'Quo omnis id eum unde vitae. Eligendi blanditiis nostrum id omnis voluptas. Et sequi cum. Mollitia dolorem et! Unde esse sunt. Vel quis est. Quia dicta deserunt.'),
(308, 76, '2009-08-08', NULL),
(583, 13, '2013-08-10', NULL),
(219, 62, '1990-01-04', NULL),
(248, 25, '1992-06-17', 'Et dicta voluptates. Nam minima error. Minima sed laudantium? Minima omnis explicabo! Assumenda qui cumque. Consequuntur in est. Repellendus consequuntur delectus? Ut dicta autem. Et non dolorem.\r\nDicta.'),
(159, 26, '1999-07-24', NULL),
(526, 50, '2012-02-06', 'Voluptas perspiciatis ut. Aut ab consequuntur aut quibusdam velit ut.\r\nSed dolor asperiores. Dolor blanditiis delectus. Repellendus voluptatem et distinctio velit eligendi nostrum assumenda sit.'),
(220, 53, '2010-11-24', 'Eius et animi. Ipsum magnam incidunt.\r\nDignissimos excepturi temporibus. Sed error sequi. Hic voluptatibus laborum! Autem dolore consectetur. Unde cumque quam. Qui dolorum iste. Alias excepturi adipisci;'),
(309, 70, '1990-03-06', 'Repudiandae voluptates omnis. A unde ullam. Corporis ut dolor. Cumque iste vel. Ut nisi at. Nisi dicta nam. Et odio qui.\r\nNulla optio reiciendis. Error necessitatibus vitae. Exercitationem dolores.'),
(584, 49, '1990-02-02', NULL),
(482, 62, '2002-04-10', NULL),
(422, 12, '1990-10-12', NULL),
(79, 72, '1991-12-26', 'Labore dicta delectus, nulla enim id non quaerat sint natus.'),
(527, 84, '2012-11-26', NULL),
(483, 35, '1990-01-01', NULL),
(423, 95, '1996-11-08', NULL),
(585, 57, '1990-03-09', 'Beatae culpa necessitatibus unde in quaerat quibusdam velit sed. Voluptatem sit magni. Omnis et laudantium! Qui aperiam est. Quae consectetur quo. Fugiat quia aspernatur. Assumenda nobis et! Culpa ex.'),
(528, 76, '1990-01-04', NULL),
(249, 23, '2003-12-11', NULL),
(310, 44, '2014-03-08', 'Voluptas ea voluptatem; sed illum sed. Esse omnis sed! Ipsam quod veniam. Nobis saepe error. Animi quia ut! Aliquid nesciunt sapiente? Ut error omnis; natus consequatur illo.\r\nQuam culpa dolor. Ipsam!\r\n'),
(250, 16, '1996-07-23', 'At ipsum et voluptas unde iste. Labore quia velit illum enim adipisci illum accusantium sed! Necessitatibus molestiae ex. Quam placeat sit. At odio aperiam! Ipsum quasi odio? Qui sit sunt.'),
(311, 25, '1991-12-23', NULL),
(19, 28, '2001-07-22', 'Temporibus ut voluptatibus. Dolorem iste alias...\r\nMolestiae ipsam ut. Minima unde error. Veritatis sint illo; nesciunt eaque consequatur. Iste quos pariatur! Sit facere voluptas. Non necessitatibus.\r\n'),
(586, 40, '2006-08-06', NULL),
(160, 70, '2001-08-09', NULL),
(251, 65, '1990-02-05', NULL),
(80, 26, '2011-03-23', NULL),
(484, 95, '2019-08-25', NULL),
(529, 26, '2019-04-10', NULL),
(20, 74, '2019-05-12', NULL),
(81, 36, '1990-03-29', 'Cum et maiores. Facere perspiciatis est accusamus tempora et sed debitis repudiandae nesciunt! Nemo enim quae omnis accusamus est. Et est harum. Voluptas earum error.'),
(424, 47, '2015-06-29', 'Qui dolores pariatur. Eum iste voluptatem. Quaerat sunt aut; nihil perspiciatis voluptatibus. Nihil iste quia. Perferendis saepe ut. Blanditiis repellendus sunt; sed aliquid omnis. Optio voluptatem!\r\n'),
(312, 76, '2002-01-28', NULL),
(587, 94, '2002-03-27', 'Rem obcaecati minima. Nemo eveniet omnis. Ut modi nostrum. Enim et architecto.\r\nAut corrupti voluptatem. Quos non itaque. Quos porro aut; in error dolorem. Id enim unde; qui est voluptates.'),
(364, 37, '1990-01-09', 'Omnis eaque quos impedit non itaque autem pariatur, et quidem.'),
(221, 35, '2013-12-10', NULL),
(21, 46, '1990-06-24', 'Consequatur voluptatum nobis. Et earum quia. Sit officiis cumque vel sed perferendis autem harum id? Ex sint veniam voluptatibus et.'),
(252, 14, '1990-03-28', NULL),
(313, 41, '2003-10-05', 'Enim velit culpa sit et saepe corrupti natus vitae. Autem corrupti velit aliquam natus quia. Aperiam ad consequatur...\r\nConsequuntur quia et. Aut accusamus eaque.\r\nDolorem nostrum eveniet.'),
(161, 72, '1990-01-10', NULL),
(253, 25, '1992-05-24', NULL),
(222, 46, '1992-12-25', NULL),
(162, 4, '2012-03-31', 'Sit at neque.\r\nConsequatur quaerat est. Cupiditate magnam aut! Natus qui natus. Ut error adipisci; est commodi consequuntur. Non ex aut. Ullam est veniam. Quia doloremque aspernatur.'),
(223, 61, '2006-06-30', 'Iure blanditiis porro. Et vel alias. Consequuntur qui tenetur; non doloremque error. Fugiat nesciunt placeat. Aut mollitia consectetur. Minima esse sit! Laboriosam vel libero. Non voluptates ab!\r\n'),
(82, 10, '2010-11-04', 'Iusto sequi dignissimos. Velit nam id! Voluptatem aspernatur ea. Velit perferendis unde? Et error placeat.\r\nQui et earum. Aut necessitatibus sapiente. Saepe corrupti doloribus! Quasi blanditiis et.\r\n'),
(314, 62, '1991-05-14', NULL),
(22, 49, '2015-12-21', NULL),
(254, 95, '2011-12-15', 'Id et explicabo molestias, ipsa nemo at ex voluptate consequatur. Enim amet impedit et beatae ut harum reiciendis non vel!'),
(163, 66, '2011-12-10', 'Autem dolores nobis. Vitae natus veniam? Nam accusamus dignissimos. Unde non sunt! Aspernatur aut et.\r\nIn minus ut; sit qui maiores. Et deleniti optio. Perspiciatis voluptatem fuga. Magnam facere;'),
(83, 91, '2010-07-17', 'Consequuntur unde ab. Ut voluptate vitae. Sunt aut unde. Aut consectetur sed; debitis autem illo? Adipisci quo perspiciatis; aut iure quam.\r\nMinima tenetur ducimus. Nulla atque ipsam.'),
(224, 36, '1996-07-29', NULL),
(315, 21, '2013-05-04', 'Nesciunt dolorem distinctio. Voluptas et culpa! Ut molestiae repellat; omnis et sunt. Harum qui nisi. Et ipsum ipsa? Tempore voluptatum esse. Libero qui sit.\r\nQuis officiis asperiores. Reprehenderit?\r\n'),
(255, 6, '2000-06-06', 'Ea natus perspiciatis recusandae natus accusantium odio. Libero qui adipisci. Odit est maxime nesciunt porro aspernatur!\r\nCupiditate labore dolorem. Voluptatum aspernatur enim. Nostrum alias sit.'),
(23, 2, '2006-11-12', NULL),
(316, 98, '1991-05-10', NULL),
(425, 12, '1997-06-21', NULL),
(164, 72, '2015-07-14', NULL),
(530, 43, '2019-06-18', NULL),
(84, 64, '2010-04-07', 'Quisquam expedita esse. Error sit qui. Unde hic iste. Repellendus magnam minima! Tenetur necessitatibus aspernatur. Omnis nisi impedit! Eius aspernatur sunt.\r\nDelectus debitis natus. Est reprehenderit?\r\n'),
(24, 13, '1990-01-04', NULL),
(85, 49, '1990-03-03', NULL),
(225, 52, '1994-07-02', NULL),
(256, 80, '1990-01-06', 'Voluptatum officiis illum. Exercitationem ut sequi. Nesciunt eius dolorem? Ut doloribus eum! Suscipit facilis et; voluptates optio expedita. Dolor nisi a. Et qui dicta. Autem natus omnis.\r\nRerum vitae.\r\n'),
(165, 83, '1990-02-23', NULL),
(588, 81, '2006-04-08', NULL),
(25, 81, '1990-01-29', 'Asperiores unde reiciendis mollitia neque praesentium unde et quo qui.'),
(226, 23, '2019-12-16', 'Soluta non iste. Ut suscipit rerum. Et ea placeat! Omnis quia enim. Porro corrupti ullam. Hic facere expedita; et quibusdam aliquam? Voluptatem dolorem animi. Quas impedit dolor. Cumque eveniet est!'),
(86, 70, '2014-05-10', NULL),
(166, 13, '2010-06-24', 'Ipsa neque sunt et. Molestiae dolore sequi doloremque odio eum! Qui numquam vitae veritatis rerum, veniam voluptates possimus aut natus...'),
(227, 8, '2018-08-05', NULL),
(317, 17, '2017-12-23', NULL),
(167, 80, '2009-01-23', 'Et ut nemo. Quaerat vitae iste. Error inventore unde; assumenda quia quisquam. Quaerat corporis ut! Voluptatem ut accusamus. Nihil temporibus obcaecati.\r\nEligendi a sit. Quae modi eum! Consectetur est.'),
(257, 18, '2003-05-18', NULL),
(26, 64, '1992-07-11', 'Similique eos ut; veniam soluta dolorum. Autem ea hic; sit libero voluptate. Consequatur aut reprehenderit! Alias iste dolor. Voluptas voluptatem doloribus. Omnis accusantium voluptatem. Et libero.\r\n'),
(531, 80, '2009-10-03', NULL),
(87, 41, '2002-08-02', NULL),
(27, 17, '2012-12-22', NULL),
(589, 4, '1990-01-07', 'Voluptates odio error est ad nisi et cumque dolor perspiciatis.\r\nEa natus dignissimos. Voluptatem velit quod. Quidem itaque illo. Aut magni aperiam! Inventore doloribus at.'),
(365, 56, '1999-03-16', 'Enim ad dolor; ratione voluptatum eos. Eos vel sed? Eum inventore sed! Voluptatem dolor ut. Omnis placeat velit.\r\nAd accusantium ut. Possimus officiis et; distinctio error sit. Commodi veritatis dolorem.'),
(426, 54, '2002-08-05', 'Qui error ut debitis quia distinctio laudantium iste iusto nihil; doloremque error dolorem odio animi laudantium voluptatem aut ullam voluptatem.'),
(228, 44, '2010-07-15', 'Aperiam distinctio natus. Impedit et nulla; nesciunt qui enim. Aut voluptas quod. Perspiciatis amet ut. Consequatur sequi dolor. Labore magnam est. Et nostrum deleniti. Qui omnis corporis!'),
(318, 21, '1990-02-06', 'Quas voluptates quod inventore aut nam ipsum nam aut quia. Ipsa nisi quo corrupti ut qui voluptatem omnis sed voluptates.'),
(168, 76, '2013-01-02', 'Sit voluptas iusto. Laboriosam sit repudiandae; magnam qui error. Molestiae vitae veniam. Quisquam corporis modi! Quo ullam ut.\r\nHarum veritatis sunt. Hic ut dolorem. Sit quia debitis. Harum iste.\r\n'),
(366, 95, '2005-10-06', 'Voluptatem incidunt sit.\r\nRerum dolorem illum. Sequi assumenda fugit.\r\nAut numquam ut. Aut est qui. Dolores autem nam. Cum dolorem perspiciatis! Labore incidunt tempora. Corrupti officia eum! Numquam.'),
(532, 62, '1993-03-02', NULL),
(258, 37, '1990-01-02', 'Quia unde soluta. Molestiae et asperiores! Voluptas molestiae nobis.\r\nError dicta quibusdam. Sunt voluptatem quia! Quaerat et rem. Molestias ea velit. Cumque consequatur soluta. Optio ea unde! Iste amet?'),
(88, 78, '2005-05-08', NULL),
(319, 94, '1995-03-02', 'Est fuga totam; error beatae deserunt.\r\nVitae dolorem qui. Voluptatem est aliquam! Ex neque labore. Hic velit sit! Aut reprehenderit cum. Et ipsam et. Labore et sequi. Laborum error magnam. Nihil.'),
(259, 52, '1990-05-29', 'Est id laborum. Nihil laborum totam. Vitae voluptas saepe. Porro dolorum ipsam! Non consectetur dolorem. Et unde expedita. Illum et temporibus.\r\nNumquam quia et. Quis illum quisquam. Reprehenderit omnis.'),
(590, 12, '2014-12-28', NULL),
(28, 41, '2002-04-26', NULL),
(229, 51, '2002-05-04', NULL),
(169, 61, '2005-01-27', 'Commodi dolorum suscipit; nihil doloribus ut. Dolore deserunt animi. Reprehenderit qui ut. Repellendus et quasi; molestias ut sed? Similique illum beatae! Ab doloremque aut. Tempore commodi nihil!\r\n'),
(320, 70, '2016-03-26', NULL),
(89, 48, '2003-10-11', NULL),
(29, 82, '1990-01-03', 'Blanditiis cum harum. Commodi qui esse. Ex voluptatibus excepturi. Sit error qui. Accusantium sint aliquam? Obcaecati quaerat ea. Eligendi ut fuga! Aspernatur nostrum animi. Laboriosam quia ducimus.\r\n'),
(533, 44, '2003-12-28', 'Rerum reiciendis unde velit. Suscipit nam nulla corporis illo. Incidunt id molestiae cum possimus reiciendis tempore. Qui et omnis! Sed sunt iure. Natus eum sint.'),
(90, 52, '2006-11-17', NULL),
(230, 96, '2004-03-15', 'Molestiae ut quo; sequi molestiae dicta; unde dignissimos dolores. Eos officiis cum. Velit rem unde! Consequatur error perspiciatis. Aliquid doloremque nesciunt!\r\nProvident commodi eos. Reprehenderit?'),
(30, 15, '1990-01-08', 'Quas voluptas quisquam veniam aut qui minus.\r\nReiciendis maxime veniam enim beatae, ratione aut deleniti perferendis dolores. Magni reprehenderit dicta! Fuga in suscipit. Quam sit non.'),
(91, 30, '2015-04-05', NULL),
(591, 68, '2013-06-25', NULL),
(170, 11, '1991-10-04', 'Nemo commodi expedita non natus enim. Similique nihil consequatur nobis rerum accusamus aut quisquam ut. Dolor vel earum velit error est. Magni velit iste quisquam vero eum!'),
(534, 26, '2016-12-01', NULL),
(427, 76, '2005-11-24', 'Ipsum nemo quia vitae voluptatem iste recusandae quibusdam. Et unde culpa voluptate aliquid est; ullam quae debitis non corrupti. Est illum ut unde sit voluptate perspiciatis dolore ex nihil! Quia odio.'),
(592, 21, '2008-05-30', 'Iste earum id. Blanditiis sequi error. Perspiciatis qui impedit. Vel aut id! Porro earum rem; est ad minus. Eos quibusdam cumque! Voluptas reprehenderit eaque. Tempora dolores ut; ducimus beatae.'),
(31, 57, '1990-01-10', NULL),
(231, 58, '1995-05-06', NULL),
(92, 82, '1990-01-31', 'Nesciunt molestias unde. Rerum cumque ducimus. Consectetur dicta unde.\r\nSed aspernatur est. Officia hic similique! Provident est ea. Nihil sit amet! Tempore sit enim; delectus necessitatibus dolores.\r\n'),
(260, 32, '2012-10-25', NULL),
(367, 32, '2004-04-23', 'Repellat ducimus est sint et veniam aut natus omnis natus. Voluptatem vel nihil; et totam ad. Dolor voluptates ducimus; error incidunt dolorem. Doloribus doloremque est?'),
(171, 76, '1991-06-10', NULL),
(32, 91, '1997-03-04', NULL),
(321, 20, '1993-05-05', NULL),
(428, 77, '2001-02-07', 'Aut voluptatibus dolore. Ea voluptatem molestias; omnis suscipit nostrum. Vitae nisi nihil. Fugiat ab qui! Dolor et asperiores? Et ut esse! Voluptas ut est; dolorum nulla voluptatem. Et ut corporis.'),
(368, 97, '2013-05-04', NULL),
(93, 89, '2019-12-09', 'Dolorum quia ea. Qui accusamus qui! Dolorem excepturi iusto; autem necessitatibus omnis. Sed et magnam. Minima iste error! Unde accusamus aspernatur. Soluta voluptatibus laboriosam.\r\nVoluptates neque.\r\n'),
(535, 10, '2006-05-12', 'Perspiciatis dolorem magni sit amet dolores placeat. Cumque rerum corporis.\r\nNulla alias sit voluptatem natus sequi dolorem asperiores error. Quos et blanditiis. Nihil dignissimos eaque fugiat saepe.'),
(232, 15, '2007-08-14', NULL),
(172, 53, '1998-01-31', NULL),
(593, 75, '2014-03-01', 'Est provident eaque; dolorem eveniet dolor. Alias perspiciatis qui. Autem est non. Sint sed dolor! Temporibus sed dolorem. Ducimus quae aperiam.\r\nQui voluptatem aliquam; illum error voluptatibus;'),
(536, 16, '2010-06-30', NULL),
(429, 84, '1995-12-22', NULL),
(261, 21, '1995-12-22', NULL),
(233, 21, '2019-04-28', NULL),
(173, 1, '1999-04-06', 'Aut sunt suscipit. Enim et odio. Beatae non dolorem? Facere aliquid tempora. Sit est fugiat. Temporibus iusto repellat! Dolores esse velit. Possimus facilis repellendus. Aut vel ea...\r\nDolorem fuga.\r\n'),
(33, 87, '1990-01-24', 'Dicta corrupti praesentium architecto est. Vero illum enim obcaecati dolor!\r\nExplicabo ut dolor nemo vitae ut quis velit animi harum.'),
(594, 81, '2015-07-12', NULL),
(94, 12, '1990-02-11', NULL),
(537, 48, '1991-04-30', 'Reiciendis ipsa dolorum. Non natus quae.\r\nNesciunt unde repellat. Fuga deleniti autem? Praesentium sint provident! Totam excepturi ea; quidem facilis sint. Et laudantium error. Consequuntur blanditiis.\r\n'),
(234, 11, '1990-02-10', NULL),
(34, 16, '1990-01-02', NULL),
(369, 56, '2003-06-07', 'Autem quia nostrum ut in. Perspiciatis labore tempore. Cumque quisquam repellendus? Ad quia sed. Recusandae adipisci exercitationem. Obcaecati eos et? Error aliquam asperiores. Labore cupiditate sunt.'),
(430, 31, '2002-08-29', NULL),
(322, 81, '2017-12-10', 'Rerum voluptatem beatae. Sed quis fugit! Vel sed repudiandae. Iste animi sit. Sint itaque error. Eius aliquid perspiciatis.\r\nEst voluptatum magnam. Ea et nemo. Facilis corporis ea!\r\nDeserunt ratione vel.'),
(262, 29, '2014-12-07', 'Consequuntur ut suscipit aut velit aperiam officiis ipsum. Id et dicta! Non aut odio? Impedit vitae voluptatem. Et fugit voluptatem. Et natus sapiente. Voluptas sit neque.'),
(174, 36, '1990-01-05', NULL),
(323, 25, '1993-08-21', 'Minima perferendis dolorem non eveniet sit.\r\nDolor dolorum et at officia. At natus rerum non illo vel sint. Inventore rerum qui. Iste voluptatem ratione. Vero cum et.'),
(95, 27, '1992-03-12', NULL),
(35, 61, '1999-09-29', NULL),
(263, 59, '1993-06-26', 'Eligendi nostrum fuga. Necessitatibus repudiandae ipsam. Perferendis eius voluptas. Ut voluptatem unde. Ullam assumenda eaque.\r\nHic ad et; quia et doloribus.\r\nVoluptatem alias neque. Quae id error? Odit.'),
(595, 71, '2017-07-01', 'Sequi culpa minima. Est sit quaerat. Sit magni minima. Cumque recusandae omnis? Voluptatem cupiditate molestiae. Omnis et natus; animi sed aut; repellat non ut...\r\nHic excepturi dolores. Voluptatibus nisi.'),
(235, 73, '1991-04-27', NULL),
(96, 6, '2004-01-20', NULL),
(36, 84, '2006-02-01', NULL),
(370, 50, '2018-03-02', 'Fugit dicta eos; assumenda voluptas voluptatem. Suscipit veniam a; nemo quibusdam unde. Nostrum molestiae sed...\r\nIste reiciendis quo; vero quis dolores. Iusto et deleniti. Consectetur autem dolorum.\r\n'),
(97, 14, '1990-01-07', 'Recusandae natus ipsam. Aut odit corrupti. Quia dolorem quia! Sequi tempora doloremque. Sequi reiciendis iusto; nam porro harum. Eos natus ex! Voluptatem voluptate cumque? Molestias tempora aliquid.'),
(538, 4, '1998-06-05', NULL),
(431, 18, '2016-06-05', NULL),
(324, 29, '2001-05-31', NULL),
(37, 74, '1990-01-18', NULL),
(596, 36, '2016-02-28', NULL),
(371, 3, '2000-01-19', NULL),
(539, 57, '2017-10-28', NULL),
(98, 68, '1990-01-01', NULL),
(175, 30, '2008-09-26', 'Sed expedita ad. Velit enim qui. Dolores quo minima! Eos temporibus enim? Qui illo qui. Explicabo omnis voluptatem.\r\nSunt eum ad. Voluptatem quia distinctio. Ut autem eius. Facilis autem voluptatibus?'),
(236, 23, '1990-11-18', NULL),
(432, 53, '1992-10-17', NULL),
(264, 31, '2016-12-07', NULL),
(176, 96, '2009-11-22', NULL),
(597, 45, '2011-11-13', 'Dolore dolor et. Maxime quisquam enim. Omnis eum consectetur! Earum nesciunt eos? Animi autem repellendus. Sit quisquam aut. Accusamus minima omnis! Deserunt qui minima...\r\nIste ea consequuntur. Amet in.\r\n'),
(38, 51, '2007-09-06', NULL),
(237, 89, '1992-03-09', NULL),
(177, 86, '1990-02-09', NULL),
(99, 92, '1999-05-14', 'Iste aperiam quidem. Est et explicabo? Aperiam est fugiat. Eum quibusdam officia. Ab sint consequuntur! Quia nesciunt id. Fugit explicabo est. Illo est aut!\r\nQuia reprehenderit obcaecati. Perspiciatis;\r\n'),
(372, 87, '1990-01-10', NULL),
(433, 91, '1993-11-15', NULL),
(325, 100, '1991-05-14', NULL),
(540, 60, '1991-01-08', NULL),
(238, 35, '1991-06-04', 'Eaque in molestiae. Repudiandae provident magni; quo nisi sed. Dolorem unde assumenda? Repudiandae unde architecto! Officiis distinctio velit. Consequatur in nemo. Ut et natus. Nihil ea fuga. Omnis!\r\n'),
(178, 42, '2007-07-14', NULL),
(265, 60, '2010-01-18', NULL),
(598, 96, '1990-03-03', NULL),
(239, 37, '2004-01-14', NULL),
(541, 25, '2016-12-11', NULL),
(39, 40, '1996-12-23', 'Fugiat nobis at. Nesciunt quidem obcaecati.\r\nSaepe velit consectetur. Voluptas beatae minus; in tempore sed. Ducimus dolores voluptatum! Qui adipisci quos. Consequatur porro modi. Dignissimos error.\r\n'),
(326, 90, '2009-12-03', NULL),
(373, 96, '1999-02-10', 'Et laboriosam voluptatibus nobis porro sint quisquam; ut quod sunt. Quia esse omnis. Ipsum fugit impedit; et nesciunt sint. Vitae a praesentium! Architecto et qui.\r\n'),
(179, 87, '2015-03-19', NULL),
(434, 18, '1997-11-27', NULL),
(100, 76, '1990-02-16', 'Harum similique suscipit natus qui dolorem. Eum natus est cupiditate. Et dolorum modi quia repudiandae inventore! Ut incidunt dignissimos earum deleniti dolores corporis. Sit explicabo aut.'),
(240, 38, '1992-02-20', NULL),
(40, 80, '1990-04-03', 'Enim corrupti autem; aliquam exercitationem voluptas; sit pariatur deleniti.\r\nAssumenda iure nihil; dolorem distinctio excepturi. Dolores earum quod. Veritatis quaerat natus. Aut laboriosam incidunt.\r\n'),
(266, 56, '1995-01-17', 'Ducimus repellendus perspiciatis. Non vel nihil; perspiciatis explicabo eos. Natus commodi neque. Sit delectus culpa? Sit expedita laboriosam. Aut voluptatum aliquam. Quam repellat qui. Aspernatur ad.'),
(374, 57, '1999-08-07', NULL),
(180, 57, '2000-07-05', 'Quia et reiciendis; illo enim explicabo. Veniam corrupti rerum. Cupiditate saepe voluptatibus.\r\nDignissimos totam est. Adipisci dolor in? Autem corrupti debitis; quasi quia porro. Nisi error magni!'),
(241, 14, '1990-07-15', NULL),
(435, 56, '2005-08-02', 'Veniam illum asperiores. Voluptatem explicabo rerum? Aut et quo. Sed omnis culpa.\r\nAssumenda dolore omnis. Voluptatem magni velit! Vero sint iste. Est perspiciatis veritatis; quo quis quisquam.'),
(327, 8, '2008-05-01', NULL),
(181, 45, '1994-06-09', NULL),
(101, 38, '1994-01-10', NULL),
(267, 70, '1991-06-23', NULL),
(599, 55, '2014-02-17', NULL),
(375, 51, '1990-01-06', NULL),
(41, 4, '2009-11-25', 'Natus sed consequatur. Unde rem rerum. Dicta porro sint. Alias ut veniam! Id saepe vel. Ut soluta aut. Incidunt quasi exercitationem! Sed perferendis sequi; eos debitis maiores.'),
(328, 35, '1991-05-15', 'Ex autem perferendis placeat ut asperiores delectus. Omnis modi ut assumenda accusamus consectetur quia est adipisci libero. Necessitatibus exercitationem laborum.\r\nFugit iusto quasi. Ut accusantium;'),
(268, 28, '1994-07-15', NULL),
(102, 16, '2004-10-26', 'Optio et aut. Rerum enim nihil. Molestiae placeat explicabo? Ratione cum ut! Iste consectetur ut. Perspiciatis vel et. Repellendus mollitia ut; eos sunt consectetur. Vitae beatae aspernatur; unde.'),
(542, 24, '2009-05-31', NULL),
(329, 42, '2005-03-31', NULL),
(485, 28, '2012-12-29', 'Et excepturi saepe. Iste et cumque. Cumque magni sed! Ex perspiciatis vel. Dolores sunt quasi. Voluptatum doloribus sint! Recusandae sed ratione. Optio impedit eveniet!\r\nVoluptatem ex doloribus.'),
(436, 83, '1990-08-09', 'Nostrum ut error placeat natus voluptatem dignissimos fuga. Quia ut tempore? Sed qui accusantium.\r\nEarum eum unde. Repellat non ut! Rerum eum et. Quae at cupiditate! Dolores ut officiis.'),
(543, 81, '2011-03-29', 'Laudantium fugiat reiciendis. Non eos sunt? Repellat at reiciendis.\r\nArchitecto voluptas consectetur. Et nobis voluptatum. Provident sed qui! Expedita necessitatibus quisquam. Magni quia dolor.\r\n'),
(269, 35, '1994-11-22', 'Id natus ut. Ratione in ratione. Eius laboriosam tempora. Veritatis repellendus laudantium. Vitae fugit sit. Corrupti laudantium veritatis. Consectetur laudantium totam. Molestias debitis non!\r\n'),
(42, 93, '1990-02-26', NULL),
(330, 58, '2012-05-18', 'Sint omnis voluptas nihil quaerat nulla aut. Aliquam repellat consequuntur! Fugit sunt rem dolor provident nisi fugiat ea velit quia...'),
(103, 39, '1992-04-28', NULL),
(242, 91, '1998-02-11', 'Ullam voluptatem omnis; quam illo sed; voluptatem ut error. Totam laudantium est. Tempore voluptatem veritatis. Reprehenderit natus quos; fugiat porro facilis. Voluptatum tempore corrupti. Sunt sed.\r\n'),
(43, 21, '2018-04-10', 'Suscipit consectetur sit. Aperiam ullam voluptatem; omnis rem in. Ut fugit enim! Dignissimos quis consequatur. Ut eum qui. Unde esse labore! Tempora ratione qui. Eaque iusto dolorem; perspiciatis.\r\n'),
(104, 85, '2009-03-11', NULL),
(486, 36, '1995-05-03', NULL),
(376, 2, '2014-03-20', NULL),
(270, 96, '2001-10-27', NULL),
(544, 75, '1992-07-27', 'Nihil eaque neque. Inventore magni quos. Saepe animi similique. Voluptatem sit perspiciatis. Animi qui voluptatibus. Qui facere ratione. Omnis iure quis; et laborum et. Ea accusantium nihil! Et.\r\n'),
(182, 14, '1995-03-05', 'Fugit dolorum rem. Sequi aut ut. Exercitationem aspernatur porro. Omnis expedita vel. Dolorum aut quidem. Voluptatem sit est; qui et ut; vel tempore qui. Consectetur necessitatibus vero...\r\nAliquam natus.'),
(437, 48, '2016-03-12', 'Minima ad reiciendis. Quasi ipsa et qui aut praesentium ab. Eveniet ipsum libero. Accusantium ut fugiat. Expedita quia non.\r\nCorporis obcaecati unde. Sint dolor pariatur.'),
(487, 28, '2017-09-25', NULL),
(377, 64, '1990-01-07', 'Explicabo enim voluptatem. In voluptatem molestiae? Voluptas illum facere. Nihil qui optio? Ipsum magnam nisi. Fuga quisquam sit. Repellendus aut beatae! Earum quod omnis. Cum quisquam necessitatibus.'),
(331, 12, '2014-08-07', 'Molestiae nostrum voluptas. Rerum odit esse. Sit asperiores et! Delectus nihil eveniet; dolor maiores alias? Nisi dolorum id! Enim cupiditate deserunt. A ut amet; quaerat laborum fugit. Et labore hic.'),
(438, 87, '1990-03-22', NULL),
(122, 100, '2016-06-15', NULL),
(44, 74, '1994-11-03', NULL),
(545, 55, '1991-06-03', NULL),
(378, 58, '2016-12-27', 'Sed ipsa ducimus sint est pariatur cum sit omnis aut. Voluptatem architecto doloremque quasi sed eligendi fugit qui eius cumque.'),
(105, 29, '2005-12-01', NULL),
(439, 60, '1990-01-04', 'Omnis sed non. Exercitationem eveniet qui; ipsa eos id. Vitae nisi facilis. Mollitia voluptate modi. Voluptatem doloribus sed. Veniam amet nemo. Omnis sunt ab. Deserunt dolor temporibus. Sit.\r\n'),
(271, 70, '1991-09-23', 'Debitis nulla qui ab molestiae cum. Ea modi quisquam. Iste mollitia deserunt architecto totam necessitatibus omnis impedit suscipit? Eveniet iure iste magnam harum, praesentium et ipsa dolor tempore.'),
(45, 43, '2005-12-15', NULL),
(106, 62, '1990-01-10', 'Ea ipsa omnis veritatis, eaque id consequuntur perspiciatis voluptatem provident. Sit perspiciatis unde obcaecati dolorem corporis animi. Voluptas corporis eos enim sunt? Quibusdam officia dolore sed...'),
(332, 63, '2016-02-02', NULL),
(272, 86, '1990-03-30', NULL),
(183, 3, '2015-11-08', NULL),
(379, 51, '1990-03-16', NULL),
(440, 80, '1999-04-27', NULL),
(488, 39, '1990-01-16', NULL),
(333, 92, '1990-05-12', 'Illum voluptatem libero repellat aut quibusdam voluptatem rerum. Assumenda est fuga unde laudantium quis! Architecto asperiores ipsam.\r\nLaboriosam possimus assumenda. Possimus id iste. Delectus quia.'),
(123, 18, '1994-11-12', 'Expedita aut voluptatem sed explicabo; dolor dignissimos nihil. Unde sit voluptatibus. Expedita neque et? Dolores tenetur autem. Unde provident laboriosam; quasi aliquid et; recusandae vitae numquam.'),
(380, 41, '1994-04-13', NULL),
(184, 41, '2000-05-21', 'Laboriosam ut suscipit. Natus recusandae possimus. Quaerat fugiat doloremque! Voluptatem quia deleniti.\r\nOptio id et. Et expedita quasi! Laboriosam nulla minus. Maxime laudantium doloremque? Eos quasi.'),
(46, 16, '2013-04-15', 'Rem ipsum aspernatur qui laborum labore consequuntur voluptatum enim quo. Omnis error expedita. Cum placeat qui. Eius aliquid possimus; quaerat aut dignissimos. Qui sit et;'),
(124, 86, '2008-11-27', 'Autem sed eos enim et. Consequatur modi quae labore? Nesciunt qui earum velit non quod. Sed aut sit. Ab sed quia!\r\nId et quibusdam; sit repellendus voluptates.'),
(546, 42, '1998-08-11', 'Vitae expedita cum. Sed rerum error. Possimus nobis sint! Dolores enim et? Sit adipisci unde. Error eveniet laudantium! Qui rerum sed. Et exercitationem corrupti. Quae nesciunt deserunt.\r\nCulpa atque.'),
(441, 48, '1993-03-14', NULL),
(273, 79, '1991-07-22', NULL),
(185, 20, '1991-10-16', NULL),
(334, 32, '1993-06-25', NULL),
(107, 65, '2006-05-09', 'Sunt quia sed voluptates temporibus aut ex enim eum. Sapiente sint necessitatibus amet fugiat sit!\r\nPlaceat voluptatem ut totam eius perspiciatis nemo porro. Modi facere enim.'),
(47, 80, '2018-05-17', NULL),
(274, 34, '1990-01-02', 'Enim debitis rerum. Debitis omnis optio. Ipsam ut ipsum. Sunt quis atque! Debitis repellendus alias.\r\nNisi iusto vel. A sequi totam! Repudiandae et labore. Debitis et voluptatem!\r\nQuia sint sed. Sed!'),
(335, 55, '2010-09-26', NULL),
(275, 13, '1990-01-17', NULL),
(489, 15, '1991-04-17', NULL),
(336, 44, '1994-07-20', NULL),
(108, 55, '1999-07-07', 'Dolorum ducimus quis quod recusandae dolores non laborum tempora. Officia incidunt quia dolores. Molestiae pariatur impedit cum quia sunt nulla iste! Minima quod vitae. Sit error quo! Quis et aut.'),
(48, 80, '2009-10-27', NULL),
(381, 14, '1990-01-03', 'Eligendi voluptatem voluptate. Sit unde sit. Voluptatem sunt dolorum. Quis accusamus rerum! Odit perspiciatis ut. Animi in magni. Error et itaque. Natus illum voluptatem. Ab totam iste; qui sed.\r\n'),
(547, 24, '2009-08-13', NULL),
(125, 15, '1990-03-29', NULL),
(186, 19, '1990-01-02', NULL),
(276, 23, '1997-09-21', NULL),
(109, 91, '2000-12-05', 'Hic tempore id.\r\nMagni ratione expedita. Ratione dolorem impedit. Similique officiis magni! Laborum quia sapiente; possimus porro alias. Sit qui nihil. Assumenda neque quo. Adipisci voluptatibus.\r\n'),
(490, 72, '1996-05-27', 'Deleniti sed beatae. Cum magnam iste! Natus amet perferendis. Excepturi perferendis sed. Nemo ad autem. Sit aut illo. Eius omnis fugit. Repudiandae non aut! Et voluptatem consequatur.\r\nEnim vero et.\r\n'),
(49, 47, '1990-03-21', NULL),
(442, 80, '1991-04-25', NULL),
(382, 94, '2012-07-12', 'Sit natus doloremque. Recusandae nisi et. Libero est sed. Aut necessitatibus reprehenderit! Sed earum natus. Quis unde incidunt. Quae numquam ut.\r\nIncidunt eum consequatur. Ut commodi consequatur.\r\n'),
(337, 7, '2018-05-03', 'Est perspiciatis cupiditate. Quibusdam cupiditate natus. Sed est mollitia. Sed ut distinctio. Voluptatum neque voluptas! Omnis sint animi. Deserunt saepe asperiores! Libero quibusdam hic. Ullam porro ut?'),
(548, 96, '1991-08-03', NULL),
(443, 13, '1990-03-14', 'Sequi error dolorem. Non ex neque. Unde omnis id. Quia iste ut? Ducimus unde fugiat; earum suscipit quo. Rem et omnis! Odit laudantium molestiae. Quia iure aspernatur...'),
(110, 9, '1990-11-05', 'Velit sed amet. Alias aut vel. Voluptatem nobis nulla. Ullam sunt odit. Minima ut accusantium. Aperiam ex veritatis. Laborum accusantium placeat. Perspiciatis sed iusto. Nam non nihil.'),
(383, 18, '2005-05-12', NULL),
(126, 66, '1990-02-01', 'Eaque esse voluptatem. Quas omnis totam. Nihil quia omnis! Beatae fugit ut.\r\nPerspiciatis omnis impedit. Corrupti sequi sit. Natus vel voluptas. Error quos quaerat. Dolores est perferendis. Non unde.'),
(187, 56, '2019-09-13', 'Omnis est voluptatem delectus omnis nostrum accusamus dicta blanditiis architecto. Natus dolorum numquam animi ut, repellendus aut ea autem labore.'),
(127, 17, '1990-01-07', 'Nesciunt consequatur minima esse et iste aut. Autem amet maxime deserunt blanditiis enim sapiente vero. Ipsam eius eos; culpa delectus odit. Vitae sed adipisci. Et error iste...'),
(277, 96, '2016-02-12', 'Facere a placeat ratione deleniti id suscipit veniam. Dolorem quo quas eum quos error quibusdam? Sit tempora quas cum non.'),
(338, 63, '1991-06-13', 'Unde ipsa eum. Rerum asperiores odio!\r\nNesciunt autem eum. Voluptate sequi velit. Non voluptatem voluptatum! Est rerum est. Esse voluptate omnis; quasi quos unde; nobis molestias qui.'),
(188, 32, '1994-07-02', NULL),
(278, 52, '1990-03-30', NULL),
(339, 72, '1991-02-11', 'Est voluptatem neque. Iste aut distinctio! Non sint inventore; voluptatem harum error. Non ducimus similique...\r\nNostrum aperiam quam. Ad aspernatur ipsum. Dolores libero voluptatibus. Cumque omnis libero?'),
(128, 75, '2011-05-02', NULL),
(444, 72, '1990-02-20', 'Accusantium aut ut. Provident consectetur accusantium. Debitis consequuntur recusandae. Consectetur sit aut! Quo explicabo eum. Sint consequatur aut; nobis iste et. Sunt rerum officiis. Aut et quia...\r\n'),
(384, 74, '2009-06-27', NULL),
(279, 81, '1993-07-19', NULL),
(445, 30, '1991-09-06', 'Dolorem quae natus sit a ex est. Doloribus fugit totam reprehenderit porro? Laboriosam quo cupiditate et iste commodi sequi, facilis optio officia.'),
(385, 33, '1992-03-12', NULL),
(491, 57, '2015-09-10', NULL),
(446, 66, '1990-05-04', 'Ratione dolores harum.\r\nId neque vero. Vel in sit. Voluptates tempora sint. Ut quibusdam et? Necessitatibus et laborum...\r\nFacere sed dolores. Consectetur ut architecto; doloremque nemo impedit? Omnis.'),
(549, 30, '2013-09-22', NULL),
(340, 30, '1996-05-27', NULL),
(280, 66, '2015-10-03', NULL),
(50, 38, '1990-01-03', NULL),
(386, 81, '1990-02-02', NULL),
(492, 92, '1990-03-10', NULL),
(341, 74, '1990-02-14', NULL),
(550, 29, '2003-12-20', NULL),
(111, 46, '2004-01-26', NULL),
(189, 9, '1990-03-15', 'Non fugit laborum. Iusto nemo qui! Est iste dolores. Temporibus sed voluptate.\r\nCulpa voluptatem consectetur.\r\nQuam adipisci asperiores. Eligendi earum aspernatur. Fugit at totam. Aut incidunt aut. Id!'),
(447, 95, '2007-03-11', 'Deleniti facilis porro officia, sint illum vel perspiciatis rerum ut. Unde vel nam laudantium quas, officiis consectetur dolores quae ut.'),
(493, 22, '2016-04-25', NULL),
(551, 64, '2010-04-24', NULL),
(494, 77, '2013-01-11', NULL),
(387, 80, '1992-11-16', 'Sit et voluptatem. Aut quidem laudantium. In consequuntur et.\r\nSed eos voluptatem. Et quo animi. Animi error autem. Commodi et eveniet. Minima nemo atque. Quo dicta dignissimos; rem est sed.\r\nEst.'),
(129, 88, '2006-06-06', NULL),
(51, 46, '2003-12-03', 'Molestiae officiis vel. Amet dolor dolores; et velit eius? Non error aspernatur! Corrupti ipsam assumenda; quasi quidem impedit. Voluptatum eaque autem. Dolor omnis et!\r\nNumquam voluptatibus suscipit.\r\n'),
(448, 31, '1995-01-18', NULL),
(112, 34, '2011-02-01', NULL),
(190, 11, '2008-09-11', 'Ullam doloribus mollitia. Perferendis iure tempora. Quod id odit!\r\nEx in est. Unde est ut. Quidem et inventore! Sapiente ut ipsum. Quis nemo eius...\r\nPariatur sed voluptatum. Et recusandae voluptatem? Id.'),
(281, 74, '1994-04-27', NULL),
(52, 85, '1990-03-09', 'Autem cupiditate adipisci; et reprehenderit esse. Ut repellendus ea! Non a unde. Error consequatur praesentium. Molestiae corrupti consequatur. Harum fugiat commodi! Dolorem odit at...\r\nVitae sint.\r\n'),
(388, 3, '2016-01-20', NULL),
(552, 63, '2008-11-30', NULL),
(130, 79, '1991-12-11', NULL),
(191, 30, '2007-08-29', 'Ut aut vel qui maiores ut omnis tempora consectetur. Odit ipsum voluptate. Laudantium autem quo! Rerum sapiente voluptatem. Quos sit dolorum! Laborum labore aut. Consequatur culpa sapiente! Natus qui.'),
(113, 21, '1990-01-09', 'Ducimus hic repellat. Voluptas ut distinctio. Officia aut et. Laudantium ad accusamus. Magni sapiente sint. Molestiae aspernatur voluptatem; neque et sit.\r\nSaepe a sit; ratione corrupti consectetur.'),
(449, 67, '2000-11-22', 'Nostrum commodi optio. Placeat id repellendus. Quos rem sed! Reiciendis quia in. Saepe fugiat voluptatibus. Amet error iste. Ea doloremque voluptas. Soluta voluptatem officiis!\r\nId officiis et. Odio qui.'),
(389, 36, '1995-04-15', 'Deleniti ea dolorum. Eius accusantium corporis! Ea consequatur sit; molestiae aliquam autem? Suscipit pariatur ipsam. Error sint quidem...\r\nA autem eius. Minus autem voluptatem! Quibusdam dolore suscipit.'),
(450, 94, '1999-05-20', 'Sunt ad ut fuga enim nulla porro laborum autem. Et optio ut non. Delectus sed voluptas qui minus quae consequatur et nihil nisi! Nisi deserunt fugiat.'),
(53, 11, '2001-12-17', NULL),
(342, 12, '1990-01-19', 'Dolores aut unde maxime. Architecto blanditiis ut autem unde eius asperiores distinctio quia. At accusamus voluptas. Eius nesciunt quae. Libero provident autem! Neque molestias dolor.\r\n'),
(390, 70, '2007-03-19', NULL),
(495, 78, '1990-05-17', 'Repudiandae dolor dolores aspernatur minima ipsam, voluptates commodi nihil quia.'),
(451, 63, '2015-02-04', NULL),
(131, 53, '2002-10-12', NULL),
(114, 68, '2013-04-05', NULL),
(54, 37, '2014-06-05', NULL),
(115, 15, '2005-03-01', 'Tenetur illo minima. Repudiandae aut aspernatur. Illum a dolor. Incidunt repellendus molestias. Libero qui magni. Reprehenderit quis error.\r\nSint atque dolor; vitae qui beatae. Et reiciendis eos!'),
(282, 3, '1997-03-16', NULL),
(391, 23, '1990-01-02', 'Iste voluptatibus fugit. Nesciunt suscipit doloremque! Aut consequatur quod.\r\nQui quaerat inventore. Dolorem natus quaerat? Quam aspernatur non. Rem quia incidunt.\r\nQuas perspiciatis est. Ut voluptatem.'),
(343, 35, '1990-01-11', 'Iste natus ea omnis, dolores voluptatem sed esse aliquid dolorum. Aspernatur sit saepe. Iste repellendus neque. Et saepe atque. Excepturi reprehenderit in. Quia ex numquam.'),
(192, 36, '1990-01-03', NULL),
(132, 17, '1990-01-13', 'Ratione explicabo qui culpa ipsa praesentium nostrum nihil ipsum doloremque.'),
(452, 72, '1990-01-04', 'Velit nihil voluptatem. Nam deserunt aliquid! Repudiandae laboriosam est. Eum molestias illo!\r\nQuasi ut saepe. Corporis minima amet! Consequuntur quae qui. Eum inventore est; sequi accusantium ducimus.'),
(283, 63, '1996-06-27', NULL),
(344, 91, '1991-08-13', NULL),
(193, 9, '2016-11-24', 'Assumenda dolore amet. Nemo sed voluptatem? Rem inventore rerum.\r\nAt quae blanditiis. Unde quo repellendus! Nisi doloremque aperiam. Tempora repellendus pariatur. Nihil delectus quis. Nihil totam.\r\n'),
(55, 77, '1990-01-02', 'Rerum accusamus assumenda. Cum non voluptas. Quo rerum fugiat? Omnis sed voluptatem. Aut repellendus error. Fugit mollitia qui. Nostrum iste enim. Sint eos est.\r\nAspernatur repellat ut. Veritatis quia;\r\n'),
(133, 8, '2006-11-28', NULL),
(194, 18, '1990-12-17', NULL),
(116, 66, '2002-06-20', 'Ad omnis voluptatem. Nobis rerum architecto! Esse mollitia enim. Iste qui possimus; quaerat beatae culpa.\r\nImpedit consequuntur esse. Consequatur error dicta.\r\nAutem quaerat hic. Perspiciatis eos.'),
(284, 55, '1997-12-02', 'Id amet aut. At aut magnam? Veniam quisquam dolores. Molestiae ea non! Excepturi quae ducimus.\r\nCupiditate aperiam sit. Voluptatem harum non. Harum est asperiores. Eum omnis sit. Eum saepe et! Saepe.'),
(392, 77, '2014-04-23', NULL),
(134, 69, '2012-04-07', NULL),
(453, 62, '1990-03-18', NULL),
(553, 6, '1990-02-13', NULL),
(393, 70, '2009-08-27', 'Inventore quia in; quae adipisci autem. Aut iusto maxime. Rem ullam totam. Earum omnis et! Veritatis officia minima; odio officiis voluptatem. Inventore architecto odio; dicta voluptatibus accusantium.\r\n'),
(454, 70, '2003-08-13', 'Corrupti fugiat nobis. Quas aut maxime! Velit reiciendis ut. Vel ut obcaecati? Aut voluptatem quia; in aspernatur optio.\r\nRem incidunt veniam. Exercitationem corporis tenetur? Est velit incidunt.\r\n'),
(195, 28, '2000-11-26', NULL),
(394, 27, '1990-04-02', NULL),
(496, 87, '2008-12-31', NULL),
(135, 60, '1990-01-14', NULL),
(345, 88, '1998-03-02', NULL),
(56, 42, '2019-04-20', 'Quia voluptate voluptatem. Voluptatem a laborum.\r\nEum voluptate illo. Delectus harum perspiciatis! Praesentium veritatis odit.\r\nFacilis natus quibusdam. Ullam facilis sed. Recusandae assumenda et. Animi!'),
(196, 12, '2015-03-24', 'Quos labore autem. Beatae sunt porro! Facilis voluptates non. Rerum facilis maxime; deserunt similique dolorem. Odit voluptatem voluptatibus! Rerum et voluptas. Quibusdam sed mollitia!\r\nIpsum ea dicta;'),
(136, 12, '1991-03-30', NULL),
(554, 12, '2017-02-12', NULL),
(197, 30, '1990-02-13', 'Totam ut et. Quaerat tempore nam. Et qui dolores. Voluptatem iste a.\r\nArchitecto deserunt qui. Id dolorem delectus! Fugit sed natus. Consequatur recusandae est. Culpa magnam quia. Autem aut sit!\r\n'),
(137, 56, '2015-05-29', NULL),
(117, 31, '2000-10-23', NULL),
(57, 87, '1997-04-26', 'Quae architecto quisquam sed perspiciatis; accusantium sapiente iste? Ipsam dignissimos aut; qui ullam repellendus. Numquam quas et. Aut quas minus!\r\nSit numquam qui. Esse voluptatem fuga.'),
(285, 20, '2012-12-06', NULL),
(455, 29, '2017-06-12', 'Et molestias laboriosam. Sequi sit aperiam. Qui magni quibusdam. Exercitationem placeat perspiciatis. Velit sint et? Ratione id qui. Delectus iusto ducimus. Qui voluptas cupiditate. At ut minima.\r\n'),
(346, 42, '1991-10-04', 'Eveniet sit exercitationem. Optio maxime cumque. Cupiditate maxime perferendis. Ut distinctio omnis. Fuga est mollitia! Soluta dolor expedita. Tempora impedit magni. Aut corporis autem. Dicta assumenda!'),
(118, 77, '1998-07-08', 'Consequatur fugit laboriosam. Ut perspiciatis pariatur; incidunt eius quis. Porro perspiciatis quasi. Ut nisi quia! Consectetur tenetur reiciendis. Quasi sit dicta. Et odit dolor. Veritatis velit iure.'),
(395, 15, '2013-05-10', NULL),
(286, 99, '2016-02-25', NULL),
(198, 21, '1991-03-15', NULL),
(497, 9, '1993-12-18', 'Earum impedit aut ut molestiae provident voluptatem. Architecto harum porro! Et maxime voluptas. Omnis doloribus qui. Sit velit quia. A voluptatem laborum. Eum aut magnam.'),
(555, 32, '2008-10-08', NULL),
(456, 3, '1997-01-24', 'Illo fuga est; veritatis minus tempora. Iure sunt rerum; eius eaque harum.\r\nDeleniti sit quod. Laboriosam reiciendis est. Et repellat non. Expedita quia corporis. Error quae sed. Dolor libero.\r\n'),
(396, 28, '1990-10-26', 'Atque recusandae doloremque. Maiores sit omnis. Temporibus rerum ea. Quis veritatis atque! Aut sit fuga.\r\nNulla commodi in; ducimus necessitatibus dolores. Voluptatem omnis quis! Quia labore dolorum? At.'),
(138, 14, '1999-09-15', 'Perspiciatis est dolore error omnis, molestias earum beatae fugiat reiciendis. Ex magni labore explicabo fugit amet reprehenderit illo similique in. Quia quam dicta.'),
(199, 44, '1991-09-20', NULL),
(58, 10, '2007-02-28', NULL),
(119, 100, '2010-07-29', 'Iusto totam maxime nihil et voluptatum fuga.\r\nPerferendis natus et error tempore. Ut veniam commodi. Sed architecto amet saepe ducimus natus. Sint magnam sit. Aut sunt soluta!'),
(59, 67, '1990-04-08', 'Ut culpa et, deleniti nihil voluptate sunt ut quia est. Ipsam inventore quod.\r\nAliquid perspiciatis voluptatum. Nihil quidem numquam. Non omnis dolorem? Vitae sed consectetur.'),
(457, 19, '1998-09-27', NULL),
(498, 71, '2001-11-27', NULL),
(139, 71, '2011-12-15', NULL),
(347, 65, '2014-02-07', NULL),
(200, 17, '1991-07-03', NULL),
(556, 19, '2016-10-27', NULL),
(397, 74, '2019-10-01', NULL),
(499, 89, '1995-12-08', NULL),
(140, 9, '2017-07-25', 'Aut maxime ab quibusdam perspiciatis voluptatem exercitationem provident.\r\nEst sed necessitatibus. Et quo molestiae. Incidunt adipisci et? Inventore officiis error. Amet dolor aut. Illo error et!'),
(557, 70, '2010-07-23', 'Dolores obcaecati nihil.\r\nNemo aut nesciunt; laboriosam nisi ad? Iusto nesciunt ea. Labore aut et! Sit rerum eligendi. Nobis consectetur voluptatem; esse facilis ullam. Voluptatibus qui inventore;\r\n'),
(120, 34, '2016-08-04', 'Aut qui nobis. Omnis sapiente dicta? Dignissimos sed voluptatem; quae eum minus. Sed doloribus dolorem. Ratione sunt labore. Facere soluta veniam? Tempora perspiciatis aliquid. Eum ut et.'),
(201, 5, '2012-09-22', 'Rerum sit autem. Odio voluptatem libero doloribus veniam dolorem dolores vel consequatur neque. Perspiciatis fugit sit commodi possimus sit sint accusantium officiis. Aut doloremque vitae.'),
(60, 57, '2017-03-19', NULL),
(458, 13, '2008-10-13', NULL),
(121, 46, '1991-05-01', NULL),
(398, 26, '2017-10-05', NULL),
(61, 32, '2018-05-25', 'Excepturi atque et. Magnam minima earum! Quia est consequatur.\r\nLaboriosam cum hic. Dolor voluptas natus. Et illo voluptas; atque doloribus ut. Beatae odit ut! Fugit non quis? Assumenda eligendi.'),
(141, 88, '2011-04-10', NULL),
(287, 41, '2004-08-12', NULL),
(459, 20, '1995-08-08', 'Consequatur esse vero minus nobis. Libero dolores tempora eos et.\r\nUt nobis iste sed animi, ea ut perspiciatis fugit labore.'),
(1, 72, '2003-10-29', NULL),
(62, 22, '2004-07-22', NULL),
(500, 97, '2002-07-11', 'Voluptatum magni ut. Culpa sed quia.\r\nOdit itaque beatae. Rem qui amet! Minus temporibus consequatur.\r\nRerum neque cupiditate. Unde porro rerum? Nisi odit et. Aut est voluptatem.'),
(348, 96, '1992-04-01', NULL),
(288, 62, '1996-05-30', NULL),
(558, 93, '2002-04-10', NULL),
(349, 9, '2012-04-18', NULL),
(501, 8, '1990-01-01', NULL),
(202, 23, '2001-07-30', 'Fugit qui et quia enim harum qui sit ut officiis.'),
(559, 58, '2015-02-13', 'Unde consectetur mollitia. Sit qui fugiat! Architecto aperiam excepturi? Aliquam autem nemo! Quam incidunt mollitia. Consectetur praesentium quos. Modi totam itaque! Unde adipisci totam. Nam sequi!\r\n'),
(2, 89, '1990-09-09', 'Cum magni aut error, ex eos laboriosam sed similique nam. Nam rerum et labore et omnis et debitis odit adipisci...'),
(502, 96, '1993-10-21', NULL),
(63, 53, '2011-12-19', 'Voluptatem et placeat.\r\nPerspiciatis dicta ut; repellendus adipisci nostrum. Ducimus facilis expedita. Ipsum modi illum. Et ut cum! Qui unde eaque. Et expedita dolor? Eligendi explicabo quia.\r\nQuidem.'),
(142, 24, '2012-06-23', NULL),
(3, 46, '1990-04-28', NULL),
(203, 8, '2004-10-19', NULL),
(64, 63, '1991-05-13', NULL),
(399, 33, '1992-05-09', 'Neque impedit cum; et veniam et. Molestiae quis voluptatum.\r\nObcaecati amet qui.\r\nVelit ab dignissimos. Hic nihil autem. Doloremque vero necessitatibus. Sit non consectetur. Iste non perspiciatis? Eum.'),
(460, 39, '1990-01-06', 'Nostrum corporis dolor facilis rerum dolore culpa. In laudantium exercitationem dicta. Excepturi laudantium consequuntur? Minus vel voluptas.\r\nIpsa nisi ut. Eum suscipit quaerat! Quam in et.'),
(400, 29, '1990-03-15', 'Illum autem non. In reprehenderit quia. Quia voluptatem ex. Qui similique doloribus. Sed facilis rerum! Velit perspiciatis sed. Fugiat iste sequi.\r\nUllam veniam non. Illum velit quidem. Dolor veritatis!'),
(560, 27, '1990-01-06', 'Neque laboriosam qui. Molestiae voluptatum qui! Dolore minus alias. Reprehenderit sapiente esse. Corporis aperiam veniam? Impedit laborum sed.\r\nId rem veniam. Ut praesentium enim? Velit quia facere.\r\n'),
(289, 85, '2003-10-01', NULL),
(461, 64, '1990-01-09', NULL),
(503, 66, '1996-02-12', NULL),
(143, 93, '2012-09-27', NULL),
(561, 34, '2000-06-01', NULL),
(401, 11, '2015-07-06', 'Laboriosam cumque sed aut quia soluta illo quas. Amet praesentium minus!\r\nTenetur in adipisci dolores; minus hic ipsum voluptatem soluta debitis. Aperiam error sit quia fugiat voluptatem amet!'),
(4, 21, '1990-01-10', NULL),
(350, 74, '1996-03-18', NULL),
(504, 53, '2001-04-25', NULL),
(65, 41, '2002-10-31', NULL),
(5, 14, '1990-03-10', NULL),
(290, 9, '1994-10-21', 'Quia deleniti dicta. Modi dolor unde; debitis atque et. Error aut voluptas? Placeat harum in! Repellendus voluptate qui. Quis vel velit.\r\nOfficia nisi dicta; accusantium odio temporibus. Aspernatur!'),
(351, 67, '2015-06-12', NULL),
(562, 22, '1990-01-09', NULL),
(291, 74, '2010-08-17', NULL),
(66, 37, '2005-09-16', 'Deserunt quas error. Ut doloremque ipsa. Ipsam obcaecati at. Ut inventore quod.\r\nIn nihil aut. Est modi nulla! Aperiam accusamus qui. Ea doloribus dolor.\r\nAmet eos ullam. Modi ipsa eveniet! Voluptas.'),
(462, 56, '1997-01-01', 'A assumenda nihil. Numquam sint adipisci. Perspiciatis temporibus et? Doloribus nemo vel. Autem in soluta? Aliquid et alias. Quo delectus quaerat. Mollitia modi error!\r\nVoluptas distinctio alias.\r\n'),
(505, 83, '2017-01-15', 'Modi nam earum; voluptatem iste rerum. Nulla temporibus libero; impedit quasi nobis. Ipsam doloribus debitis; laboriosam ea dolores. Minima magni harum. Culpa earum facilis! Iste aliquid quasi. Ut.\r\n'),
(352, 51, '2008-11-15', 'Quis temporibus excepturi aliquid. Voluptatem porro voluptas. Unde vero culpa reiciendis sunt eos sit sint eveniet.\r\nPerspiciatis rerum sequi; delectus unde officiis. Iure ab quos.'),
(292, 13, '1998-04-30', NULL),
(402, 37, '2006-09-21', 'Quo et dicta et aut qui. Error voluptatem quos asperiores perspiciatis magni amet deleniti.\r\nBlanditiis voluptatem ut. Rerum error soluta. Sapiente iste temporibus. Dolor et pariatur.'),
(463, 20, '2006-03-30', NULL),
(204, 33, '2003-10-27', NULL),
(403, 2, '2004-02-18', 'Nihil non laudantium. Error aperiam possimus. Nisi porro aut. Nemo magni ut. Commodi ullam praesentium. Sed est sit. Sunt unde quos. Neque necessitatibus voluptatum. Recusandae sed magnam; itaque aut.'),
(6, 95, '1991-07-05', 'Sequi autem veniam aut distinctio voluptatem ab qui placeat. Eius sed et non ullam et dicta? Minima excepturi non quidem modi. Sint ex sit. Quae quaerat quos!'),
(144, 78, '2018-02-17', NULL),
(563, 98, '2001-01-31', NULL),
(353, 7, '2014-05-24', NULL),
(506, 65, '2016-01-03', 'Sed fuga doloremque. Id aspernatur repellat. Voluptates quo harum. Et non incidunt; laboriosam dolores dolorem. Sint eaque aliquam. Numquam unde ipsa.\r\nVelit quasi aut. Itaque ut iste. Consequatur in!\r\n'),
(293, 29, '1990-01-24', NULL),
(354, 59, '1990-01-24', NULL),
(294, 9, '1990-02-07', NULL),
(564, 7, '2009-09-16', NULL),
(507, 40, '1992-10-18', NULL),
(355, 48, '2010-01-29', NULL),
(205, 82, '1990-01-10', 'Omnis vel eum nihil facilis et dicta sit cumque quis. Blanditiis sed ipsum. Qui id omnis.\r\nNostrum quidem rerum. Asperiores non ut. Minus sit enim!'),
(565, 47, '1999-04-15', 'Nam perspiciatis non; iste minus ut. Perspiciatis minima autem. Velit distinctio et. Natus sit mollitia. Iure rerum officiis! Excepturi quisquam aut.\r\nSapiente et fugiat. Ipsa dolor eum. Nisi magni.'),
(145, 36, '1990-01-09', NULL),
(464, 49, '1991-04-19', NULL),
(206, 60, '1990-01-12', 'Quo voluptas rem quis rerum in et cupiditate nesciunt. Nulla recusandae veritatis. Ab non maiores quibusdam veritatis, reprehenderit unde quia odit nulla!'),
(146, 64, '2004-05-17', NULL),
(207, 96, '1997-08-28', NULL),
(404, 98, '1990-01-09', 'Nostrum provident sunt. Sit id eligendi!\r\nIn quibusdam et. Sed ipsum optio! Enim quidem natus. Quae qui unde; voluptatem iste laboriosam. Ut consequuntur quos. Aut sunt natus.'),
(465, 23, '1995-02-15', 'Ex omnis quo quis non et. Ut officiis neque? Qui nostrum dolorem. Aut dolorem error! Placeat quo officia. Sapiente in et! Sed aperiam mollitia. Ut quia sit.'),
(405, 20, '2014-12-05', 'Perspiciatis error consequatur. Unde dolorem ut; sed doloribus quasi. Corporis omnis sapiente. Sit aut dolores. Rerum at sed. Adipisci iste ea; quia temporibus natus. Obcaecati ut debitis.\r\nLabore.\r\n'),
(466, 78, '1990-01-04', 'Eos est sit. Esse vero rem. Iure fuga aut. Veniam deleniti dolore? Temporibus natus voluptas. Placeat enim sit.\r\nOmnis perspiciatis unde. Cumque enim ut. Numquam natus amet! Sequi et incidunt.'),
(406, 64, '1990-06-18', NULL),
(295, 78, '1990-04-07', NULL),
(356, 74, '2019-01-07', 'Autem ut sunt.\r\nDolorem sit omnis. Ut id perspiciatis. Incidunt sed et; veritatis maiores et. Iste in enim. Repellendus distinctio ullam. Error natus eaque.\r\nUnde iste quo. Quia corrupti ex.'),
(508, 33, '2009-08-25', NULL),
(296, 12, '2008-12-15', NULL),
(357, 87, '2012-01-23', NULL),
(297, 68, '2004-11-20', NULL),
(566, 21, '2004-09-09', NULL),
(467, 95, '1992-08-08', NULL),
(358, 55, '1991-09-26', NULL),
(407, 25, '1990-02-26', NULL),
(509, 79, '2015-03-18', NULL),
(567, 98, '2003-05-12', NULL),
(510, 1, '2015-09-24', NULL),
(468, 67, '2011-08-15', NULL),
(568, 72, '2003-09-27', NULL),
(511, 96, '1992-08-25', NULL),
(569, 5, '1999-04-24', NULL),
(512, 95, '2005-12-04', NULL),
(570, 72, '1990-01-07', NULL),
(513, 69, '2019-05-19', NULL),
(571, 24, '2002-01-12', NULL),
(514, 99, '1990-04-23', NULL),
(572, 46, '2009-03-01', NULL),
(515, 24, '1990-03-13', NULL),
(573, 82, '1990-06-02', NULL);